"ano","ficha","contaUnicaTesouro","codigoCTB","codigoOrgao","codigoMunicipio","codigoGrupoFonteRecurso","nomeGrupoFonteRecurso","codigoFonteRecurso","nomeFonteRecurso","codigoSubFonteRecurso","nomeSubFonteRecurso","codigoFonteRecursoFormatado","caFixo","nomeCaFixo","caVariavel","nomeVariavel","codigoAplicacaoFormatado","idEntidade","codigoBanco","nomeBanco","codigoAgencia","digitoAgencia","codigoContaBancaria","digitoContaBancaria","nomeContaBancaria","data","natureza","naturezaContaFinanceira","sequencial","numeroReceita","numeroAutPagto","idAutorizacao","numeroTransFin","numAnulacaoReceita","historico","tipoMovimento","valor","idContaFinanceira","saldoInicial","saldoParcial","saldoAplicadoAnterior","saldoAplicadoPeriodo","valorEntradasReceita","valorRentabilidade","valorSaidaPagamento","valorEntradaTransferencia","valorSaidaTransferencia","valorSaidaReceitaDedutora","valorCreditoRegularizar","valorDebitoRegularizar","valorAplicado","valorResgate","valorRentabilidadeAnulado","valorChequeTransito","autorizacaoPagamento","parcelasAutPagamento","rentabilidades.ano","rentabilidades.ficha","rentabilidades.codigoGrupoFonteRecurso","rentabilidades.nomeGrupoFonteRecurso","rentabilidades.codigoFonteRecurso","rentabilidades.nomeFonteRecurso","rentabilidades.codigoSubFonteRecurso","rentabilidades.nomeSubFonteRecurso","rentabilidades.caFixo","rentabilidades.nomeCaFixo","rentabilidades.caVariavel","rentabilidades.nomeVariavel","rentabilidades.codigoAplicacaoFormatado","rentabilidades.idEntidade","rentabilidades.codigoBanco","rentabilidades.nomeBanco","rentabilidades.codigoAgencia","rentabilidades.digitoAgencia","rentabilidades.codigoContaBancaria","rentabilidades.digitoContaBancaria","rentabilidades.nomeContaBancaria","rentabilidades.data","rentabilidades.natureza","rentabilidades.sequencial","rentabilidades.numeroReceita","rentabilidades.numeroAutPagto","rentabilidades.numeroTransFin","rentabilidades.historico","rentabilidades.tipoMovimento","rentabilidades.valor"
"2026","1210","","1210","","","","","1","Tesouro","","","","110","GERAL","0","","","1","1","Banco do Brasil S.A.","2763","4","0000030006","3","BCO BRASIL - CONTA MOVIMENTO","02/01/2026 00:00:00","DEBITO_CONTA_CORRENTE","CONTA_BANCARIA","1","","","","","762","ANULACAO CONTAB. AUTOMÁTICA - RECEB. DA GUIA ORÇAMENTÁRIA: 3","SAIDA","177.88","1407","147474.28","147296.4","87627.75","","3595443.34","5336.11","2243042.88","36576.66","318469.79","556301.83","312487.67","842225.48","","","0","0","","","2026","1210","","","1","Tesouro","","","111","REMUNERAÇÃO DE APLICAÇÕES FINANCEIRAS","0","","111.0000","1","1","Banco do Brasil S.A.","2763","4","0000030006","3","BCO BRASIL - CONTA MOVIMENTO","30/01/2026 00:00:00","RENTABILIDADE","1","160","","","Rendimentos","ENTRADA","5336.11"
"2026","1210","","1210","","","","","1","Tesouro","","","","110","GERAL","0","","","1","1","Banco do Brasil S.A.","2763","4","0000030006","3","BCO BRASIL - CONTA MOVIMENTO","02/01/2026 00:00:00","DEBITO_CONTA_CORRENTE","CONTA_BANCARIA","1","10","","","","","LANÇAMENTO DE GUIA DE TRANSFERÊNCIAS GOVERNAMENTAIS","SAIDA","48173.47","1407","147474.28","99122.93","87627.75","","3595443.34","5336.11","2243042.88","36576.66","318469.79","556301.83","312487.67","842225.48","","","0","0","","","2026","1210","","","1","Tesouro","","","111","REMUNERAÇÃO DE APLICAÇÕES FINANCEIRAS","0","","111.0000","1","1","Banco do Brasil S.A.","2763","4","0000030006","3","BCO BRASIL - CONTA MOVIMENTO","30/01/2026 00:00:00","RENTABILIDADE","1","160","","","Rendimentos","ENTRADA","5336.11"
"2026","1210","","1210","","","","","1","Tesouro","","","","110","GERAL","0","","","1","1","Banco do Brasil S.A.","2763","4","0000030006","3","BCO BRASIL - CONTA MOVIMENTO","02/01/2026 00:00:00","CREDITO_CONTA_CORRENTE","CONTA_BANCARIA","1","3","","","","","CONTAB. AUTOMÁTICA - RECEB. DA GUIA ORÇAMENTÁRIA: 3","ENTRADA","201.18","1407","147474.28","99324.11","87627.75","","3595443.34","5336.11","2243042.88","36576.66","318469.79","556301.83","312487.67","842225.48","","","0","0","","","2026","1210","","","1","Tesouro","","","111","REMUNERAÇÃO DE APLICAÇÕES FINANCEIRAS","0","","111.0000","1","1","Banco do Brasil S.A.","2763","4","0000030006","3","BCO BRASIL - CONTA MOVIMENTO","30/01/2026 00:00:00","RENTABILIDADE","1","160","","","Rendimentos","ENTRADA","5336.11"
"2026","1210","","1210","","","","","1","Tesouro","","","","110","GERAL","0","","","1","1","Banco do Brasil S.A.","2763","4","0000030006","3","BCO BRASIL - CONTA MOVIMENTO","02/01/2026 00:00:00","DEBITO_CONTA_CORRENTE","CONTA_BANCARIA","1","","","","","762","ANULACAO CONTAB. AUTOMÁTICA - RECEB. DA GUIA ORÇAMENTÁRIA: 3","SAIDA","3.94","1407","147474.28","99320.17","87627.75","","3595443.34","5336.11","2243042.88","36576.66","318469.79","556301.83","312487.67","842225.48","","","0","0","","","2026","1210","","","1","Tesouro","","","111","REMUNERAÇÃO DE APLICAÇÕES FINANCEIRAS","0","","111.0000","1","1","Banco do Brasil S.A.","2763","4","0000030006","3","BCO BRASIL - CONTA MOVIMENTO","30/01/2026 00:00:00","RENTABILIDADE","1","160","","","Rendimentos","ENTRADA","5336.11"
"2026","1210","","1210","","","","","1","Tesouro","","","","110","GERAL","0","","","1","1","Banco do Brasil S.A.","2763","4","0000030006","3","BCO BRASIL - CONTA MOVIMENTO","02/01/2026 00:00:00","DEBITO_CONTA_CORRENTE","CONTA_BANCARIA","1","","","","","762","ANULACAO CONTAB. AUTOMÁTICA - RECEB. DA GUIA ORÇAMENTÁRIA: 3","SAIDA","0.42","1407","147474.28","99319.75","87627.75","","3595443.34","5336.11","2243042.88","36576.66","318469.79","556301.83","312487.67","842225.48","","","0","0","","","2026","1210","","","1","Tesouro","","","111","REMUNERAÇÃO DE APLICAÇÕES FINANCEIRAS","0","","111.0000","1","1","Banco do Brasil S.A.","2763","4","0000030006","3","BCO BRASIL - CONTA MOVIMENTO","30/01/2026 00:00:00","RENTABILIDADE","1","160","","","Rendimentos","ENTRADA","5336.11"
"2026","1210","","1210","","","","","1","Tesouro","","","","110","GERAL","0","","","1","1","Banco do Brasil S.A.","2763","4","0000030006","3","BCO BRASIL - CONTA MOVIMENTO","02/01/2026 00:00:00","DEBITO_CONTA_CORRENTE","CONTA_BANCARIA","1","","","","","762","ANULACAO CONTAB. AUTOMÁTICA - RECEB. DA GUIA ORÇAMENTÁRIA: 3","SAIDA","18.94","1407","147474.28","99300.81","87627.75","","3595443.34","5336.11","2243042.88","36576.66","318469.79","556301.83","312487.67","842225.48","","","0","0","","","2026","1210","","","1","Tesouro","","","111","REMUNERAÇÃO DE APLICAÇÕES FINANCEIRAS","0","","111.0000","1","1","Banco do Brasil S.A.","2763","4","0000030006","3","BCO BRASIL - CONTA MOVIMENTO","30/01/2026 00:00:00","RENTABILIDADE","1","160","","","Rendimentos","ENTRADA","5336.11"
"2026","1210","","1210","","","","","1","Tesouro","","","","110","GERAL","0","","","1","1","Banco do Brasil S.A.","2763","4","0000030006","3","BCO BRASIL - CONTA MOVIMENTO","02/01/2026 00:00:00","DEBITO_CONTA_CORRENTE","CONTA_BANCARIA","2","11","","","","","LANÇAMENTO DE GUIA DE TRANSFERÊNCIAS GOVERNAMENTAIS","SAIDA","1177.4","1407","147474.28","98123.41","87627.75","","3595443.34","5336.11","2243042.88","36576.66","318469.79","556301.83","312487.67","842225.48","","","0","0","","","2026","1210","","","1","Tesouro","","","111","REMUNERAÇÃO DE APLICAÇÕES FINANCEIRAS","0","","111.0000","1","1","Banco do Brasil S.A.","2763","4","0000030006","3","BCO BRASIL - CONTA MOVIMENTO","30/01/2026 00:00:00","RENTABILIDADE","1","160","","","Rendimentos","ENTRADA","5336.11"
"2026","1210","","1210","","","","","1","Tesouro","","","","110","GERAL","0","","","1","1","Banco do Brasil S.A.","2763","4","0000030006","3","BCO BRASIL - CONTA MOVIMENTO","02/01/2026 00:00:00","CREDITO_CONTA_CORRENTE","CONTA_BANCARIA","2","10","","","","","LANÇAMENTO DE GUIA DE TRANSFERÊNCIAS GOVERNAMENTAIS","ENTRADA","240867.38","1407","147474.28","338990.79","87627.75","","3595443.34","5336.11","2243042.88","36576.66","318469.79","556301.83","312487.67","842225.48","","","0","0","","","2026","1210","","","1","Tesouro","","","111","REMUNERAÇÃO DE APLICAÇÕES FINANCEIRAS","0","","111.0000","1","1","Banco do Brasil S.A.","2763","4","0000030006","3","BCO BRASIL - CONTA MOVIMENTO","30/01/2026 00:00:00","RENTABILIDADE","1","160","","","Rendimentos","ENTRADA","5336.11"
"2026","1210","","1210","","","","","1","Tesouro","","","","110","GERAL","0","","","1","1","Banco do Brasil S.A.","2763","4","0000030006","3","BCO BRASIL - CONTA MOVIMENTO","02/01/2026 00:00:00","CREDITO_CONTA_CORRENTE","CONTA_BANCARIA","2","737","","","","","CONTAB. AUTOMÁTICA - RECEB. DA GUIA ORÇAMENTÁRIA: 737","ENTRADA","201.18","1407","147474.28","339191.97","87627.75","","3595443.34","5336.11","2243042.88","36576.66","318469.79","556301.83","312487.67","842225.48","","","0","0","","","2026","1210","","","1","Tesouro","","","111","REMUNERAÇÃO DE APLICAÇÕES FINANCEIRAS","0","","111.0000","1","1","Banco do Brasil S.A.","2763","4","0000030006","3","BCO BRASIL - CONTA MOVIMENTO","30/01/2026 00:00:00","RENTABILIDADE","1","160","","","Rendimentos","ENTRADA","5336.11"
"2026","1210","","1210","","","","","1","Tesouro","","","","110","GERAL","0","","","1","1","Banco do Brasil S.A.","2763","4","0000030006","3","BCO BRASIL - CONTA MOVIMENTO","02/01/2026 00:00:00","DEBITO_CONTA_CORRENTE","CONTA_BANCARIA","3","","","","","2","Estorno de receita","SAIDA","0.01","1407","147474.28","339191.96","87627.75","","3595443.34","5336.11","2243042.88","36576.66","318469.79","556301.83","312487.67","842225.48","","","0","0","","","2026","1210","","","1","Tesouro","","","111","REMUNERAÇÃO DE APLICAÇÕES FINANCEIRAS","0","","111.0000","1","1","Banco do Brasil S.A.","2763","4","0000030006","3","BCO BRASIL - CONTA MOVIMENTO","30/01/2026 00:00:00","RENTABILIDADE","1","160","","","Rendimentos","ENTRADA","5336.11"
"2026","1210","","1210","","","","","1","Tesouro","","","","110","GERAL","0","","","1","1","Banco do Brasil S.A.","2763","4","0000030006","3","BCO BRASIL - CONTA MOVIMENTO","02/01/2026 00:00:00","CREDITO_CONTA_CORRENTE","CONTA_BANCARIA","3","11","","","","","LANÇAMENTO DE GUIA DE TRANSFERÊNCIAS GOVERNAMENTAIS","ENTRADA","5887.01","1407","147474.28","345078.97","87627.75","","3595443.34","5336.11","2243042.88","36576.66","318469.79","556301.83","312487.67","842225.48","","","0","0","","","2026","1210","","","1","Tesouro","","","111","REMUNERAÇÃO DE APLICAÇÕES FINANCEIRAS","0","","111.0000","1","1","Banco do Brasil S.A.","2763","4","0000030006","3","BCO BRASIL - CONTA MOVIMENTO","30/01/2026 00:00:00","RENTABILIDADE","1","160","","","Rendimentos","ENTRADA","5336.11"
"2026","1210","","1210","","","","","1","Tesouro","","","","110","GERAL","0","","","1","1","Banco do Brasil S.A.","2763","4","0000030006","3","BCO BRASIL - CONTA MOVIMENTO","02/01/2026 00:00:00","CREDITO_CONTA_CORRENTE","CONTA_BANCARIA","4","431","","","","","LANÇAMENTO DE RECEITA","ENTRADA","0.01","1407","147474.28","345078.98","87627.75","","3595443.34","5336.11","2243042.88","36576.66","318469.79","556301.83","312487.67","842225.48","","","0","0","","","2026","1210","","","1","Tesouro","","","111","REMUNERAÇÃO DE APLICAÇÕES FINANCEIRAS","0","","111.0000","1","1","Banco do Brasil S.A.","2763","4","0000030006","3","BCO BRASIL - CONTA MOVIMENTO","30/01/2026 00:00:00","RENTABILIDADE","1","160","","","Rendimentos","ENTRADA","5336.11"
"2026","1210","","1210","","","","","1","Tesouro","","","","110","GERAL","0","","","1","1","Banco do Brasil S.A.","2763","4","0000030006","3","BCO BRASIL - CONTA MOVIMENTO","05/01/2026 00:00:00","DEBITO_CONTA_CORRENTE","CONTA_BANCARIA","1","","59","16592","","","NE 15312/2025","SAIDA","15065.84","1407","147474.28","330013.14","87627.75","","3595443.34","5336.11","2243042.88","36576.66","318469.79","556301.83","312487.67","842225.48","","","0","0","AutorizacaoPagamento{exercicioContabil=2026, numero=59, Juridicionado=01 - PREFEITURA MUNICIPAL DE VARGEM GRANDE DO SUL}","","2026","1210","","","1","Tesouro","","","111","REMUNERAÇÃO DE APLICAÇÕES FINANCEIRAS","0","","111.0000","1","1","Banco do Brasil S.A.","2763","4","0000030006","3","BCO BRASIL - CONTA MOVIMENTO","30/01/2026 00:00:00","RENTABILIDADE","1","160","","","Rendimentos","ENTRADA","5336.11"
"2026","1210","","1210","","","","","1","Tesouro","","","","110","GERAL","0","","","1","1","Banco do Brasil S.A.","2763","4","0000030006","3","BCO BRASIL - CONTA MOVIMENTO","05/01/2026 00:00:00","DEBITO_CONTA_CORRENTE","CONTA_BANCARIA","1","","","","","761","ANULACAO CONTAB. AUTOMÁTICA - RECEB. DA GUIA ORÇAMENTÁRIA: 326","SAIDA","261.12","1407","147474.28","329752.02","87627.75","","3595443.34","5336.11","2243042.88","36576.66","318469.79","556301.83","312487.67","842225.48","","","0","0","","","2026","1210","","","1","Tesouro","","","111","REMUNERAÇÃO DE APLICAÇÕES FINANCEIRAS","0","","111.0000","1","1","Banco do Brasil S.A.","2763","4","0000030006","3","BCO BRASIL - CONTA MOVIMENTO","30/01/2026 00:00:00","RENTABILIDADE","1","160","","","Rendimentos","ENTRADA","5336.11"
"2026","1210","","1210","","","","","1","Tesouro","","","","110","GERAL","0","","","1","1","Banco do Brasil S.A.","2763","4","0000030006","3","BCO BRASIL - CONTA MOVIMENTO","05/01/2026 00:00:00","DEBITO_CONTA_CORRENTE","CONTA_BANCARIA","1","","","","","761","ANULACAO CONTAB. AUTOMÁTICA - RECEB. DA GUIA ORÇAMENTÁRIA: 326","SAIDA","79.3","1407","147474.28","329672.72","87627.75","","3595443.34","5336.11","2243042.88","36576.66","318469.79","556301.83","312487.67","842225.48","","","0","0","","","2026","1210","","","1","Tesouro","","","111","REMUNERAÇÃO DE APLICAÇÕES FINANCEIRAS","0","","111.0000","1","1","Banco do Brasil S.A.","2763","4","0000030006","3","BCO BRASIL - CONTA MOVIMENTO","30/01/2026 00:00:00","RENTABILIDADE","1","160","","","Rendimentos","ENTRADA","5336.11"
"2026","1210","","1210","","","","","1","Tesouro","","","","110","GERAL","0","","","1","1","Banco do Brasil S.A.","2763","4","0000030006","3","BCO BRASIL - CONTA MOVIMENTO","05/01/2026 00:00:00","DEBITO_CONTA_CORRENTE","CONTA_BANCARIA","1","","","","","761","ANULACAO CONTAB. AUTOMÁTICA - RECEB. DA GUIA ORÇAMENTÁRIA: 326","SAIDA","450.12","1407","147474.28","329222.6","87627.75","","3595443.34","5336.11","2243042.88","36576.66","318469.79","556301.83","312487.67","842225.48","","","0","0","","","2026","1210","","","1","Tesouro","","","111","REMUNERAÇÃO DE APLICAÇÕES FINANCEIRAS","0","","111.0000","1","1","Banco do Brasil S.A.","2763","4","0000030006","3","BCO BRASIL - CONTA MOVIMENTO","30/01/2026 00:00:00","RENTABILIDADE","1","160","","","Rendimentos","ENTRADA","5336.11"
"2026","1210","","1210","","","","","1","Tesouro","","","","110","GERAL","0","","","1","1","Banco do Brasil S.A.","2763","4","0000030006","3","BCO BRASIL - CONTA MOVIMENTO","05/01/2026 00:00:00","DEBITO_CONTA_CORRENTE","CONTA_BANCARIA","1","","","","","761","ANULACAO CONTAB. AUTOMÁTICA - RECEB. DA GUIA ORÇAMENTÁRIA: 326","SAIDA","102.61","1407","147474.28","329119.99","87627.75","","3595443.34","5336.11","2243042.88","36576.66","318469.79","556301.83","312487.67","842225.48","","","0","0","","","2026","1210","","","1","Tesouro","","","111","REMUNERAÇÃO DE APLICAÇÕES FINANCEIRAS","0","","111.0000","1","1","Banco do Brasil S.A.","2763","4","0000030006","3","BCO BRASIL - CONTA MOVIMENTO","30/01/2026 00:00:00","RENTABILIDADE","1","160","","","Rendimentos","ENTRADA","5336.11"
"2026","1210","","1210","","","","","1","Tesouro","","","","110","GERAL","0","","","1","1","Banco do Brasil S.A.","2763","4","0000030006","3","BCO BRASIL - CONTA MOVIMENTO","05/01/2026 00:00:00","DEBITO_CONTA_CORRENTE","CONTA_BANCARIA","1","","","","","761","ANULACAO CONTAB. AUTOMÁTICA - RECEB. DA GUIA ORÇAMENTÁRIA: 326","SAIDA","140.87","1407","147474.28","328979.12","87627.75","","3595443.34","5336.11","2243042.88","36576.66","318469.79","556301.83","312487.67","842225.48","","","0","0","","","2026","1210","","","1","Tesouro","","","111","REMUNERAÇÃO DE APLICAÇÕES FINANCEIRAS","0","","111.0000","1","1","Banco do Brasil S.A.","2763","4","0000030006","3","BCO BRASIL - CONTA MOVIMENTO","30/01/2026 00:00:00","RENTABILIDADE","1","160","","","Rendimentos","ENTRADA","5336.11"
"2026","1210","","1210","","","","","1","Tesouro","","","","110","GERAL","0","","","1","1","Banco do Brasil S.A.","2763","4","0000030006","3","BCO BRASIL - CONTA MOVIMENTO","05/01/2026 00:00:00","DEBITO_CONTA_CORRENTE","CONTA_BANCARIA","1","","","","","761","ANULACAO CONTAB. AUTOMÁTICA - RECEB. DA GUIA ORÇAMENTÁRIA: 326","SAIDA","173.2","1407","147474.28","328805.92","87627.75","","3595443.34","5336.11","2243042.88","36576.66","318469.79","556301.83","312487.67","842225.48","","","0","0","","","2026","1210","","","1","Tesouro","","","111","REMUNERAÇÃO DE APLICAÇÕES FINANCEIRAS","0","","111.0000","1","1","Banco do Brasil S.A.","2763","4","0000030006","3","BCO BRASIL - CONTA MOVIMENTO","30/01/2026 00:00:00","RENTABILIDADE","1","160","","","Rendimentos","ENTRADA","5336.11"
"2026","1210","","1210","","","","","1","Tesouro","","","","110","GERAL","0","","","1","1","Banco do Brasil S.A.","2763","4","0000030006","3","BCO BRASIL - CONTA MOVIMENTO","05/01/2026 00:00:00","CREDITO_CONTA_CORRENTE","CONTA_BANCARIA","1","326","","","","","CONTAB. AUTOMÁTICA - RECEB. DA GUIA ORÇAMENTÁRIA: 326","ENTRADA","1207.22","1407","147474.28","330013.14","87627.75","","3595443.34","5336.11","2243042.88","36576.66","318469.79","556301.83","312487.67","842225.48","","","0","0","","","2026","1210","","","1","Tesouro","","","111","REMUNERAÇÃO DE APLICAÇÕES FINANCEIRAS","0","","111.0000","1","1","Banco do Brasil S.A.","2763","4","0000030006","3","BCO BRASIL - CONTA MOVIMENTO","30/01/2026 00:00:00","RENTABILIDADE","1","160","","","Rendimentos","ENTRADA","5336.11"
"2026","1210","","1210","","","","","1","Tesouro","","","","110","GERAL","0","","","1","1","Banco do Brasil S.A.","2763","4","0000030006","3","BCO BRASIL - CONTA MOVIMENTO","05/01/2026 00:00:00","DEBITO_CONTA_CORRENTE","CONTA_BANCARIA","2","","62","16595","","","NE 16030/2025","SAIDA","692.51","1407","147474.28","329320.63","87627.75","","3595443.34","5336.11","2243042.88","36576.66","318469.79","556301.83","312487.67","842225.48","","","0","0","AutorizacaoPagamento{exercicioContabil=2026, numero=62, Juridicionado=01 - PREFEITURA MUNICIPAL DE VARGEM GRANDE DO SUL}","","2026","1210","","","1","Tesouro","","","111","REMUNERAÇÃO DE APLICAÇÕES FINANCEIRAS","0","","111.0000","1","1","Banco do Brasil S.A.","2763","4","0000030006","3","BCO BRASIL - CONTA MOVIMENTO","30/01/2026 00:00:00","RENTABILIDADE","1","160","","","Rendimentos","ENTRADA","5336.11"
"2026","1210","","1210","","","","","19","RECURSOS EXTRAÓRÇAMENTÁRIOS","","","","190","MOVIMENTAÇÕES EXTRAORÇAMENTÁRIAS GERAL","0","","","1","1","Banco do Brasil S.A.","2763","4","0000030006","3","BCO BRASIL - CONTA MOVIMENTO","05/01/2026 00:00:00","CREDITO_CONTA_CORRENTE","CONTA_BANCARIA","2","7","","","","","CONTAB. AUTOMÁTICA - RECEB. DA GUIA EXTRA-ORÇAMENTÁRIA: 7","ENTRADA","40.42","1407","147474.28","329361.05","87627.75","","3595443.34","5336.11","2243042.88","36576.66","318469.79","556301.83","312487.67","842225.48","","","0","0","","","2026","1210","","","1","Tesouro","","","111","REMUNERAÇÃO DE APLICAÇÕES FINANCEIRAS","0","","111.0000","1","1","Banco do Brasil S.A.","2763","4","0000030006","3","BCO BRASIL - CONTA MOVIMENTO","30/01/2026 00:00:00","RENTABILIDADE","1","160","","","Rendimentos","ENTRADA","5336.11"
"2026","1210","","1210","","","","","19","RECURSOS EXTRAÓRÇAMENTÁRIOS","","","","190","MOVIMENTAÇÕES EXTRAORÇAMENTÁRIAS GERAL","0","","","1","1","Banco do Brasil S.A.","2763","4","0000030006","3","BCO BRASIL - CONTA MOVIMENTO","05/01/2026 00:00:00","DEBITO_CONTA_CORRENTE","CONTA_BANCARIA","2","","","","","","ANULACAO CONTAB. AUTOMÁTICA - RECEB. DA GUIA EXTRA-ORÇAMENTÁRIA: 7","SAIDA","40.42","1407","147474.28","329320.63","87627.75","","3595443.34","5336.11","2243042.88","36576.66","318469.79","556301.83","312487.67","842225.48","","","0","0","","","2026","1210","","","1","Tesouro","","","111","REMUNERAÇÃO DE APLICAÇÕES FINANCEIRAS","0","","111.0000","1","1","Banco do Brasil S.A.","2763","4","0000030006","3","BCO BRASIL - CONTA MOVIMENTO","30/01/2026 00:00:00","RENTABILIDADE","1","160","","","Rendimentos","ENTRADA","5336.11"
"2026","1210","","1210","","","","","1","Tesouro","","","","110","GERAL","0","","","1","1","Banco do Brasil S.A.","2763","4","0000030006","3","BCO BRASIL - CONTA MOVIMENTO","05/01/2026 00:00:00","CREDITO_CONTA_CORRENTE","CONTA_BANCARIA","3","740","","","","","CONTAB. AUTOMÁTICA - RECEB. DA GUIA ORÇAMENTÁRIA: 740","ENTRADA","1207.22","1407","147474.28","330527.85","87627.75","","3595443.34","5336.11","2243042.88","36576.66","318469.79","556301.83","312487.67","842225.48","","","0","0","","","2026","1210","","","1","Tesouro","","","111","REMUNERAÇÃO DE APLICAÇÕES FINANCEIRAS","0","","111.0000","1","1","Banco do Brasil S.A.","2763","4","0000030006","3","BCO BRASIL - CONTA MOVIMENTO","30/01/2026 00:00:00","RENTABILIDADE","1","160","","","Rendimentos","ENTRADA","5336.11"
"2026","1210","","1210","","","","","19","RECURSOS EXTRAÓRÇAMENTÁRIOS","","","","190","MOVIMENTAÇÕES EXTRAORÇAMENTÁRIAS GERAL","0","","","1","1","Banco do Brasil S.A.","2763","4","0000030006","3","BCO BRASIL - CONTA MOVIMENTO","05/01/2026 00:00:00","DEBITO_CONTA_CORRENTE","CONTA_BANCARIA","3","","64","16597","","","DE 4013/2025","SAIDA","2749.83","1407","147474.28","327778.02","87627.75","","3595443.34","5336.11","2243042.88","36576.66","318469.79","556301.83","312487.67","842225.48","","","0","0","AutorizacaoPagamento{exercicioContabil=2026, numero=64, Juridicionado=01 - PREFEITURA MUNICIPAL DE VARGEM GRANDE DO SUL}","","2026","1210","","","1","Tesouro","","","111","REMUNERAÇÃO DE APLICAÇÕES FINANCEIRAS","0","","111.0000","1","1","Banco do Brasil S.A.","2763","4","0000030006","3","BCO BRASIL - CONTA MOVIMENTO","30/01/2026 00:00:00","RENTABILIDADE","1","160","","","Rendimentos","ENTRADA","5336.11"
"2026","1210","","1210","","","","","19","RECURSOS EXTRAÓRÇAMENTÁRIOS","","","","190","MOVIMENTAÇÕES EXTRAORÇAMENTÁRIAS GERAL","0","","","1","1","Banco do Brasil S.A.","2763","4","0000030006","3","BCO BRASIL - CONTA MOVIMENTO","05/01/2026 00:00:00","CREDITO_CONTA_CORRENTE","CONTA_BANCARIA","4","103","","","","","CONTAB. AUTOMÁTICA - RECEB. DA GUIA EXTRA-ORÇAMENTÁRIA: 103","ENTRADA","40.42","1407","147474.28","327818.44","87627.75","","3595443.34","5336.11","2243042.88","36576.66","318469.79","556301.83","312487.67","842225.48","","","0","0","","","2026","1210","","","1","Tesouro","","","111","REMUNERAÇÃO DE APLICAÇÕES FINANCEIRAS","0","","111.0000","1","1","Banco do Brasil S.A.","2763","4","0000030006","3","BCO BRASIL - CONTA MOVIMENTO","30/01/2026 00:00:00","RENTABILIDADE","1","160","","","Rendimentos","ENTRADA","5336.11"
"2026","1210","","1210","","","","","1","Tesouro","","","","110","GERAL","0","","","1","1","Banco do Brasil S.A.","2763","4","0000030006","3","BCO BRASIL - CONTA MOVIMENTO","05/01/2026 00:00:00","DEBITO_CONTA_CORRENTE","CONTA_BANCARIA","4","","65","16598","","","NE 18661/2025","SAIDA","800.28","1407","147474.28","327018.16","87627.75","","3595443.34","5336.11","2243042.88","36576.66","318469.79","556301.83","312487.67","842225.48","","","0","0","AutorizacaoPagamento{exercicioContabil=2026, numero=65, Juridicionado=01 - PREFEITURA MUNICIPAL DE VARGEM GRANDE DO SUL}","","2026","1210","","","1","Tesouro","","","111","REMUNERAÇÃO DE APLICAÇÕES FINANCEIRAS","0","","111.0000","1","1","Banco do Brasil S.A.","2763","4","0000030006","3","BCO BRASIL - CONTA MOVIMENTO","30/01/2026 00:00:00","RENTABILIDADE","1","160","","","Rendimentos","ENTRADA","5336.11"
"2026","1210","","1210","","","","","1","Tesouro","","","","110","GERAL","0","","","1","1","Banco do Brasil S.A.","2763","4","0000030006","3","BCO BRASIL - CONTA MOVIMENTO","06/01/2026 00:00:00","DEBITO_CONTA_CORRENTE","CONTA_BANCARIA","1","","","","","760","ANULACAO CONTAB. AUTOMÁTICA - RECEB. DA GUIA ORÇAMENTÁRIA: 331","SAIDA","1326.99","1407","147474.28","325691.17","87627.75","","3595443.34","5336.11","2243042.88","36576.66","318469.79","556301.83","312487.67","842225.48","","","0","0","","","2026","1210","","","1","Tesouro","","","111","REMUNERAÇÃO DE APLICAÇÕES FINANCEIRAS","0","","111.0000","1","1","Banco do Brasil S.A.","2763","4","0000030006","3","BCO BRASIL - CONTA MOVIMENTO","30/01/2026 00:00:00","RENTABILIDADE","1","160","","","Rendimentos","ENTRADA","5336.11"
"2026","1210","","1210","","","","","1","Tesouro","","","","110","GERAL","0","","","1","1","Banco do Brasil S.A.","2763","4","0000030006","3","BCO BRASIL - CONTA MOVIMENTO","06/01/2026 00:00:00","CREDITO_CONTA_CORRENTE","CONTA_BANCARIA","1","12","","","","","LANÇAMENTO DE GUIA DE TRANSFERÊNCIAS GOVERNAMENTAIS","ENTRADA","110307.87","1407","147474.28","435999.04","87627.75","","3595443.34","5336.11","2243042.88","36576.66","318469.79","556301.83","312487.67","842225.48","","","0","0","","","2026","1210","","","1","Tesouro","","","111","REMUNERAÇÃO DE APLICAÇÕES FINANCEIRAS","0","","111.0000","1","1","Banco do Brasil S.A.","2763","4","0000030006","3","BCO BRASIL - CONTA MOVIMENTO","30/01/2026 00:00:00","RENTABILIDADE","1","160","","","Rendimentos","ENTRADA","5336.11"
"2026","1210","","1210","","","","","1","Tesouro","","","","110","GERAL","0","","","1","1","Banco do Brasil S.A.","2763","4","0000030006","3","BCO BRASIL - CONTA MOVIMENTO","06/01/2026 00:00:00","DEBITO_CONTA_CORRENTE","CONTA_BANCARIA","1","","","","","760","ANULACAO CONTAB. AUTOMÁTICA - RECEB. DA GUIA ORÇAMENTÁRIA: 331","SAIDA","73.3","1407","147474.28","435925.74","87627.75","","3595443.34","5336.11","2243042.88","36576.66","318469.79","556301.83","312487.67","842225.48","","","0","0","","","2026","1210","","","1","Tesouro","","","111","REMUNERAÇÃO DE APLICAÇÕES FINANCEIRAS","0","","111.0000","1","1","Banco do Brasil S.A.","2763","4","0000030006","3","BCO BRASIL - CONTA MOVIMENTO","30/01/2026 00:00:00","RENTABILIDADE","1","160","","","Rendimentos","ENTRADA","5336.11"
"2026","1210","","1210","","","","","1","Tesouro","","","","110","GERAL","0","","","1","1","Banco do Brasil S.A.","2763","4","0000030006","3","BCO BRASIL - CONTA MOVIMENTO","06/01/2026 00:00:00","DEBITO_CONTA_CORRENTE","CONTA_BANCARIA","1","","","","","760","ANULACAO CONTAB. AUTOMÁTICA - RECEB. DA GUIA ORÇAMENTÁRIA: 331","SAIDA","2095.04","1407","147474.28","433830.7","87627.75","","3595443.34","5336.11","2243042.88","36576.66","318469.79","556301.83","312487.67","842225.48","","","0","0","","","2026","1210","","","1","Tesouro","","","111","REMUNERAÇÃO DE APLICAÇÕES FINANCEIRAS","0","","111.0000","1","1","Banco do Brasil S.A.","2763","4","0000030006","3","BCO BRASIL - CONTA MOVIMENTO","30/01/2026 00:00:00","RENTABILIDADE","1","160","","","Rendimentos","ENTRADA","5336.11"
"2026","1210","","1210","","","","","1","Tesouro","","","","110","GERAL","0","","","1","1","Banco do Brasil S.A.","2763","4","0000030006","3","BCO BRASIL - CONTA MOVIMENTO","06/01/2026 00:00:00","DEBITO_CONTA_CORRENTE","CONTA_BANCARIA","1","","","","","760","ANULACAO CONTAB. AUTOMÁTICA - RECEB. DA GUIA ORÇAMENTÁRIA: 331","SAIDA","19.33","1407","147474.28","433811.37","87627.75","","3595443.34","5336.11","2243042.88","36576.66","318469.79","556301.83","312487.67","842225.48","","","0","0","","","2026","1210","","","1","Tesouro","","","111","REMUNERAÇÃO DE APLICAÇÕES FINANCEIRAS","0","","111.0000","1","1","Banco do Brasil S.A.","2763","4","0000030006","3","BCO BRASIL - CONTA MOVIMENTO","30/01/2026 00:00:00","RENTABILIDADE","1","160","","","Rendimentos","ENTRADA","5336.11"
"2026","1210","","1210","","","","","1","Tesouro","","","","110","GERAL","0","","","1","1","Banco do Brasil S.A.","2763","4","0000030006","3","BCO BRASIL - CONTA MOVIMENTO","06/01/2026 00:00:00","DEBITO_CONTA_CORRENTE","CONTA_BANCARIA","1","","","","","760","ANULACAO CONTAB. AUTOMÁTICA - RECEB. DA GUIA ORÇAMENTÁRIA: 331","SAIDA","20.53","1407","147474.28","433790.84","87627.75","","3595443.34","5336.11","2243042.88","36576.66","318469.79","556301.83","312487.67","842225.48","","","0","0","","","2026","1210","","","1","Tesouro","","","111","REMUNERAÇÃO DE APLICAÇÕES FINANCEIRAS","0","","111.0000","1","1","Banco do Brasil S.A.","2763","4","0000030006","3","BCO BRASIL - CONTA MOVIMENTO","30/01/2026 00:00:00","RENTABILIDADE","1","160","","","Rendimentos","ENTRADA","5336.11"
"2026","1210","","1210","","","","","1","Tesouro","","","","110","GERAL","0","","","1","1","Banco do Brasil S.A.","2763","4","0000030006","3","BCO BRASIL - CONTA MOVIMENTO","06/01/2026 00:00:00","DEBITO_CONTA_CORRENTE","CONTA_BANCARIA","1","","","","","760","ANULACAO CONTAB. AUTOMÁTICA - RECEB. DA GUIA ORÇAMENTÁRIA: 331","SAIDA","325.47","1407","147474.28","433465.37","87627.75","","3595443.34","5336.11","2243042.88","36576.66","318469.79","556301.83","312487.67","842225.48","","","0","0","","","2026","1210","","","1","Tesouro","","","111","REMUNERAÇÃO DE APLICAÇÕES FINANCEIRAS","0","","111.0000","1","1","Banco do Brasil S.A.","2763","4","0000030006","3","BCO BRASIL - CONTA MOVIMENTO","30/01/2026 00:00:00","RENTABILIDADE","1","160","","","Rendimentos","ENTRADA","5336.11"
"2026","1210","","1210","","","","","1","Tesouro","","","","110","GERAL","0","","","1","1","Banco do Brasil S.A.","2763","4","0000030006","3","BCO BRASIL - CONTA MOVIMENTO","06/01/2026 00:00:00","DEBITO_CONTA_CORRENTE","CONTA_BANCARIA","1","","","","","760","ANULACAO CONTAB. AUTOMÁTICA - RECEB. DA GUIA ORÇAMENTÁRIA: 331","SAIDA","1250.62","1407","147474.28","432214.75","87627.75","","3595443.34","5336.11","2243042.88","36576.66","318469.79","556301.83","312487.67","842225.48","","","0","0","","","2026","1210","","","1","Tesouro","","","111","REMUNERAÇÃO DE APLICAÇÕES FINANCEIRAS","0","","111.0000","1","1","Banco do Brasil S.A.","2763","4","0000030006","3","BCO BRASIL - CONTA MOVIMENTO","30/01/2026 00:00:00","RENTABILIDADE","1","160","","","Rendimentos","ENTRADA","5336.11"
"2026","1210","","1210","","","","","1","Tesouro","","","","110","GERAL","0","","","1","1","Banco do Brasil S.A.","2763","4","0000030006","3","BCO BRASIL - CONTA MOVIMENTO","06/01/2026 00:00:00","CREDITO_CONTA_CORRENTE","CONTA_BANCARIA","1","331","","","","","CONTAB. AUTOMÁTICA - RECEB. DA GUIA ORÇAMENTÁRIA: 331","ENTRADA","12123.4","1407","147474.28","444338.15","87627.75","","3595443.34","5336.11","2243042.88","36576.66","318469.79","556301.83","312487.67","842225.48","","","0","0","","","2026","1210","","","1","Tesouro","","","111","REMUNERAÇÃO DE APLICAÇÕES FINANCEIRAS","0","","111.0000","1","1","Banco do Brasil S.A.","2763","4","0000030006","3","BCO BRASIL - CONTA MOVIMENTO","30/01/2026 00:00:00","RENTABILIDADE","1","160","","","Rendimentos","ENTRADA","5336.11"
"2026","1210","","1210","","","","","1","Tesouro","","","","110","GERAL","0","","","1","1","Banco do Brasil S.A.","2763","4","0000030006","3","BCO BRASIL - CONTA MOVIMENTO","06/01/2026 00:00:00","DEBITO_CONTA_CORRENTE","CONTA_BANCARIA","1","","","","","760","ANULACAO CONTAB. AUTOMÁTICA - RECEB. DA GUIA ORÇAMENTÁRIA: 331","SAIDA","544.51","1407","147474.28","443793.64","87627.75","","3595443.34","5336.11","2243042.88","36576.66","318469.79","556301.83","312487.67","842225.48","","","0","0","","","2026","1210","","","1","Tesouro","","","111","REMUNERAÇÃO DE APLICAÇÕES FINANCEIRAS","0","","111.0000","1","1","Banco do Brasil S.A.","2763","4","0000030006","3","BCO BRASIL - CONTA MOVIMENTO","30/01/2026 00:00:00","RENTABILIDADE","1","160","","","Rendimentos","ENTRADA","5336.11"
"2026","1210","","1210","","","","","1","Tesouro","","","","110","GERAL","0","","","1","1","Banco do Brasil S.A.","2763","4","0000030006","3","BCO BRASIL - CONTA MOVIMENTO","06/01/2026 00:00:00","DEBITO_CONTA_CORRENTE","CONTA_BANCARIA","1","","67","16600","","","NE 3054/2025","SAIDA","1061.23","1407","147474.28","442732.41","87627.75","","3595443.34","5336.11","2243042.88","36576.66","318469.79","556301.83","312487.67","842225.48","","","0","0","AutorizacaoPagamento{exercicioContabil=2026, numero=67, Juridicionado=01 - PREFEITURA MUNICIPAL DE VARGEM GRANDE DO SUL}","","2026","1210","","","1","Tesouro","","","111","REMUNERAÇÃO DE APLICAÇÕES FINANCEIRAS","0","","111.0000","1","1","Banco do Brasil S.A.","2763","4","0000030006","3","BCO BRASIL - CONTA MOVIMENTO","30/01/2026 00:00:00","RENTABILIDADE","1","160","","","Rendimentos","ENTRADA","5336.11"
"2026","1210","","1210","","","","","1","Tesouro","","","","110","GERAL","0","","","1","1","Banco do Brasil S.A.","2763","4","0000030006","3","BCO BRASIL - CONTA MOVIMENTO","06/01/2026 00:00:00","DEBITO_CONTA_CORRENTE","CONTA_BANCARIA","1","","","","","760","ANULACAO CONTAB. AUTOMÁTICA - RECEB. DA GUIA ORÇAMENTÁRIA: 331","SAIDA","7.39","1407","147474.28","442725.02","87627.75","","3595443.34","5336.11","2243042.88","36576.66","318469.79","556301.83","312487.67","842225.48","","","0","0","","","2026","1210","","","1","Tesouro","","","111","REMUNERAÇÃO DE APLICAÇÕES FINANCEIRAS","0","","111.0000","1","1","Banco do Brasil S.A.","2763","4","0000030006","3","BCO BRASIL - CONTA MOVIMENTO","30/01/2026 00:00:00","RENTABILIDADE","1","160","","","Rendimentos","ENTRADA","5336.11"
"2026","1210","","1210","","","","","1","Tesouro","","","","110","GERAL","0","","","1","1","Banco do Brasil S.A.","2763","4","0000030006","3","BCO BRASIL - CONTA MOVIMENTO","06/01/2026 00:00:00","DEBITO_CONTA_CORRENTE","CONTA_BANCARIA","1","","","","","760","ANULACAO CONTAB. AUTOMÁTICA - RECEB. DA GUIA ORÇAMENTÁRIA: 331","SAIDA","6292.77","1407","147474.28","436432.25","87627.75","","3595443.34","5336.11","2243042.88","36576.66","318469.79","556301.83","312487.67","842225.48","","","0","0","","","2026","1210","","","1","Tesouro","","","111","REMUNERAÇÃO DE APLICAÇÕES FINANCEIRAS","0","","111.0000","1","1","Banco do Brasil S.A.","2763","4","0000030006","3","BCO BRASIL - CONTA MOVIMENTO","30/01/2026 00:00:00","RENTABILIDADE","1","160","","","Rendimentos","ENTRADA","5336.11"
"2026","1210","","1210","","","","","1","Tesouro","","","","110","GERAL","0","","","1","1","Banco do Brasil S.A.","2763","4","0000030006","3","BCO BRASIL - CONTA MOVIMENTO","06/01/2026 00:00:00","DEBITO_CONTA_CORRENTE","CONTA_BANCARIA","1","","","","","760","ANULACAO CONTAB. AUTOMÁTICA - RECEB. DA GUIA ORÇAMENTÁRIA: 331","SAIDA","132.59","1407","147474.28","436299.66","87627.75","","3595443.34","5336.11","2243042.88","36576.66","318469.79","556301.83","312487.67","842225.48","","","0","0","","","2026","1210","","","1","Tesouro","","","111","REMUNERAÇÃO DE APLICAÇÕES FINANCEIRAS","0","","111.0000","1","1","Banco do Brasil S.A.","2763","4","0000030006","3","BCO BRASIL - CONTA MOVIMENTO","30/01/2026 00:00:00","RENTABILIDADE","1","160","","","Rendimentos","ENTRADA","5336.11"
"2026","1210","","1210","","","","","1","Tesouro","","","","110","GERAL","0","","","1","1","Banco do Brasil S.A.","2763","4","0000030006","3","BCO BRASIL - CONTA MOVIMENTO","06/01/2026 00:00:00","DEBITO_CONTA_CORRENTE","CONTA_BANCARIA","1","","","","","760","ANULACAO CONTAB. AUTOMÁTICA - RECEB. DA GUIA ORÇAMENTÁRIA: 331","SAIDA","34.86","1407","147474.28","436264.8","87627.75","","3595443.34","5336.11","2243042.88","36576.66","318469.79","556301.83","312487.67","842225.48","","","0","0","","","2026","1210","","","1","Tesouro","","","111","REMUNERAÇÃO DE APLICAÇÕES FINANCEIRAS","0","","111.0000","1","1","Banco do Brasil S.A.","2763","4","0000030006","3","BCO BRASIL - CONTA MOVIMENTO","30/01/2026 00:00:00","RENTABILIDADE","1","160","","","Rendimentos","ENTRADA","5336.11"
"2026","1210","","1210","","","","","1","Tesouro","","","","110","GERAL","0","","","1","1","Banco do Brasil S.A.","2763","4","0000030006","3","BCO BRASIL - CONTA MOVIMENTO","06/01/2026 00:00:00","CREDITO_CONTA_CORRENTE","CONTA_BANCARIA","2","123","","","","","LANÇAMENTO DE RECEITA","ENTRADA","42.43","1407","147474.28","436307.23","87627.75","","3595443.34","5336.11","2243042.88","36576.66","318469.79","556301.83","312487.67","842225.48","","","0","0","","","2026","1210","","","1","Tesouro","","","111","REMUNERAÇÃO DE APLICAÇÕES FINANCEIRAS","0","","111.0000","1","1","Banco do Brasil S.A.","2763","4","0000030006","3","BCO BRASIL - CONTA MOVIMENTO","30/01/2026 00:00:00","RENTABILIDADE","1","160","","","Rendimentos","ENTRADA","5336.11"
"2026","1210","","1210","","","","","1","Tesouro","","","","110","GERAL","0","","","1","1","Banco do Brasil S.A.","2763","4","0000030006","3","BCO BRASIL - CONTA MOVIMENTO","06/01/2026 00:00:00","DEBITO_CONTA_CORRENTE","CONTA_BANCARIA","2","","68","16601","","","NE 11232,1868/2025","SAIDA","2500","1407","147474.28","433807.23","87627.75","","3595443.34","5336.11","2243042.88","36576.66","318469.79","556301.83","312487.67","842225.48","","","0","0","AutorizacaoPagamento{exercicioContabil=2026, numero=68, Juridicionado=01 - PREFEITURA MUNICIPAL DE VARGEM GRANDE DO SUL}","","2026","1210","","","1","Tesouro","","","111","REMUNERAÇÃO DE APLICAÇÕES FINANCEIRAS","0","","111.0000","1","1","Banco do Brasil S.A.","2763","4","0000030006","3","BCO BRASIL - CONTA MOVIMENTO","30/01/2026 00:00:00","RENTABILIDADE","1","160","","","Rendimentos","ENTRADA","5336.11"
"2026","1210","","1210","","","","","19","RECURSOS EXTRAÓRÇAMENTÁRIOS","","","","190","MOVIMENTAÇÕES EXTRAORÇAMENTÁRIAS GERAL","0","","","1","1","Banco do Brasil S.A.","2763","4","0000030006","3","BCO BRASIL - CONTA MOVIMENTO","06/01/2026 00:00:00","DEBITO_CONTA_CORRENTE","CONTA_BANCARIA","2","","","","","","ANULACAO CONTAB. AUTOMÁTICA - RECEB. DA GUIA EXTRA-ORÇAMENTÁRIA: 10","SAIDA","38.83","1407","147474.28","433768.4","87627.75","","3595443.34","5336.11","2243042.88","36576.66","318469.79","556301.83","312487.67","842225.48","","","0","0","","","2026","1210","","","1","Tesouro","","","111","REMUNERAÇÃO DE APLICAÇÕES FINANCEIRAS","0","","111.0000","1","1","Banco do Brasil S.A.","2763","4","0000030006","3","BCO BRASIL - CONTA MOVIMENTO","30/01/2026 00:00:00","RENTABILIDADE","1","160","","","Rendimentos","ENTRADA","5336.11"
"2026","1210","","1210","","","","","19","RECURSOS EXTRAÓRÇAMENTÁRIOS","","","","190","MOVIMENTAÇÕES EXTRAORÇAMENTÁRIAS GERAL","0","","","1","1","Banco do Brasil S.A.","2763","4","0000030006","3","BCO BRASIL - CONTA MOVIMENTO","06/01/2026 00:00:00","CREDITO_CONTA_CORRENTE","CONTA_BANCARIA","2","10","","","","","CONTAB. AUTOMÁTICA - RECEB. DA GUIA EXTRA-ORÇAMENTÁRIA: 10","ENTRADA","38.83","1407","147474.28","433807.23","87627.75","","3595443.34","5336.11","2243042.88","36576.66","318469.79","556301.83","312487.67","842225.48","","","0","0","","","2026","1210","","","1","Tesouro","","","111","REMUNERAÇÃO DE APLICAÇÕES FINANCEIRAS","0","","111.0000","1","1","Banco do Brasil S.A.","2763","4","0000030006","3","BCO BRASIL - CONTA MOVIMENTO","30/01/2026 00:00:00","RENTABILIDADE","1","160","","","Rendimentos","ENTRADA","5336.11"
"2026","1210","","1210","","","","","1","Tesouro","","","","110","GERAL","0","","","1","1","Banco do Brasil S.A.","2763","4","0000030006","3","BCO BRASIL - CONTA MOVIMENTO","06/01/2026 00:00:00","DEBITO_CONTA_CORRENTE","CONTA_BANCARIA","3","","97","16630","","","NE 15348/2025","SAIDA","1490.27","1407","147474.28","432316.96","87627.75","","3595443.34","5336.11","2243042.88","36576.66","318469.79","556301.83","312487.67","842225.48","","","0","0","AutorizacaoPagamento{exercicioContabil=2026, numero=97, Juridicionado=01 - PREFEITURA MUNICIPAL DE VARGEM GRANDE DO SUL}","","2026","1210","","","1","Tesouro","","","111","REMUNERAÇÃO DE APLICAÇÕES FINANCEIRAS","0","","111.0000","1","1","Banco do Brasil S.A.","2763","4","0000030006","3","BCO BRASIL - CONTA MOVIMENTO","30/01/2026 00:00:00","RENTABILIDADE","1","160","","","Rendimentos","ENTRADA","5336.11"
"2026","1210","","1210","","","","","1","Tesouro","","","","110","GERAL","0","","","1","1","Banco do Brasil S.A.","2763","4","0000030006","3","BCO BRASIL - CONTA MOVIMENTO","06/01/2026 00:00:00","CREDITO_CONTA_CORRENTE","CONTA_BANCARIA","3","744","","","","","CONTAB. AUTOMÁTICA - RECEB. DA GUIA ORÇAMENTÁRIA: 744","ENTRADA","12123.4","1407","147474.28","444440.36","87627.75","","3595443.34","5336.11","2243042.88","36576.66","318469.79","556301.83","312487.67","842225.48","","","0","0","","","2026","1210","","","1","Tesouro","","","111","REMUNERAÇÃO DE APLICAÇÕES FINANCEIRAS","0","","111.0000","1","1","Banco do Brasil S.A.","2763","4","0000030006","3","BCO BRASIL - CONTA MOVIMENTO","30/01/2026 00:00:00","RENTABILIDADE","1","160","","","Rendimentos","ENTRADA","5336.11"
"2026","1210","","1210","","","","","1","Tesouro","","","","110","GERAL","0","","","1","1","Banco do Brasil S.A.","2763","4","0000030006","3","BCO BRASIL - CONTA MOVIMENTO","06/01/2026 00:00:00","DEBITO_CONTA_CORRENTE","CONTA_BANCARIA","4","12","","","","","LANÇAMENTO DE GUIA DE TRANSFERÊNCIAS GOVERNAMENTAIS","SAIDA","22061.57","1407","147474.28","422378.79","87627.75","","3595443.34","5336.11","2243042.88","36576.66","318469.79","556301.83","312487.67","842225.48","","","0","0","","","2026","1210","","","1","Tesouro","","","111","REMUNERAÇÃO DE APLICAÇÕES FINANCEIRAS","0","","111.0000","1","1","Banco do Brasil S.A.","2763","4","0000030006","3","BCO BRASIL - CONTA MOVIMENTO","30/01/2026 00:00:00","RENTABILIDADE","1","160","","","Rendimentos","ENTRADA","5336.11"
"2026","1210","","1210","","","","","19","RECURSOS EXTRAÓRÇAMENTÁRIOS","","","","190","MOVIMENTAÇÕES EXTRAORÇAMENTÁRIAS GERAL","0","","","1","1","Banco do Brasil S.A.","2763","4","0000030006","3","BCO BRASIL - CONTA MOVIMENTO","06/01/2026 00:00:00","CREDITO_CONTA_CORRENTE","CONTA_BANCARIA","4","105","","","","","CONTAB. AUTOMÁTICA - RECEB. DA GUIA EXTRA-ORÇAMENTÁRIA: 105","ENTRADA","38.83","1407","147474.28","422417.62","87627.75","","3595443.34","5336.11","2243042.88","36576.66","318469.79","556301.83","312487.67","842225.48","","","0","0","","","2026","1210","","","1","Tesouro","","","111","REMUNERAÇÃO DE APLICAÇÕES FINANCEIRAS","0","","111.0000","1","1","Banco do Brasil S.A.","2763","4","0000030006","3","BCO BRASIL - CONTA MOVIMENTO","30/01/2026 00:00:00","RENTABILIDADE","1","160","","","Rendimentos","ENTRADA","5336.11"
"2026","1210","","1210","","","","","1","Tesouro","","","","110","GERAL","0","","","1","1","Banco do Brasil S.A.","2763","4","0000030006","3","BCO BRASIL - CONTA MOVIMENTO","07/01/2026 00:00:00","DEBITO_CONTA_CORRENTE","CONTA_BANCARIA","1","","107","16640","","","NE 18676/2025","SAIDA","4911.8","1407","147474.28","417505.82","87627.75","","3595443.34","5336.11","2243042.88","36576.66","318469.79","556301.83","312487.67","842225.48","","","0","0","AutorizacaoPagamento{exercicioContabil=2026, numero=107, Juridicionado=01 - PREFEITURA MUNICIPAL DE VARGEM GRANDE DO SUL}","","2026","1210","","","1","Tesouro","","","111","REMUNERAÇÃO DE APLICAÇÕES FINANCEIRAS","0","","111.0000","1","1","Banco do Brasil S.A.","2763","4","0000030006","3","BCO BRASIL - CONTA MOVIMENTO","30/01/2026 00:00:00","RENTABILIDADE","1","160","","","Rendimentos","ENTRADA","5336.11"
"2026","1210","","1210","","","","","1","Tesouro","","","","110","GERAL","0","","","1","1","Banco do Brasil S.A.","2763","4","0000030006","3","BCO BRASIL - CONTA MOVIMENTO","07/01/2026 00:00:00","DEBITO_CONTA_CORRENTE","CONTA_BANCARIA","1","","","","","759","ANULACAO CONTAB. AUTOMÁTICA - RECEB. DA GUIA ORÇAMENTÁRIA: 335","SAIDA","15.5","1407","147474.28","417490.32","87627.75","","3595443.34","5336.11","2243042.88","36576.66","318469.79","556301.83","312487.67","842225.48","","","0","0","","","2026","1210","","","1","Tesouro","","","111","REMUNERAÇÃO DE APLICAÇÕES FINANCEIRAS","0","","111.0000","1","1","Banco do Brasil S.A.","2763","4","0000030006","3","BCO BRASIL - CONTA MOVIMENTO","30/01/2026 00:00:00","RENTABILIDADE","1","160","","","Rendimentos","ENTRADA","5336.11"
"2026","1210","","1210","","","","","1","Tesouro","","","","110","GERAL","0","","","1","1","Banco do Brasil S.A.","2763","4","0000030006","3","BCO BRASIL - CONTA MOVIMENTO","07/01/2026 00:00:00","DEBITO_CONTA_CORRENTE","CONTA_BANCARIA","1","","","","","759","ANULACAO CONTAB. AUTOMÁTICA - RECEB. DA GUIA ORÇAMENTÁRIA: 335","SAIDA","741.02","1407","147474.28","416749.3","87627.75","","3595443.34","5336.11","2243042.88","36576.66","318469.79","556301.83","312487.67","842225.48","","","0","0","","","2026","1210","","","1","Tesouro","","","111","REMUNERAÇÃO DE APLICAÇÕES FINANCEIRAS","0","","111.0000","1","1","Banco do Brasil S.A.","2763","4","0000030006","3","BCO BRASIL - CONTA MOVIMENTO","30/01/2026 00:00:00","RENTABILIDADE","1","160","","","Rendimentos","ENTRADA","5336.11"
"2026","1210","","1210","","","","","1","Tesouro","","","","110","GERAL","0","","","1","1","Banco do Brasil S.A.","2763","4","0000030006","3","BCO BRASIL - CONTA MOVIMENTO","07/01/2026 00:00:00","DEBITO_CONTA_CORRENTE","CONTA_BANCARIA","1","","","","","759","ANULACAO CONTAB. AUTOMÁTICA - RECEB. DA GUIA ORÇAMENTÁRIA: 335","SAIDA","46.1","1407","147474.28","416703.2","87627.75","","3595443.34","5336.11","2243042.88","36576.66","318469.79","556301.83","312487.67","842225.48","","","0","0","","","2026","1210","","","1","Tesouro","","","111","REMUNERAÇÃO DE APLICAÇÕES FINANCEIRAS","0","","111.0000","1","1","Banco do Brasil S.A.","2763","4","0000030006","3","BCO BRASIL - CONTA MOVIMENTO","30/01/2026 00:00:00","RENTABILIDADE","1","160","","","Rendimentos","ENTRADA","5336.11"
"2026","1210","","1210","","","","","1","Tesouro","","","","110","GERAL","0","","","1","1","Banco do Brasil S.A.","2763","4","0000030006","3","BCO BRASIL - CONTA MOVIMENTO","07/01/2026 00:00:00","DEBITO_CONTA_CORRENTE","CONTA_BANCARIA","1","","","","","759","ANULACAO CONTAB. AUTOMÁTICA - RECEB. DA GUIA ORÇAMENTÁRIA: 335","SAIDA","6.59","1407","147474.28","416696.61","87627.75","","3595443.34","5336.11","2243042.88","36576.66","318469.79","556301.83","312487.67","842225.48","","","0","0","","","2026","1210","","","1","Tesouro","","","111","REMUNERAÇÃO DE APLICAÇÕES FINANCEIRAS","0","","111.0000","1","1","Banco do Brasil S.A.","2763","4","0000030006","3","BCO BRASIL - CONTA MOVIMENTO","30/01/2026 00:00:00","RENTABILIDADE","1","160","","","Rendimentos","ENTRADA","5336.11"
"2026","1210","","1210","","","","","1","Tesouro","","","","110","GERAL","0","","","1","1","Banco do Brasil S.A.","2763","4","0000030006","3","BCO BRASIL - CONTA MOVIMENTO","07/01/2026 00:00:00","DEBITO_CONTA_CORRENTE","CONTA_BANCARIA","1","","","","","759","ANULACAO CONTAB. AUTOMÁTICA - RECEB. DA GUIA ORÇAMENTÁRIA: 335","SAIDA","79.56","1407","147474.28","416617.05","87627.75","","3595443.34","5336.11","2243042.88","36576.66","318469.79","556301.83","312487.67","842225.48","","","0","0","","","2026","1210","","","1","Tesouro","","","111","REMUNERAÇÃO DE APLICAÇÕES FINANCEIRAS","0","","111.0000","1","1","Banco do Brasil S.A.","2763","4","0000030006","3","BCO BRASIL - CONTA MOVIMENTO","30/01/2026 00:00:00","RENTABILIDADE","1","160","","","Rendimentos","ENTRADA","5336.11"
"2026","1210","","1210","","","","","1","Tesouro","","","","110","GERAL","0","","","1","1","Banco do Brasil S.A.","2763","4","0000030006","3","BCO BRASIL - CONTA MOVIMENTO","07/01/2026 00:00:00","DEBITO_CONTA_CORRENTE","CONTA_BANCARIA","1","","","","","759","ANULACAO CONTAB. AUTOMÁTICA - RECEB. DA GUIA ORÇAMENTÁRIA: 335","SAIDA","86.6","1407","147474.28","416530.45","87627.75","","3595443.34","5336.11","2243042.88","36576.66","318469.79","556301.83","312487.67","842225.48","","","0","0","","","2026","1210","","","1","Tesouro","","","111","REMUNERAÇÃO DE APLICAÇÕES FINANCEIRAS","0","","111.0000","1","1","Banco do Brasil S.A.","2763","4","0000030006","3","BCO BRASIL - CONTA MOVIMENTO","30/01/2026 00:00:00","RENTABILIDADE","1","160","","","Rendimentos","ENTRADA","5336.11"
"2026","1210","","1210","","","","","1","Tesouro","","","","110","GERAL","0","","","1","1","Banco do Brasil S.A.","2763","4","0000030006","3","BCO BRASIL - CONTA MOVIMENTO","07/01/2026 00:00:00","DEBITO_CONTA_CORRENTE","CONTA_BANCARIA","1","","","","","759","ANULACAO CONTAB. AUTOMÁTICA - RECEB. DA GUIA ORÇAMENTÁRIA: 335","SAIDA","49.01","1407","147474.28","416481.44","87627.75","","3595443.34","5336.11","2243042.88","36576.66","318469.79","556301.83","312487.67","842225.48","","","0","0","","","2026","1210","","","1","Tesouro","","","111","REMUNERAÇÃO DE APLICAÇÕES FINANCEIRAS","0","","111.0000","1","1","Banco do Brasil S.A.","2763","4","0000030006","3","BCO BRASIL - CONTA MOVIMENTO","30/01/2026 00:00:00","RENTABILIDADE","1","160","","","Rendimentos","ENTRADA","5336.11"
"2026","1210","","1210","","","","","1","Tesouro","","","","110","GERAL","0","","","1","1","Banco do Brasil S.A.","2763","4","0000030006","3","BCO BRASIL - CONTA MOVIMENTO","07/01/2026 00:00:00","DEBITO_CONTA_CORRENTE","CONTA_BANCARIA","1","","","","","759","ANULACAO CONTAB. AUTOMÁTICA - RECEB. DA GUIA ORÇAMENTÁRIA: 335","SAIDA","30.2","1407","147474.28","416451.24","87627.75","","3595443.34","5336.11","2243042.88","36576.66","318469.79","556301.83","312487.67","842225.48","","","0","0","","","2026","1210","","","1","Tesouro","","","111","REMUNERAÇÃO DE APLICAÇÕES FINANCEIRAS","0","","111.0000","1","1","Banco do Brasil S.A.","2763","4","0000030006","3","BCO BRASIL - CONTA MOVIMENTO","30/01/2026 00:00:00","RENTABILIDADE","1","160","","","Rendimentos","ENTRADA","5336.11"
"2026","1210","","1210","","","","","19","RECURSOS EXTRAÓRÇAMENTÁRIOS","","","","190","MOVIMENTAÇÕES EXTRAORÇAMENTÁRIAS GERAL","0","","","1","1","Banco do Brasil S.A.","2763","4","0000030006","3","BCO BRASIL - CONTA MOVIMENTO","07/01/2026 00:00:00","CREDITO_CONTA_CORRENTE","CONTA_BANCARIA","1","","","","14","","Transferência Aut. para compensação de Descontos de parcelas: Aut. Pagto.[117/2026].","ENTRADA","897.32","1407","147474.28","417348.56","87627.75","","3595443.34","5336.11","2243042.88","36576.66","318469.79","556301.83","312487.67","842225.48","","","0","0","","","2026","1210","","","1","Tesouro","","","111","REMUNERAÇÃO DE APLICAÇÕES FINANCEIRAS","0","","111.0000","1","1","Banco do Brasil S.A.","2763","4","0000030006","3","BCO BRASIL - CONTA MOVIMENTO","30/01/2026 00:00:00","RENTABILIDADE","1","160","","","Rendimentos","ENTRADA","5336.11"
"2026","1210","","1210","","","","","1","Tesouro","","","","110","GERAL","0","","","1","1","Banco do Brasil S.A.","2763","4","0000030006","3","BCO BRASIL - CONTA MOVIMENTO","07/01/2026 00:00:00","DEBITO_CONTA_CORRENTE","CONTA_BANCARIA","1","","","","","759","ANULACAO CONTAB. AUTOMÁTICA - RECEB. DA GUIA ORÇAMENTÁRIA: 335","SAIDA","1526.99","1407","147474.28","415821.57","87627.75","","3595443.34","5336.11","2243042.88","36576.66","318469.79","556301.83","312487.67","842225.48","","","0","0","","","2026","1210","","","1","Tesouro","","","111","REMUNERAÇÃO DE APLICAÇÕES FINANCEIRAS","0","","111.0000","1","1","Banco do Brasil S.A.","2763","4","0000030006","3","BCO BRASIL - CONTA MOVIMENTO","30/01/2026 00:00:00","RENTABILIDADE","1","160","","","Rendimentos","ENTRADA","5336.11"
"2026","1210","","1210","","","","","1","Tesouro","","","","110","GERAL","0","","","1","1","Banco do Brasil S.A.","2763","4","0000030006","3","BCO BRASIL - CONTA MOVIMENTO","07/01/2026 00:00:00","CREDITO_CONTA_CORRENTE","CONTA_BANCARIA","1","335","","","","","CONTAB. AUTOMÁTICA - RECEB. DA GUIA ORÇAMENTÁRIA: 335","ENTRADA","3697.76","1407","147474.28","419519.33","87627.75","","3595443.34","5336.11","2243042.88","36576.66","318469.79","556301.83","312487.67","842225.48","","","0","0","","","2026","1210","","","1","Tesouro","","","111","REMUNERAÇÃO DE APLICAÇÕES FINANCEIRAS","0","","111.0000","1","1","Banco do Brasil S.A.","2763","4","0000030006","3","BCO BRASIL - CONTA MOVIMENTO","30/01/2026 00:00:00","RENTABILIDADE","1","160","","","Rendimentos","ENTRADA","5336.11"
"2026","1210","","1210","","","","","1","Tesouro","","","","110","GERAL","0","","","1","1","Banco do Brasil S.A.","2763","4","0000030006","3","BCO BRASIL - CONTA MOVIMENTO","07/01/2026 00:00:00","DEBITO_CONTA_CORRENTE","CONTA_BANCARIA","1","","","","","759","ANULACAO CONTAB. AUTOMÁTICA - RECEB. DA GUIA ORÇAMENTÁRIA: 335","SAIDA","226.3","1407","147474.28","419293.03","87627.75","","3595443.34","5336.11","2243042.88","36576.66","318469.79","556301.83","312487.67","842225.48","","","0","0","","","2026","1210","","","1","Tesouro","","","111","REMUNERAÇÃO DE APLICAÇÕES FINANCEIRAS","0","","111.0000","1","1","Banco do Brasil S.A.","2763","4","0000030006","3","BCO BRASIL - CONTA MOVIMENTO","30/01/2026 00:00:00","RENTABILIDADE","1","160","","","Rendimentos","ENTRADA","5336.11"
"2026","1210","","1210","","","","","1","Tesouro","","","","110","GERAL","0","","","1","1","Banco do Brasil S.A.","2763","4","0000030006","3","BCO BRASIL - CONTA MOVIMENTO","07/01/2026 00:00:00","DEBITO_CONTA_CORRENTE","CONTA_BANCARIA","1","","","","","759","ANULACAO CONTAB. AUTOMÁTICA - RECEB. DA GUIA ORÇAMENTÁRIA: 335","SAIDA","54","1407","147474.28","419239.03","87627.75","","3595443.34","5336.11","2243042.88","36576.66","318469.79","556301.83","312487.67","842225.48","","","0","0","","","2026","1210","","","1","Tesouro","","","111","REMUNERAÇÃO DE APLICAÇÕES FINANCEIRAS","0","","111.0000","1","1","Banco do Brasil S.A.","2763","4","0000030006","3","BCO BRASIL - CONTA MOVIMENTO","30/01/2026 00:00:00","RENTABILIDADE","1","160","","","Rendimentos","ENTRADA","5336.11"
"2026","1210","","1210","","","","","1","Tesouro","","","","110","GERAL","0","","","1","1","Banco do Brasil S.A.","2763","4","0000030006","3","BCO BRASIL - CONTA MOVIMENTO","07/01/2026 00:00:00","DEBITO_CONTA_CORRENTE","CONTA_BANCARIA","1","","","","","759","ANULACAO CONTAB. AUTOMÁTICA - RECEB. DA GUIA ORÇAMENTÁRIA: 335","SAIDA","665.38","1407","147474.28","418573.65","87627.75","","3595443.34","5336.11","2243042.88","36576.66","318469.79","556301.83","312487.67","842225.48","","","0","0","","","2026","1210","","","1","Tesouro","","","111","REMUNERAÇÃO DE APLICAÇÕES FINANCEIRAS","0","","111.0000","1","1","Banco do Brasil S.A.","2763","4","0000030006","3","BCO BRASIL - CONTA MOVIMENTO","30/01/2026 00:00:00","RENTABILIDADE","1","160","","","Rendimentos","ENTRADA","5336.11"
"2026","1210","","1210","","","","","1","Tesouro","","","","110","GERAL","0","","","1","1","Banco do Brasil S.A.","2763","4","0000030006","3","BCO BRASIL - CONTA MOVIMENTO","07/01/2026 00:00:00","DEBITO_CONTA_CORRENTE","CONTA_BANCARIA","1","","","","","759","ANULACAO CONTAB. AUTOMÁTICA - RECEB. DA GUIA ORÇAMENTÁRIA: 335","SAIDA","170.51","1407","147474.28","418403.14","87627.75","","3595443.34","5336.11","2243042.88","36576.66","318469.79","556301.83","312487.67","842225.48","","","0","0","","","2026","1210","","","1","Tesouro","","","111","REMUNERAÇÃO DE APLICAÇÕES FINANCEIRAS","0","","111.0000","1","1","Banco do Brasil S.A.","2763","4","0000030006","3","BCO BRASIL - CONTA MOVIMENTO","30/01/2026 00:00:00","RENTABILIDADE","1","160","","","Rendimentos","ENTRADA","5336.11"
"2026","1210","","1210","","","","","1","Tesouro","","","","110","GERAL","0","","","1","1","Banco do Brasil S.A.","2763","4","0000030006","3","BCO BRASIL - CONTA MOVIMENTO","07/01/2026 00:00:00","CREDITO_CONTA_CORRENTE","CONTA_BANCARIA","2","124","","","","","LANÇAMENTO DE RECEITA","ENTRADA","5520.65","1407","147474.28","423923.79","87627.75","","3595443.34","5336.11","2243042.88","36576.66","318469.79","556301.83","312487.67","842225.48","","","0","0","","","2026","1210","","","1","Tesouro","","","111","REMUNERAÇÃO DE APLICAÇÕES FINANCEIRAS","0","","111.0000","1","1","Banco do Brasil S.A.","2763","4","0000030006","3","BCO BRASIL - CONTA MOVIMENTO","30/01/2026 00:00:00","RENTABILIDADE","1","160","","","Rendimentos","ENTRADA","5336.11"
"2026","1210","","1210","","","","","1","Tesouro","","","","110","GERAL","0","","","1","1","Banco do Brasil S.A.","2763","4","0000030006","3","BCO BRASIL - CONTA MOVIMENTO","07/01/2026 00:00:00","DEBITO_CONTA_CORRENTE","CONTA_BANCARIA","2","","108","16641","","","NE 16110/2025","SAIDA","1400","1407","147474.28","422523.79","87627.75","","3595443.34","5336.11","2243042.88","36576.66","318469.79","556301.83","312487.67","842225.48","","","0","0","AutorizacaoPagamento{exercicioContabil=2026, numero=108, Juridicionado=01 - PREFEITURA MUNICIPAL DE VARGEM GRANDE DO SUL}","","2026","1210","","","1","Tesouro","","","111","REMUNERAÇÃO DE APLICAÇÕES FINANCEIRAS","0","","111.0000","1","1","Banco do Brasil S.A.","2763","4","0000030006","3","BCO BRASIL - CONTA MOVIMENTO","30/01/2026 00:00:00","RENTABILIDADE","1","160","","","Rendimentos","ENTRADA","5336.11"
"2026","1210","","1210","","","","","19","RECURSOS EXTRAÓRÇAMENTÁRIOS","","","","190","MOVIMENTAÇÕES EXTRAORÇAMENTÁRIAS GERAL","0","","","1","1","Banco do Brasil S.A.","2763","4","0000030006","3","BCO BRASIL - CONTA MOVIMENTO","07/01/2026 00:00:00","DEBITO_CONTA_CORRENTE","CONTA_BANCARIA","2","","","","","","ANULACAO CONTAB. AUTOMÁTICA - RECEB. DA GUIA EXTRA-ORÇAMENTÁRIA: 12","SAIDA","12.13","1407","147474.28","422511.66","87627.75","","3595443.34","5336.11","2243042.88","36576.66","318469.79","556301.83","312487.67","842225.48","","","0","0","","","2026","1210","","","1","Tesouro","","","111","REMUNERAÇÃO DE APLICAÇÕES FINANCEIRAS","0","","111.0000","1","1","Banco do Brasil S.A.","2763","4","0000030006","3","BCO BRASIL - CONTA MOVIMENTO","30/01/2026 00:00:00","RENTABILIDADE","1","160","","","Rendimentos","ENTRADA","5336.11"
"2026","1210","","1210","","","","","19","RECURSOS EXTRAÓRÇAMENTÁRIOS","","","","190","MOVIMENTAÇÕES EXTRAORÇAMENTÁRIAS GERAL","0","","","1","1","Banco do Brasil S.A.","2763","4","0000030006","3","BCO BRASIL - CONTA MOVIMENTO","07/01/2026 00:00:00","CREDITO_CONTA_CORRENTE","CONTA_BANCARIA","2","12","","","","","CONTAB. AUTOMÁTICA - RECEB. DA GUIA EXTRA-ORÇAMENTÁRIA: 12","ENTRADA","12.13","1407","147474.28","422523.79","87627.75","","3595443.34","5336.11","2243042.88","36576.66","318469.79","556301.83","312487.67","842225.48","","","0","0","","","2026","1210","","","1","Tesouro","","","111","REMUNERAÇÃO DE APLICAÇÕES FINANCEIRAS","0","","111.0000","1","1","Banco do Brasil S.A.","2763","4","0000030006","3","BCO BRASIL - CONTA MOVIMENTO","30/01/2026 00:00:00","RENTABILIDADE","1","160","","","Rendimentos","ENTRADA","5336.11"
"2026","1210","","1210","","","","","1","Tesouro","","","","110","GERAL","0","","","1","1","Banco do Brasil S.A.","2763","4","0000030006","3","BCO BRASIL - CONTA MOVIMENTO","07/01/2026 00:00:00","CREDITO_CONTA_CORRENTE","CONTA_BANCARIA","3","748","","","","","CONTAB. AUTOMÁTICA - RECEB. DA GUIA ORÇAMENTÁRIA: 748","ENTRADA","3697.76","1407","147474.28","426221.55","87627.75","","3595443.34","5336.11","2243042.88","36576.66","318469.79","556301.83","312487.67","842225.48","","","0","0","","","2026","1210","","","1","Tesouro","","","111","REMUNERAÇÃO DE APLICAÇÕES FINANCEIRAS","0","","111.0000","1","1","Banco do Brasil S.A.","2763","4","0000030006","3","BCO BRASIL - CONTA MOVIMENTO","30/01/2026 00:00:00","RENTABILIDADE","1","160","","","Rendimentos","ENTRADA","5336.11"
"2026","1210","","1210","","","","","1","Tesouro","","","","110","GERAL","0","","","1","1","Banco do Brasil S.A.","2763","4","0000030006","3","BCO BRASIL - CONTA MOVIMENTO","07/01/2026 00:00:00","DEBITO_CONTA_CORRENTE","CONTA_BANCARIA","3","","117","16650","","","NE 18800/2025","SAIDA","10680.05","1407","147474.28","415541.5","87627.75","","3595443.34","5336.11","2243042.88","36576.66","318469.79","556301.83","312487.67","842225.48","","","0","0","AutorizacaoPagamento{exercicioContabil=2026, numero=117, Juridicionado=01 - PREFEITURA MUNICIPAL DE VARGEM GRANDE DO SUL}","","2026","1210","","","1","Tesouro","","","111","REMUNERAÇÃO DE APLICAÇÕES FINANCEIRAS","0","","111.0000","1","1","Banco do Brasil S.A.","2763","4","0000030006","3","BCO BRASIL - CONTA MOVIMENTO","30/01/2026 00:00:00","RENTABILIDADE","1","160","","","Rendimentos","ENTRADA","5336.11"
"2026","1210","","1210","","","","","1","Tesouro","","","","110","GERAL","0","","","1","1","Banco do Brasil S.A.","2763","4","0000030006","3","BCO BRASIL - CONTA MOVIMENTO","07/01/2026 00:00:00","DEBITO_CONTA_CORRENTE","CONTA_BANCARIA","4","","","","14","","Transferência Aut. para compensação de Descontos de parcelas: Aut. Pagto.[117/2026].","SAIDA","897.32","1407","147474.28","414644.18","87627.75","","3595443.34","5336.11","2243042.88","36576.66","318469.79","556301.83","312487.67","842225.48","","","0","0","","","2026","1210","","","1","Tesouro","","","111","REMUNERAÇÃO DE APLICAÇÕES FINANCEIRAS","0","","111.0000","1","1","Banco do Brasil S.A.","2763","4","0000030006","3","BCO BRASIL - CONTA MOVIMENTO","30/01/2026 00:00:00","RENTABILIDADE","1","160","","","Rendimentos","ENTRADA","5336.11"
"2026","1210","","1210","","","","","19","RECURSOS EXTRAÓRÇAMENTÁRIOS","","","","190","MOVIMENTAÇÕES EXTRAORÇAMENTÁRIAS GERAL","0","","","1","1","Banco do Brasil S.A.","2763","4","0000030006","3","BCO BRASIL - CONTA MOVIMENTO","07/01/2026 00:00:00","CREDITO_CONTA_CORRENTE","CONTA_BANCARIA","4","107","","","","","CONTAB. AUTOMÁTICA - RECEB. DA GUIA EXTRA-ORÇAMENTÁRIA: 107","ENTRADA","12.13","1407","147474.28","414656.31","87627.75","","3595443.34","5336.11","2243042.88","36576.66","318469.79","556301.83","312487.67","842225.48","","","0","0","","","2026","1210","","","1","Tesouro","","","111","REMUNERAÇÃO DE APLICAÇÕES FINANCEIRAS","0","","111.0000","1","1","Banco do Brasil S.A.","2763","4","0000030006","3","BCO BRASIL - CONTA MOVIMENTO","30/01/2026 00:00:00","RENTABILIDADE","1","160","","","Rendimentos","ENTRADA","5336.11"
"2026","1210","","1210","","","","","19","RECURSOS EXTRAÓRÇAMENTÁRIOS","","","","190","MOVIMENTAÇÕES EXTRAORÇAMENTÁRIAS GERAL","0","","","1","1","Banco do Brasil S.A.","2763","4","0000030006","3","BCO BRASIL - CONTA MOVIMENTO","07/01/2026 00:00:00","DEBITO_CONTA_CORRENTE","CONTA_BANCARIA","5","","118","16651","","","DE 3/2026","SAIDA","897.32","1407","147474.28","413758.99","87627.75","","3595443.34","5336.11","2243042.88","36576.66","318469.79","556301.83","312487.67","842225.48","","","0","0","AutorizacaoPagamento{exercicioContabil=2026, numero=118, Juridicionado=01 - PREFEITURA MUNICIPAL DE VARGEM GRANDE DO SUL}","","2026","1210","","","1","Tesouro","","","111","REMUNERAÇÃO DE APLICAÇÕES FINANCEIRAS","0","","111.0000","1","1","Banco do Brasil S.A.","2763","4","0000030006","3","BCO BRASIL - CONTA MOVIMENTO","30/01/2026 00:00:00","RENTABILIDADE","1","160","","","Rendimentos","ENTRADA","5336.11"
"2026","1210","","1210","","","","","1","Tesouro","","","","110","GERAL","0","","","1","1","Banco do Brasil S.A.","2763","4","0000030006","3","BCO BRASIL - CONTA MOVIMENTO","08/01/2026 00:00:00","DEBITO_CONTA_CORRENTE","CONTA_BANCARIA","1","","","","","758","ANULACAO CONTAB. AUTOMÁTICA - RECEB. DA GUIA ORÇAMENTÁRIA: 339","SAIDA","1859.36","1407","147474.28","411899.63","87627.75","","3595443.34","5336.11","2243042.88","36576.66","318469.79","556301.83","312487.67","842225.48","","","0","0","","","2026","1210","","","1","Tesouro","","","111","REMUNERAÇÃO DE APLICAÇÕES FINANCEIRAS","0","","111.0000","1","1","Banco do Brasil S.A.","2763","4","0000030006","3","BCO BRASIL - CONTA MOVIMENTO","30/01/2026 00:00:00","RENTABILIDADE","1","160","","","Rendimentos","ENTRADA","5336.11"
"2026","1210","","1210","","","","","1","Tesouro","","","","110","GERAL","0","","","1","1","Banco do Brasil S.A.","2763","4","0000030006","3","BCO BRASIL - CONTA MOVIMENTO","08/01/2026 00:00:00","DEBITO_CONTA_CORRENTE","CONTA_BANCARIA","1","","","","","758","ANULACAO CONTAB. AUTOMÁTICA - RECEB. DA GUIA ORÇAMENTÁRIA: 339","SAIDA","6.08","1407","147474.28","411893.55","87627.75","","3595443.34","5336.11","2243042.88","36576.66","318469.79","556301.83","312487.67","842225.48","","","0","0","","","2026","1210","","","1","Tesouro","","","111","REMUNERAÇÃO DE APLICAÇÕES FINANCEIRAS","0","","111.0000","1","1","Banco do Brasil S.A.","2763","4","0000030006","3","BCO BRASIL - CONTA MOVIMENTO","30/01/2026 00:00:00","RENTABILIDADE","1","160","","","Rendimentos","ENTRADA","5336.11"
"2026","1210","","1210","","","","","1","Tesouro","","","","110","GERAL","0","","","1","1","Banco do Brasil S.A.","2763","4","0000030006","3","BCO BRASIL - CONTA MOVIMENTO","08/01/2026 00:00:00","DEBITO_CONTA_CORRENTE","CONTA_BANCARIA","1","","","","","758","ANULACAO CONTAB. AUTOMÁTICA - RECEB. DA GUIA ORÇAMENTÁRIA: 339","SAIDA","3.71","1407","147474.28","411889.84","87627.75","","3595443.34","5336.11","2243042.88","36576.66","318469.79","556301.83","312487.67","842225.48","","","0","0","","","2026","1210","","","1","Tesouro","","","111","REMUNERAÇÃO DE APLICAÇÕES FINANCEIRAS","0","","111.0000","1","1","Banco do Brasil S.A.","2763","4","0000030006","3","BCO BRASIL - CONTA MOVIMENTO","30/01/2026 00:00:00","RENTABILIDADE","1","160","","","Rendimentos","ENTRADA","5336.11"
"2026","1210","","1210","","","","","1","Tesouro","","","","110","GERAL","0","","","1","1","Banco do Brasil S.A.","2763","4","0000030006","3","BCO BRASIL - CONTA MOVIMENTO","08/01/2026 00:00:00","DEBITO_CONTA_CORRENTE","CONTA_BANCARIA","1","","","","","758","ANULACAO CONTAB. AUTOMÁTICA - RECEB. DA GUIA ORÇAMENTÁRIA: 339","SAIDA","61.17","1407","147474.28","411828.67","87627.75","","3595443.34","5336.11","2243042.88","36576.66","318469.79","556301.83","312487.67","842225.48","","","0","0","","","2026","1210","","","1","Tesouro","","","111","REMUNERAÇÃO DE APLICAÇÕES FINANCEIRAS","0","","111.0000","1","1","Banco do Brasil S.A.","2763","4","0000030006","3","BCO BRASIL - CONTA MOVIMENTO","30/01/2026 00:00:00","RENTABILIDADE","1","160","","","Rendimentos","ENTRADA","5336.11"
"2026","1210","","1210","","","","","1","Tesouro","","","","110","GERAL","0","","","1","1","Banco do Brasil S.A.","2763","4","0000030006","3","BCO BRASIL - CONTA MOVIMENTO","08/01/2026 00:00:00","DEBITO_CONTA_CORRENTE","CONTA_BANCARIA","1","","","","","758","ANULACAO CONTAB. AUTOMÁTICA - RECEB. DA GUIA ORÇAMENTÁRIA: 339","SAIDA","310.71","1407","147474.28","411517.96","87627.75","","3595443.34","5336.11","2243042.88","36576.66","318469.79","556301.83","312487.67","842225.48","","","0","0","","","2026","1210","","","1","Tesouro","","","111","REMUNERAÇÃO DE APLICAÇÕES FINANCEIRAS","0","","111.0000","1","1","Banco do Brasil S.A.","2763","4","0000030006","3","BCO BRASIL - CONTA MOVIMENTO","30/01/2026 00:00:00","RENTABILIDADE","1","160","","","Rendimentos","ENTRADA","5336.11"
"2026","1210","","1210","","","","","1","Tesouro","","","","110","GERAL","0","","","1","1","Banco do Brasil S.A.","2763","4","0000030006","3","BCO BRASIL - CONTA MOVIMENTO","08/01/2026 00:00:00","DEBITO_CONTA_CORRENTE","CONTA_BANCARIA","1","","","","","758","ANULACAO CONTAB. AUTOMÁTICA - RECEB. DA GUIA ORÇAMENTÁRIA: 339","SAIDA","1268.1","1407","147474.28","410249.86","87627.75","","3595443.34","5336.11","2243042.88","36576.66","318469.79","556301.83","312487.67","842225.48","","","0","0","","","2026","1210","","","1","Tesouro","","","111","REMUNERAÇÃO DE APLICAÇÕES FINANCEIRAS","0","","111.0000","1","1","Banco do Brasil S.A.","2763","4","0000030006","3","BCO BRASIL - CONTA MOVIMENTO","30/01/2026 00:00:00","RENTABILIDADE","1","160","","","Rendimentos","ENTRADA","5336.11"
"2026","1210","","1210","","","","","1","Tesouro","","","","110","GERAL","0","","","1","1","Banco do Brasil S.A.","2763","4","0000030006","3","BCO BRASIL - CONTA MOVIMENTO","08/01/2026 00:00:00","DEBITO_CONTA_CORRENTE","CONTA_BANCARIA","1","","","","","758","ANULACAO CONTAB. AUTOMÁTICA - RECEB. DA GUIA ORÇAMENTÁRIA: 339","SAIDA","0.81","1407","147474.28","410249.05","87627.75","","3595443.34","5336.11","2243042.88","36576.66","318469.79","556301.83","312487.67","842225.48","","","0","0","","","2026","1210","","","1","Tesouro","","","111","REMUNERAÇÃO DE APLICAÇÕES FINANCEIRAS","0","","111.0000","1","1","Banco do Brasil S.A.","2763","4","0000030006","3","BCO BRASIL - CONTA MOVIMENTO","30/01/2026 00:00:00","RENTABILIDADE","1","160","","","Rendimentos","ENTRADA","5336.11"
"2026","1210","","1210","","","","","1","Tesouro","","","","110","GERAL","0","","","1","1","Banco do Brasil S.A.","2763","4","0000030006","3","BCO BRASIL - CONTA MOVIMENTO","08/01/2026 00:00:00","CREDITO_CONTA_CORRENTE","CONTA_BANCARIA","1","339","","","","","CONTAB. AUTOMÁTICA - RECEB. DA GUIA ORÇAMENTÁRIA: 339","ENTRADA","4512.05","1407","147474.28","414761.1","87627.75","","3595443.34","5336.11","2243042.88","36576.66","318469.79","556301.83","312487.67","842225.48","","","0","0","","","2026","1210","","","1","Tesouro","","","111","REMUNERAÇÃO DE APLICAÇÕES FINANCEIRAS","0","","111.0000","1","1","Banco do Brasil S.A.","2763","4","0000030006","3","BCO BRASIL - CONTA MOVIMENTO","30/01/2026 00:00:00","RENTABILIDADE","1","160","","","Rendimentos","ENTRADA","5336.11"
"2026","1210","","1210","","","","","1","Tesouro","","","","110","GERAL","0","","","1","1","Banco do Brasil S.A.","2763","4","0000030006","3","BCO BRASIL - CONTA MOVIMENTO","08/01/2026 00:00:00","DEBITO_CONTA_CORRENTE","CONTA_BANCARIA","1","","","","","758","ANULACAO CONTAB. AUTOMÁTICA - RECEB. DA GUIA ORÇAMENTÁRIA: 339","SAIDA","173.2","1407","147474.28","414587.9","87627.75","","3595443.34","5336.11","2243042.88","36576.66","318469.79","556301.83","312487.67","842225.48","","","0","0","","","2026","1210","","","1","Tesouro","","","111","REMUNERAÇÃO DE APLICAÇÕES FINANCEIRAS","0","","111.0000","1","1","Banco do Brasil S.A.","2763","4","0000030006","3","BCO BRASIL - CONTA MOVIMENTO","30/01/2026 00:00:00","RENTABILIDADE","1","160","","","Rendimentos","ENTRADA","5336.11"
"2026","1210","","1210","","","","","1","Tesouro","","","","110","GERAL","0","","","1","1","Banco do Brasil S.A.","2763","4","0000030006","3","BCO BRASIL - CONTA MOVIMENTO","08/01/2026 00:00:00","DEBITO_CONTA_CORRENTE","CONTA_BANCARIA","1","","","","","758","ANULACAO CONTAB. AUTOMÁTICA - RECEB. DA GUIA ORÇAMENTÁRIA: 339","SAIDA","2.32","1407","147474.28","414585.58","87627.75","","3595443.34","5336.11","2243042.88","36576.66","318469.79","556301.83","312487.67","842225.48","","","0","0","","","2026","1210","","","1","Tesouro","","","111","REMUNERAÇÃO DE APLICAÇÕES FINANCEIRAS","0","","111.0000","1","1","Banco do Brasil S.A.","2763","4","0000030006","3","BCO BRASIL - CONTA MOVIMENTO","30/01/2026 00:00:00","RENTABILIDADE","1","160","","","Rendimentos","ENTRADA","5336.11"
"2026","1210","","1210","","","","","1","Tesouro","","","","110","GERAL","0","","","1","1","Banco do Brasil S.A.","2763","4","0000030006","3","BCO BRASIL - CONTA MOVIMENTO","08/01/2026 00:00:00","DEBITO_CONTA_CORRENTE","CONTA_BANCARIA","1","","","","","758","ANULACAO CONTAB. AUTOMÁTICA - RECEB. DA GUIA ORÇAMENTÁRIA: 339","SAIDA","468.03","1407","147474.28","414117.55","87627.75","","3595443.34","5336.11","2243042.88","36576.66","318469.79","556301.83","312487.67","842225.48","","","0","0","","","2026","1210","","","1","Tesouro","","","111","REMUNERAÇÃO DE APLICAÇÕES FINANCEIRAS","0","","111.0000","1","1","Banco do Brasil S.A.","2763","4","0000030006","3","BCO BRASIL - CONTA MOVIMENTO","30/01/2026 00:00:00","RENTABILIDADE","1","160","","","Rendimentos","ENTRADA","5336.11"
"2026","1210","","1210","","","","","1","Tesouro","","","","110","GERAL","0","","","1","1","Banco do Brasil S.A.","2763","4","0000030006","3","BCO BRASIL - CONTA MOVIMENTO","08/01/2026 00:00:00","DEBITO_CONTA_CORRENTE","CONTA_BANCARIA","1","","122","16655","","","NE 14598/2025","SAIDA","5595.56","1407","147474.28","408521.99","87627.75","","3595443.34","5336.11","2243042.88","36576.66","318469.79","556301.83","312487.67","842225.48","","","0","0","AutorizacaoPagamento{exercicioContabil=2026, numero=122, Juridicionado=01 - PREFEITURA MUNICIPAL DE VARGEM GRANDE DO SUL}","","2026","1210","","","1","Tesouro","","","111","REMUNERAÇÃO DE APLICAÇÕES FINANCEIRAS","0","","111.0000","1","1","Banco do Brasil S.A.","2763","4","0000030006","3","BCO BRASIL - CONTA MOVIMENTO","30/01/2026 00:00:00","RENTABILIDADE","1","160","","","Rendimentos","ENTRADA","5336.11"
"2026","1210","","1210","","","","","1","Tesouro","","","","110","GERAL","0","","","1","1","Banco do Brasil S.A.","2763","4","0000030006","3","BCO BRASIL - CONTA MOVIMENTO","08/01/2026 00:00:00","DEBITO_CONTA_CORRENTE","CONTA_BANCARIA","1","","","","","758","ANULACAO CONTAB. AUTOMÁTICA - RECEB. DA GUIA ORÇAMENTÁRIA: 339","SAIDA","304.56","1407","147474.28","408217.43","87627.75","","3595443.34","5336.11","2243042.88","36576.66","318469.79","556301.83","312487.67","842225.48","","","0","0","","","2026","1210","","","1","Tesouro","","","111","REMUNERAÇÃO DE APLICAÇÕES FINANCEIRAS","0","","111.0000","1","1","Banco do Brasil S.A.","2763","4","0000030006","3","BCO BRASIL - CONTA MOVIMENTO","30/01/2026 00:00:00","RENTABILIDADE","1","160","","","Rendimentos","ENTRADA","5336.11"
"2026","1210","","1210","","","","","1","Tesouro","","","","110","GERAL","0","","","1","1","Banco do Brasil S.A.","2763","4","0000030006","3","BCO BRASIL - CONTA MOVIMENTO","08/01/2026 00:00:00","DEBITO_CONTA_CORRENTE","CONTA_BANCARIA","1","","","","","758","ANULACAO CONTAB. AUTOMÁTICA - RECEB. DA GUIA ORÇAMENTÁRIA: 339","SAIDA","54","1407","147474.28","408163.43","87627.75","","3595443.34","5336.11","2243042.88","36576.66","318469.79","556301.83","312487.67","842225.48","","","0","0","","","2026","1210","","","1","Tesouro","","","111","REMUNERAÇÃO DE APLICAÇÕES FINANCEIRAS","0","","111.0000","1","1","Banco do Brasil S.A.","2763","4","0000030006","3","BCO BRASIL - CONTA MOVIMENTO","30/01/2026 00:00:00","RENTABILIDADE","1","160","","","Rendimentos","ENTRADA","5336.11"
"2026","1210","","1210","","","","","1","Tesouro","","","","110","GERAL","0","","","1","1","Banco do Brasil S.A.","2763","4","0000030006","3","BCO BRASIL - CONTA MOVIMENTO","08/01/2026 00:00:00","DEBITO_CONTA_CORRENTE","CONTA_BANCARIA","2","","126","16659","","","NE 17941/2025","SAIDA","9075.06","1407","147474.28","399088.37","87627.75","","3595443.34","5336.11","2243042.88","36576.66","318469.79","556301.83","312487.67","842225.48","","","0","0","AutorizacaoPagamento{exercicioContabil=2026, numero=126, Juridicionado=01 - PREFEITURA MUNICIPAL DE VARGEM GRANDE DO SUL}","","2026","1210","","","1","Tesouro","","","111","REMUNERAÇÃO DE APLICAÇÕES FINANCEIRAS","0","","111.0000","1","1","Banco do Brasil S.A.","2763","4","0000030006","3","BCO BRASIL - CONTA MOVIMENTO","30/01/2026 00:00:00","RENTABILIDADE","1","160","","","Rendimentos","ENTRADA","5336.11"
"2026","1210","","1210","","","","","19","RECURSOS EXTRAÓRÇAMENTÁRIOS","","","","190","MOVIMENTAÇÕES EXTRAORÇAMENTÁRIAS GERAL","0","","","1","1","Banco do Brasil S.A.","2763","4","0000030006","3","BCO BRASIL - CONTA MOVIMENTO","08/01/2026 00:00:00","CREDITO_CONTA_CORRENTE","CONTA_BANCARIA","2","14","","","","","CONTAB. AUTOMÁTICA - RECEB. DA GUIA EXTRA-ORÇAMENTÁRIA: 14","ENTRADA","25.93","1407","147474.28","399114.3","87627.75","","3595443.34","5336.11","2243042.88","36576.66","318469.79","556301.83","312487.67","842225.48","","","0","0","","","2026","1210","","","1","Tesouro","","","111","REMUNERAÇÃO DE APLICAÇÕES FINANCEIRAS","0","","111.0000","1","1","Banco do Brasil S.A.","2763","4","0000030006","3","BCO BRASIL - CONTA MOVIMENTO","30/01/2026 00:00:00","RENTABILIDADE","1","160","","","Rendimentos","ENTRADA","5336.11"
"2026","1210","","1210","","","","","19","RECURSOS EXTRAÓRÇAMENTÁRIOS","","","","190","MOVIMENTAÇÕES EXTRAORÇAMENTÁRIAS GERAL","0","","","1","1","Banco do Brasil S.A.","2763","4","0000030006","3","BCO BRASIL - CONTA MOVIMENTO","08/01/2026 00:00:00","DEBITO_CONTA_CORRENTE","CONTA_BANCARIA","2","","","","","","ANULACAO CONTAB. AUTOMÁTICA - RECEB. DA GUIA EXTRA-ORÇAMENTÁRIA: 14","SAIDA","25.93","1407","147474.28","399088.37","87627.75","","3595443.34","5336.11","2243042.88","36576.66","318469.79","556301.83","312487.67","842225.48","","","0","0","","","2026","1210","","","1","Tesouro","","","111","REMUNERAÇÃO DE APLICAÇÕES FINANCEIRAS","0","","111.0000","1","1","Banco do Brasil S.A.","2763","4","0000030006","3","BCO BRASIL - CONTA MOVIMENTO","30/01/2026 00:00:00","RENTABILIDADE","1","160","","","Rendimentos","ENTRADA","5336.11"
"2026","1210","","1210","","","","","1","Tesouro","","","","110","GERAL","0","","","1","1","Banco do Brasil S.A.","2763","4","0000030006","3","BCO BRASIL - CONTA MOVIMENTO","08/01/2026 00:00:00","CREDITO_CONTA_CORRENTE","CONTA_BANCARIA","3","752","","","","","CONTAB. AUTOMÁTICA - RECEB. DA GUIA ORÇAMENTÁRIA: 752","ENTRADA","4512.05","1407","147474.28","403600.42","87627.75","","3595443.34","5336.11","2243042.88","36576.66","318469.79","556301.83","312487.67","842225.48","","","0","0","","","2026","1210","","","1","Tesouro","","","111","REMUNERAÇÃO DE APLICAÇÕES FINANCEIRAS","0","","111.0000","1","1","Banco do Brasil S.A.","2763","4","0000030006","3","BCO BRASIL - CONTA MOVIMENTO","30/01/2026 00:00:00","RENTABILIDADE","1","160","","","Rendimentos","ENTRADA","5336.11"
"2026","1210","","1210","","","","","1","Tesouro","","","","110","GERAL","0","","","1","1","Banco do Brasil S.A.","2763","4","0000030006","3","BCO BRASIL - CONTA MOVIMENTO","08/01/2026 00:00:00","DEBITO_CONTA_CORRENTE","CONTA_BANCARIA","3","","127","16660","","","NE 1243/2025","SAIDA","5926.1","1407","147474.28","397674.32","87627.75","","3595443.34","5336.11","2243042.88","36576.66","318469.79","556301.83","312487.67","842225.48","","","0","0","AutorizacaoPagamento{exercicioContabil=2026, numero=127, Juridicionado=01 - PREFEITURA MUNICIPAL DE VARGEM GRANDE DO SUL}","","2026","1210","","","1","Tesouro","","","111","REMUNERAÇÃO DE APLICAÇÕES FINANCEIRAS","0","","111.0000","1","1","Banco do Brasil S.A.","2763","4","0000030006","3","BCO BRASIL - CONTA MOVIMENTO","30/01/2026 00:00:00","RENTABILIDADE","1","160","","","Rendimentos","ENTRADA","5336.11"
"2026","1210","","1210","","","","","1","Tesouro","","","","110","GERAL","0","","","1","1","Banco do Brasil S.A.","2763","4","0000030006","3","BCO BRASIL - CONTA MOVIMENTO","08/01/2026 00:00:00","DEBITO_CONTA_CORRENTE","CONTA_BANCARIA","4","","129","16662","","","NE 1244/2025","SAIDA","5926.1","1407","147474.28","391748.22","87627.75","","3595443.34","5336.11","2243042.88","36576.66","318469.79","556301.83","312487.67","842225.48","","","0","0","AutorizacaoPagamento{exercicioContabil=2026, numero=129, Juridicionado=01 - PREFEITURA MUNICIPAL DE VARGEM GRANDE DO SUL}","","2026","1210","","","1","Tesouro","","","111","REMUNERAÇÃO DE APLICAÇÕES FINANCEIRAS","0","","111.0000","1","1","Banco do Brasil S.A.","2763","4","0000030006","3","BCO BRASIL - CONTA MOVIMENTO","30/01/2026 00:00:00","RENTABILIDADE","1","160","","","Rendimentos","ENTRADA","5336.11"
"2026","1210","","1210","","","","","19","RECURSOS EXTRAÓRÇAMENTÁRIOS","","","","190","MOVIMENTAÇÕES EXTRAORÇAMENTÁRIAS GERAL","0","","","1","1","Banco do Brasil S.A.","2763","4","0000030006","3","BCO BRASIL - CONTA MOVIMENTO","08/01/2026 00:00:00","CREDITO_CONTA_CORRENTE","CONTA_BANCARIA","4","109","","","","","CONTAB. AUTOMÁTICA - RECEB. DA GUIA EXTRA-ORÇAMENTÁRIA: 109","ENTRADA","25.93","1407","147474.28","391774.15","87627.75","","3595443.34","5336.11","2243042.88","36576.66","318469.79","556301.83","312487.67","842225.48","","","0","0","","","2026","1210","","","1","Tesouro","","","111","REMUNERAÇÃO DE APLICAÇÕES FINANCEIRAS","0","","111.0000","1","1","Banco do Brasil S.A.","2763","4","0000030006","3","BCO BRASIL - CONTA MOVIMENTO","30/01/2026 00:00:00","RENTABILIDADE","1","160","","","Rendimentos","ENTRADA","5336.11"
"2026","1210","","1210","","","","","1","Tesouro","","","","110","GERAL","0","","","1","1","Banco do Brasil S.A.","2763","4","0000030006","3","BCO BRASIL - CONTA MOVIMENTO","08/01/2026 00:00:00","DEBITO_CONTA_CORRENTE","CONTA_BANCARIA","5","","","","23","","Transf ref pagto Conselheiros Tutelares Janeiro/2026","SAIDA","15695.65","1407","147474.28","376078.5","87627.75","","3595443.34","5336.11","2243042.88","36576.66","318469.79","556301.83","312487.67","842225.48","","","0","0","","","2026","1210","","","1","Tesouro","","","111","REMUNERAÇÃO DE APLICAÇÕES FINANCEIRAS","0","","111.0000","1","1","Banco do Brasil S.A.","2763","4","0000030006","3","BCO BRASIL - CONTA MOVIMENTO","30/01/2026 00:00:00","RENTABILIDADE","1","160","","","Rendimentos","ENTRADA","5336.11"
"2026","1210","","1210","","","","","1","Tesouro","","","","110","GERAL","0","","","1","1","Banco do Brasil S.A.","2763","4","0000030006","3","BCO BRASIL - CONTA MOVIMENTO","08/01/2026 00:00:00","DEBITO_CONTA_CORRENTE","CONTA_BANCARIA","6","","138","16671","","","NE 18909/2025","SAIDA","2695","1407","147474.28","373383.5","87627.75","","3595443.34","5336.11","2243042.88","36576.66","318469.79","556301.83","312487.67","842225.48","","","0","0","AutorizacaoPagamento{exercicioContabil=2026, numero=138, Juridicionado=01 - PREFEITURA MUNICIPAL DE VARGEM GRANDE DO SUL}","","2026","1210","","","1","Tesouro","","","111","REMUNERAÇÃO DE APLICAÇÕES FINANCEIRAS","0","","111.0000","1","1","Banco do Brasil S.A.","2763","4","0000030006","3","BCO BRASIL - CONTA MOVIMENTO","30/01/2026 00:00:00","RENTABILIDADE","1","160","","","Rendimentos","ENTRADA","5336.11"
"2026","1210","","1210","","","","","1","Tesouro","","","","110","GERAL","0","","","1","1","Banco do Brasil S.A.","2763","4","0000030006","3","BCO BRASIL - CONTA MOVIMENTO","08/01/2026 00:00:00","DEBITO_CONTA_CORRENTE","CONTA_BANCARIA","7","","140","16673","","","NE 15128/2025","SAIDA","119214.25","1407","147474.28","254169.25","87627.75","","3595443.34","5336.11","2243042.88","36576.66","318469.79","556301.83","312487.67","842225.48","","","0","0","AutorizacaoPagamento{exercicioContabil=2026, numero=140, Juridicionado=01 - PREFEITURA MUNICIPAL DE VARGEM GRANDE DO SUL}","","2026","1210","","","1","Tesouro","","","111","REMUNERAÇÃO DE APLICAÇÕES FINANCEIRAS","0","","111.0000","1","1","Banco do Brasil S.A.","2763","4","0000030006","3","BCO BRASIL - CONTA MOVIMENTO","30/01/2026 00:00:00","RENTABILIDADE","1","160","","","Rendimentos","ENTRADA","5336.11"
"2026","1210","","1210","","","","","19","RECURSOS EXTRAÓRÇAMENTÁRIOS","","","","190","MOVIMENTAÇÕES EXTRAORÇAMENTÁRIAS GERAL","0","","","1","1","Banco do Brasil S.A.","2763","4","0000030006","3","BCO BRASIL - CONTA MOVIMENTO","08/01/2026 00:00:00","DEBITO_CONTA_CORRENTE","CONTA_BANCARIA","8","","200","16737","","","DE 05,06,07,08,09/2026","SAIDA","2004.9","1407","147474.28","252164.35","87627.75","","3595443.34","5336.11","2243042.88","36576.66","318469.79","556301.83","312487.67","842225.48","","","0","0","AutorizacaoPagamento{exercicioContabil=2026, numero=200, Juridicionado=01 - PREFEITURA MUNICIPAL DE VARGEM GRANDE DO SUL}","","2026","1210","","","1","Tesouro","","","111","REMUNERAÇÃO DE APLICAÇÕES FINANCEIRAS","0","","111.0000","1","1","Banco do Brasil S.A.","2763","4","0000030006","3","BCO BRASIL - CONTA MOVIMENTO","30/01/2026 00:00:00","RENTABILIDADE","1","160","","","Rendimentos","ENTRADA","5336.11"
"2026","1210","","1210","","","","","1","Tesouro","","","","110","GERAL","0","","","1","1","Banco do Brasil S.A.","2763","4","0000030006","3","BCO BRASIL - CONTA MOVIMENTO","09/01/2026 00:00:00","DEBITO_CONTA_CORRENTE","CONTA_BANCARIA","1","","","","","757","ANULACAO CONTAB. AUTOMÁTICA - RECEB. DA GUIA ORÇAMENTÁRIA: 343","SAIDA","564.63","1407","147474.28","251599.72","87627.75","","3595443.34","5336.11","2243042.88","36576.66","318469.79","556301.83","312487.67","842225.48","","","0","0","","","2026","1210","","","1","Tesouro","","","111","REMUNERAÇÃO DE APLICAÇÕES FINANCEIRAS","0","","111.0000","1","1","Banco do Brasil S.A.","2763","4","0000030006","3","BCO BRASIL - CONTA MOVIMENTO","30/01/2026 00:00:00","RENTABILIDADE","1","160","","","Rendimentos","ENTRADA","5336.11"
"2026","1210","","1210","","","","","1","Tesouro","","","","110","GERAL","0","","","1","1","Banco do Brasil S.A.","2763","4","0000030006","3","BCO BRASIL - CONTA MOVIMENTO","09/01/2026 00:00:00","DEBITO_CONTA_CORRENTE","CONTA_BANCARIA","1","","","","","757","ANULACAO CONTAB. AUTOMÁTICA - RECEB. DA GUIA ORÇAMENTÁRIA: 343","SAIDA","281.09","1407","147474.28","251318.63","87627.75","","3595443.34","5336.11","2243042.88","36576.66","318469.79","556301.83","312487.67","842225.48","","","0","0","","","2026","1210","","","1","Tesouro","","","111","REMUNERAÇÃO DE APLICAÇÕES FINANCEIRAS","0","","111.0000","1","1","Banco do Brasil S.A.","2763","4","0000030006","3","BCO BRASIL - CONTA MOVIMENTO","30/01/2026 00:00:00","RENTABILIDADE","1","160","","","Rendimentos","ENTRADA","5336.11"
"2026","1210","","1210","","","","","1","Tesouro","","","","110","GERAL","0","","","1","1","Banco do Brasil S.A.","2763","4","0000030006","3","BCO BRASIL - CONTA MOVIMENTO","09/01/2026 00:00:00","DEBITO_CONTA_CORRENTE","CONTA_BANCARIA","1","","","","","757","ANULACAO CONTAB. AUTOMÁTICA - RECEB. DA GUIA ORÇAMENTÁRIA: 343","SAIDA","19905.79","1407","147474.28","231412.84","87627.75","","3595443.34","5336.11","2243042.88","36576.66","318469.79","556301.83","312487.67","842225.48","","","0","0","","","2026","1210","","","1","Tesouro","","","111","REMUNERAÇÃO DE APLICAÇÕES FINANCEIRAS","0","","111.0000","1","1","Banco do Brasil S.A.","2763","4","0000030006","3","BCO BRASIL - CONTA MOVIMENTO","30/01/2026 00:00:00","RENTABILIDADE","1","160","","","Rendimentos","ENTRADA","5336.11"
"2026","1210","","1210","","","","","1","Tesouro","","","","110","GERAL","0","","","1","1","Banco do Brasil S.A.","2763","4","0000030006","3","BCO BRASIL - CONTA MOVIMENTO","09/01/2026 00:00:00","DEBITO_CONTA_CORRENTE","CONTA_BANCARIA","1","","","","","757","ANULACAO CONTAB. AUTOMÁTICA - RECEB. DA GUIA ORÇAMENTÁRIA: 343","SAIDA","986.89","1407","147474.28","230425.95","87627.75","","3595443.34","5336.11","2243042.88","36576.66","318469.79","556301.83","312487.67","842225.48","","","0","0","","","2026","1210","","","1","Tesouro","","","111","REMUNERAÇÃO DE APLICAÇÕES FINANCEIRAS","0","","111.0000","1","1","Banco do Brasil S.A.","2763","4","0000030006","3","BCO BRASIL - CONTA MOVIMENTO","30/01/2026 00:00:00","RENTABILIDADE","1","160","","","Rendimentos","ENTRADA","5336.11"
"2026","1210","","1210","","","","","1","Tesouro","","","","110","GERAL","0","","","1","1","Banco do Brasil S.A.","2763","4","0000030006","3","BCO BRASIL - CONTA MOVIMENTO","09/01/2026 00:00:00","DEBITO_CONTA_CORRENTE","CONTA_BANCARIA","1","","","","","757","ANULACAO CONTAB. AUTOMÁTICA - RECEB. DA GUIA ORÇAMENTÁRIA: 343","SAIDA","9.53","1407","147474.28","230416.42","87627.75","","3595443.34","5336.11","2243042.88","36576.66","318469.79","556301.83","312487.67","842225.48","","","0","0","","","2026","1210","","","1","Tesouro","","","111","REMUNERAÇÃO DE APLICAÇÕES FINANCEIRAS","0","","111.0000","1","1","Banco do Brasil S.A.","2763","4","0000030006","3","BCO BRASIL - CONTA MOVIMENTO","30/01/2026 00:00:00","RENTABILIDADE","1","160","","","Rendimentos","ENTRADA","5336.11"
"2026","1210","","1210","","","","","1","Tesouro","","","","110","GERAL","0","","","1","1","Banco do Brasil S.A.","2763","4","0000030006","3","BCO BRASIL - CONTA MOVIMENTO","09/01/2026 00:00:00","DEBITO_CONTA_CORRENTE","CONTA_BANCARIA","1","","","","","757","ANULACAO CONTAB. AUTOMÁTICA - RECEB. DA GUIA ORÇAMENTÁRIA: 343","SAIDA","324.75","1407","147474.28","230091.67","87627.75","","3595443.34","5336.11","2243042.88","36576.66","318469.79","556301.83","312487.67","842225.48","","","0","0","","","2026","1210","","","1","Tesouro","","","111","REMUNERAÇÃO DE APLICAÇÕES FINANCEIRAS","0","","111.0000","1","1","Banco do Brasil S.A.","2763","4","0000030006","3","BCO BRASIL - CONTA MOVIMENTO","30/01/2026 00:00:00","RENTABILIDADE","1","160","","","Rendimentos","ENTRADA","5336.11"
"2026","1210","","1210","","","","","1","Tesouro","","","","110","GERAL","0","","","1","1","Banco do Brasil S.A.","2763","4","0000030006","3","BCO BRASIL - CONTA MOVIMENTO","09/01/2026 00:00:00","DEBITO_CONTA_CORRENTE","CONTA_BANCARIA","1","","","","","757","ANULACAO CONTAB. AUTOMÁTICA - RECEB. DA GUIA ORÇAMENTÁRIA: 343","SAIDA","60.57","1407","147474.28","230031.1","87627.75","","3595443.34","5336.11","2243042.88","36576.66","318469.79","556301.83","312487.67","842225.48","","","0","0","","","2026","1210","","","1","Tesouro","","","111","REMUNERAÇÃO DE APLICAÇÕES FINANCEIRAS","0","","111.0000","1","1","Banco do Brasil S.A.","2763","4","0000030006","3","BCO BRASIL - CONTA MOVIMENTO","30/01/2026 00:00:00","RENTABILIDADE","1","160","","","Rendimentos","ENTRADA","5336.11"
"2026","1210","","1210","","","","","1","Tesouro","","","","110","GERAL","0","","","1","1","Banco do Brasil S.A.","2763","4","0000030006","3","BCO BRASIL - CONTA MOVIMENTO","09/01/2026 00:00:00","DEBITO_CONTA_CORRENTE","CONTA_BANCARIA","1","","38","16571","","","NE 6/2026","SAIDA","7935.57","1407","147474.28","222095.53","87627.75","","3595443.34","5336.11","2243042.88","36576.66","318469.79","556301.83","312487.67","842225.48","","","0","0","AutorizacaoPagamento{exercicioContabil=2026, numero=38, Juridicionado=01 - PREFEITURA MUNICIPAL DE VARGEM GRANDE DO SUL}","","2026","1210","","","1","Tesouro","","","111","REMUNERAÇÃO DE APLICAÇÕES FINANCEIRAS","0","","111.0000","1","1","Banco do Brasil S.A.","2763","4","0000030006","3","BCO BRASIL - CONTA MOVIMENTO","30/01/2026 00:00:00","RENTABILIDADE","1","160","","","Rendimentos","ENTRADA","5336.11"
"2026","1210","","1210","","","","","1","Tesouro","","","","110","GERAL","0","","","1","1","Banco do Brasil S.A.","2763","4","0000030006","3","BCO BRASIL - CONTA MOVIMENTO","09/01/2026 00:00:00","DEBITO_CONTA_CORRENTE","CONTA_BANCARIA","1","","","","","757","ANULACAO CONTAB. AUTOMÁTICA - RECEB. DA GUIA ORÇAMENTÁRIA: 343","SAIDA","1938.99","1407","147474.28","220156.54","87627.75","","3595443.34","5336.11","2243042.88","36576.66","318469.79","556301.83","312487.67","842225.48","","","0","0","","","2026","1210","","","1","Tesouro","","","111","REMUNERAÇÃO DE APLICAÇÕES FINANCEIRAS","0","","111.0000","1","1","Banco do Brasil S.A.","2763","4","0000030006","3","BCO BRASIL - CONTA MOVIMENTO","30/01/2026 00:00:00","RENTABILIDADE","1","160","","","Rendimentos","ENTRADA","5336.11"
"2026","1210","","1210","","","","","1","Tesouro","","","","110","GERAL","0","","","1","1","Banco do Brasil S.A.","2763","4","0000030006","3","BCO BRASIL - CONTA MOVIMENTO","09/01/2026 00:00:00","DEBITO_CONTA_CORRENTE","CONTA_BANCARIA","1","","","","","757","ANULACAO CONTAB. AUTOMÁTICA - RECEB. DA GUIA ORÇAMENTÁRIA: 343","SAIDA","1954.82","1407","147474.28","218201.72","87627.75","","3595443.34","5336.11","2243042.88","36576.66","318469.79","556301.83","312487.67","842225.48","","","0","0","","","2026","1210","","","1","Tesouro","","","111","REMUNERAÇÃO DE APLICAÇÕES FINANCEIRAS","0","","111.0000","1","1","Banco do Brasil S.A.","2763","4","0000030006","3","BCO BRASIL - CONTA MOVIMENTO","30/01/2026 00:00:00","RENTABILIDADE","1","160","","","Rendimentos","ENTRADA","5336.11"
"2026","1210","","1210","","","","","1","Tesouro","","","","110","GERAL","0","","","1","1","Banco do Brasil S.A.","2763","4","0000030006","3","BCO BRASIL - CONTA MOVIMENTO","09/01/2026 00:00:00","DEBITO_CONTA_CORRENTE","CONTA_BANCARIA","1","","","","","757","ANULACAO CONTAB. AUTOMÁTICA - RECEB. DA GUIA ORÇAMENTÁRIA: 343","SAIDA","0.03","1407","147474.28","218201.69","87627.75","","3595443.34","5336.11","2243042.88","36576.66","318469.79","556301.83","312487.67","842225.48","","","0","0","","","2026","1210","","","1","Tesouro","","","111","REMUNERAÇÃO DE APLICAÇÕES FINANCEIRAS","0","","111.0000","1","1","Banco do Brasil S.A.","2763","4","0000030006","3","BCO BRASIL - CONTA MOVIMENTO","30/01/2026 00:00:00","RENTABILIDADE","1","160","","","Rendimentos","ENTRADA","5336.11"
"2026","1210","","1210","","","","","1","Tesouro","","","","110","GERAL","0","","","1","1","Banco do Brasil S.A.","2763","4","0000030006","3","BCO BRASIL - CONTA MOVIMENTO","09/01/2026 00:00:00","CREDITO_CONTA_CORRENTE","CONTA_BANCARIA","1","125","","","","","LANÇAMENTO DE RECEITA","ENTRADA","29657.57","1407","147474.28","247859.26","87627.75","","3595443.34","5336.11","2243042.88","36576.66","318469.79","556301.83","312487.67","842225.48","","","0","0","","","2026","1210","","","1","Tesouro","","","111","REMUNERAÇÃO DE APLICAÇÕES FINANCEIRAS","0","","111.0000","1","1","Banco do Brasil S.A.","2763","4","0000030006","3","BCO BRASIL - CONTA MOVIMENTO","30/01/2026 00:00:00","RENTABILIDADE","1","160","","","Rendimentos","ENTRADA","5336.11"
"2026","1210","","1210","","","","","1","Tesouro","","","","110","GERAL","0","","","1","1","Banco do Brasil S.A.","2763","4","0000030006","3","BCO BRASIL - CONTA MOVIMENTO","09/01/2026 00:00:00","CREDITO_CONTA_CORRENTE","CONTA_BANCARIA","1","343","","","","","CONTAB. AUTOMÁTICA - RECEB. DA GUIA ORÇAMENTÁRIA: 343","ENTRADA","31205.17","1407","147474.28","279064.43","87627.75","","3595443.34","5336.11","2243042.88","36576.66","318469.79","556301.83","312487.67","842225.48","","","0","0","","","2026","1210","","","1","Tesouro","","","111","REMUNERAÇÃO DE APLICAÇÕES FINANCEIRAS","0","","111.0000","1","1","Banco do Brasil S.A.","2763","4","0000030006","3","BCO BRASIL - CONTA MOVIMENTO","30/01/2026 00:00:00","RENTABILIDADE","1","160","","","Rendimentos","ENTRADA","5336.11"
"2026","1210","","1210","","","","","1","Tesouro","","","","110","GERAL","0","","","1","1","Banco do Brasil S.A.","2763","4","0000030006","3","BCO BRASIL - CONTA MOVIMENTO","09/01/2026 00:00:00","DEBITO_CONTA_CORRENTE","CONTA_BANCARIA","1","","","","","757","ANULACAO CONTAB. AUTOMÁTICA - RECEB. DA GUIA ORÇAMENTÁRIA: 343","SAIDA","321.59","1407","147474.28","278742.84","87627.75","","3595443.34","5336.11","2243042.88","36576.66","318469.79","556301.83","312487.67","842225.48","","","0","0","","","2026","1210","","","1","Tesouro","","","111","REMUNERAÇÃO DE APLICAÇÕES FINANCEIRAS","0","","111.0000","1","1","Banco do Brasil S.A.","2763","4","0000030006","3","BCO BRASIL - CONTA MOVIMENTO","30/01/2026 00:00:00","RENTABILIDADE","1","160","","","Rendimentos","ENTRADA","5336.11"
"2026","1210","","1210","","","","","1","Tesouro","","","","110","GERAL","0","","","1","1","Banco do Brasil S.A.","2763","4","0000030006","3","BCO BRASIL - CONTA MOVIMENTO","09/01/2026 00:00:00","DEBITO_CONTA_CORRENTE","CONTA_BANCARIA","1","","","","","757","ANULACAO CONTAB. AUTOMÁTICA - RECEB. DA GUIA ORÇAMENTÁRIA: 343","SAIDA","4787.34","1407","147474.28","273955.5","87627.75","","3595443.34","5336.11","2243042.88","36576.66","318469.79","556301.83","312487.67","842225.48","","","0","0","","","2026","1210","","","1","Tesouro","","","111","REMUNERAÇÃO DE APLICAÇÕES FINANCEIRAS","0","","111.0000","1","1","Banco do Brasil S.A.","2763","4","0000030006","3","BCO BRASIL - CONTA MOVIMENTO","30/01/2026 00:00:00","RENTABILIDADE","1","160","","","Rendimentos","ENTRADA","5336.11"
"2026","1210","","1210","","","","","1","Tesouro","","","","110","GERAL","0","","","1","1","Banco do Brasil S.A.","2763","4","0000030006","3","BCO BRASIL - CONTA MOVIMENTO","09/01/2026 00:00:00","DEBITO_CONTA_CORRENTE","CONTA_BANCARIA","1","","","","","757","ANULACAO CONTAB. AUTOMÁTICA - RECEB. DA GUIA ORÇAMENTÁRIA: 343","SAIDA","54","1407","147474.28","273901.5","87627.75","","3595443.34","5336.11","2243042.88","36576.66","318469.79","556301.83","312487.67","842225.48","","","0","0","","","2026","1210","","","1","Tesouro","","","111","REMUNERAÇÃO DE APLICAÇÕES FINANCEIRAS","0","","111.0000","1","1","Banco do Brasil S.A.","2763","4","0000030006","3","BCO BRASIL - CONTA MOVIMENTO","30/01/2026 00:00:00","RENTABILIDADE","1","160","","","Rendimentos","ENTRADA","5336.11"
"2026","1210","","1210","","","","","1","Tesouro","","","","110","GERAL","0","","","1","1","Banco do Brasil S.A.","2763","4","0000030006","3","BCO BRASIL - CONTA MOVIMENTO","09/01/2026 00:00:00","DEBITO_CONTA_CORRENTE","CONTA_BANCARIA","1","","","","","757","ANULACAO CONTAB. AUTOMÁTICA - RECEB. DA GUIA ORÇAMENTÁRIA: 343","SAIDA","15.15","1407","147474.28","273886.35","87627.75","","3595443.34","5336.11","2243042.88","36576.66","318469.79","556301.83","312487.67","842225.48","","","0","0","","","2026","1210","","","1","Tesouro","","","111","REMUNERAÇÃO DE APLICAÇÕES FINANCEIRAS","0","","111.0000","1","1","Banco do Brasil S.A.","2763","4","0000030006","3","BCO BRASIL - CONTA MOVIMENTO","30/01/2026 00:00:00","RENTABILIDADE","1","160","","","Rendimentos","ENTRADA","5336.11"
"2026","1210","","1210","","","","","1","Tesouro","","","","110","GERAL","0","","","1","1","Banco do Brasil S.A.","2763","4","0000030006","3","BCO BRASIL - CONTA MOVIMENTO","09/01/2026 00:00:00","DEBITO_CONTA_CORRENTE","CONTA_BANCARIA","2","","40","16573","","","NE 1/2026","SAIDA","854.5","1407","147474.28","273031.85","87627.75","","3595443.34","5336.11","2243042.88","36576.66","318469.79","556301.83","312487.67","842225.48","","","0","0","AutorizacaoPagamento{exercicioContabil=2026, numero=40, Juridicionado=01 - PREFEITURA MUNICIPAL DE VARGEM GRANDE DO SUL}","","2026","1210","","","1","Tesouro","","","111","REMUNERAÇÃO DE APLICAÇÕES FINANCEIRAS","0","","111.0000","1","1","Banco do Brasil S.A.","2763","4","0000030006","3","BCO BRASIL - CONTA MOVIMENTO","30/01/2026 00:00:00","RENTABILIDADE","1","160","","","Rendimentos","ENTRADA","5336.11"
"2026","1210","","1210","","","","","19","RECURSOS EXTRAÓRÇAMENTÁRIOS","","","","190","MOVIMENTAÇÕES EXTRAORÇAMENTÁRIAS GERAL","0","","","1","1","Banco do Brasil S.A.","2763","4","0000030006","3","BCO BRASIL - CONTA MOVIMENTO","09/01/2026 00:00:00","DEBITO_CONTA_CORRENTE","CONTA_BANCARIA","2","","","","","","ANULACAO CONTAB. AUTOMÁTICA - RECEB. DA GUIA EXTRA-ORÇAMENTÁRIA: 16","SAIDA","76.01","1407","147474.28","272955.84","87627.75","","3595443.34","5336.11","2243042.88","36576.66","318469.79","556301.83","312487.67","842225.48","","","0","0","","","2026","1210","","","1","Tesouro","","","111","REMUNERAÇÃO DE APLICAÇÕES FINANCEIRAS","0","","111.0000","1","1","Banco do Brasil S.A.","2763","4","0000030006","3","BCO BRASIL - CONTA MOVIMENTO","30/01/2026 00:00:00","RENTABILIDADE","1","160","","","Rendimentos","ENTRADA","5336.11"
"2026","1210","","1210","","","","","19","RECURSOS EXTRAÓRÇAMENTÁRIOS","","","","190","MOVIMENTAÇÕES EXTRAORÇAMENTÁRIAS GERAL","0","","","1","1","Banco do Brasil S.A.","2763","4","0000030006","3","BCO BRASIL - CONTA MOVIMENTO","09/01/2026 00:00:00","CREDITO_CONTA_CORRENTE","CONTA_BANCARIA","2","16","","","","","CONTAB. AUTOMÁTICA - RECEB. DA GUIA EXTRA-ORÇAMENTÁRIA: 16","ENTRADA","76.01","1407","147474.28","273031.85","87627.75","","3595443.34","5336.11","2243042.88","36576.66","318469.79","556301.83","312487.67","842225.48","","","0","0","","","2026","1210","","","1","Tesouro","","","111","REMUNERAÇÃO DE APLICAÇÕES FINANCEIRAS","0","","111.0000","1","1","Banco do Brasil S.A.","2763","4","0000030006","3","BCO BRASIL - CONTA MOVIMENTO","30/01/2026 00:00:00","RENTABILIDADE","1","160","","","Rendimentos","ENTRADA","5336.11"
"2026","1210","","1210","","","","","1","Tesouro","","","","110","GERAL","0","","","1","1","Banco do Brasil S.A.","2763","4","0000030006","3","BCO BRASIL - CONTA MOVIMENTO","09/01/2026 00:00:00","DEBITO_CONTA_CORRENTE","CONTA_BANCARIA","3","","141","16674","","","NE 18982/2025","SAIDA","15044.02","1407","147474.28","257987.83","87627.75","","3595443.34","5336.11","2243042.88","36576.66","318469.79","556301.83","312487.67","842225.48","","","0","0","AutorizacaoPagamento{exercicioContabil=2026, numero=141, Juridicionado=01 - PREFEITURA MUNICIPAL DE VARGEM GRANDE DO SUL}","","2026","1210","","","1","Tesouro","","","111","REMUNERAÇÃO DE APLICAÇÕES FINANCEIRAS","0","","111.0000","1","1","Banco do Brasil S.A.","2763","4","0000030006","3","BCO BRASIL - CONTA MOVIMENTO","30/01/2026 00:00:00","RENTABILIDADE","1","160","","","Rendimentos","ENTRADA","5336.11"
"2026","1210","","1210","","","","","1","Tesouro","","","","110","GERAL","0","","","1","1","Banco do Brasil S.A.","2763","4","0000030006","3","BCO BRASIL - CONTA MOVIMENTO","09/01/2026 00:00:00","CREDITO_CONTA_CORRENTE","CONTA_BANCARIA","3","756","","","","","CONTAB. AUTOMÁTICA - RECEB. DA GUIA ORÇAMENTÁRIA: 756","ENTRADA","31205.17","1407","147474.28","289193","87627.75","","3595443.34","5336.11","2243042.88","36576.66","318469.79","556301.83","312487.67","842225.48","","","0","0","","","2026","1210","","","1","Tesouro","","","111","REMUNERAÇÃO DE APLICAÇÕES FINANCEIRAS","0","","111.0000","1","1","Banco do Brasil S.A.","2763","4","0000030006","3","BCO BRASIL - CONTA MOVIMENTO","30/01/2026 00:00:00","RENTABILIDADE","1","160","","","Rendimentos","ENTRADA","5336.11"
"2026","1210","","1210","","","","","1","Tesouro","","","","110","GERAL","0","","","1","1","Banco do Brasil S.A.","2763","4","0000030006","3","BCO BRASIL - CONTA MOVIMENTO","09/01/2026 00:00:00","DEBITO_CONTA_CORRENTE","CONTA_BANCARIA","4","","144","16677","","","NE 18619/2025","SAIDA","47.2","1407","147474.28","289145.8","87627.75","","3595443.34","5336.11","2243042.88","36576.66","318469.79","556301.83","312487.67","842225.48","","","0","0","AutorizacaoPagamento{exercicioContabil=2026, numero=144, Juridicionado=01 - PREFEITURA MUNICIPAL DE VARGEM GRANDE DO SUL}","","2026","1210","","","1","Tesouro","","","111","REMUNERAÇÃO DE APLICAÇÕES FINANCEIRAS","0","","111.0000","1","1","Banco do Brasil S.A.","2763","4","0000030006","3","BCO BRASIL - CONTA MOVIMENTO","30/01/2026 00:00:00","RENTABILIDADE","1","160","","","Rendimentos","ENTRADA","5336.11"
"2026","1210","","1210","","","","","19","RECURSOS EXTRAÓRÇAMENTÁRIOS","","","","190","MOVIMENTAÇÕES EXTRAORÇAMENTÁRIAS GERAL","0","","","1","1","Banco do Brasil S.A.","2763","4","0000030006","3","BCO BRASIL - CONTA MOVIMENTO","09/01/2026 00:00:00","CREDITO_CONTA_CORRENTE","CONTA_BANCARIA","4","111","","","","","CONTAB. AUTOMÁTICA - RECEB. DA GUIA EXTRA-ORÇAMENTÁRIA: 111","ENTRADA","76.01","1407","147474.28","289221.81","87627.75","","3595443.34","5336.11","2243042.88","36576.66","318469.79","556301.83","312487.67","842225.48","","","0","0","","","2026","1210","","","1","Tesouro","","","111","REMUNERAÇÃO DE APLICAÇÕES FINANCEIRAS","0","","111.0000","1","1","Banco do Brasil S.A.","2763","4","0000030006","3","BCO BRASIL - CONTA MOVIMENTO","30/01/2026 00:00:00","RENTABILIDADE","1","160","","","Rendimentos","ENTRADA","5336.11"
"2026","1210","","1210","","","","","1","Tesouro","","","","110","GERAL","0","","","1","1","Banco do Brasil S.A.","2763","4","0000030006","3","BCO BRASIL - CONTA MOVIMENTO","09/01/2026 00:00:00","DEBITO_CONTA_CORRENTE","CONTA_BANCARIA","5","","147","16680","","","NE 300/2025","SAIDA","4394.79","1407","147474.28","284827.02","87627.75","","3595443.34","5336.11","2243042.88","36576.66","318469.79","556301.83","312487.67","842225.48","","","0","0","AutorizacaoPagamento{exercicioContabil=2026, numero=147, Juridicionado=01 - PREFEITURA MUNICIPAL DE VARGEM GRANDE DO SUL}","","2026","1210","","","1","Tesouro","","","111","REMUNERAÇÃO DE APLICAÇÕES FINANCEIRAS","0","","111.0000","1","1","Banco do Brasil S.A.","2763","4","0000030006","3","BCO BRASIL - CONTA MOVIMENTO","30/01/2026 00:00:00","RENTABILIDADE","1","160","","","Rendimentos","ENTRADA","5336.11"
"2026","1210","","1210","","","","","1","Tesouro","","","","110","GERAL","0","","","1","1","Banco do Brasil S.A.","2763","4","0000030006","3","BCO BRASIL - CONTA MOVIMENTO","09/01/2026 00:00:00","DEBITO_CONTA_CORRENTE","CONTA_BANCARIA","6","","152","16685","","","NE 17633/2025","SAIDA","423.85","1407","147474.28","284403.17","87627.75","","3595443.34","5336.11","2243042.88","36576.66","318469.79","556301.83","312487.67","842225.48","","","0","0","AutorizacaoPagamento{exercicioContabil=2026, numero=152, Juridicionado=01 - PREFEITURA MUNICIPAL DE VARGEM GRANDE DO SUL}","","2026","1210","","","1","Tesouro","","","111","REMUNERAÇÃO DE APLICAÇÕES FINANCEIRAS","0","","111.0000","1","1","Banco do Brasil S.A.","2763","4","0000030006","3","BCO BRASIL - CONTA MOVIMENTO","30/01/2026 00:00:00","RENTABILIDADE","1","160","","","Rendimentos","ENTRADA","5336.11"
"2026","1210","","1210","","","","","1","Tesouro","","","","110","GERAL","0","","","1","1","Banco do Brasil S.A.","2763","4","0000030006","3","BCO BRASIL - CONTA MOVIMENTO","09/01/2026 00:00:00","DEBITO_CONTA_CORRENTE","CONTA_BANCARIA","7","","153","16686","","","NE 17632/2025","SAIDA","394.41","1407","147474.28","284008.76","87627.75","","3595443.34","5336.11","2243042.88","36576.66","318469.79","556301.83","312487.67","842225.48","","","0","0","AutorizacaoPagamento{exercicioContabil=2026, numero=153, Juridicionado=01 - PREFEITURA MUNICIPAL DE VARGEM GRANDE DO SUL}","","2026","1210","","","1","Tesouro","","","111","REMUNERAÇÃO DE APLICAÇÕES FINANCEIRAS","0","","111.0000","1","1","Banco do Brasil S.A.","2763","4","0000030006","3","BCO BRASIL - CONTA MOVIMENTO","30/01/2026 00:00:00","RENTABILIDADE","1","160","","","Rendimentos","ENTRADA","5336.11"
"2026","1210","","1210","","","","","1","Tesouro","","","","110","GERAL","0","","","1","1","Banco do Brasil S.A.","2763","4","0000030006","3","BCO BRASIL - CONTA MOVIMENTO","09/01/2026 00:00:00","DEBITO_CONTA_CORRENTE","CONTA_BANCARIA","8","","154","16687","","","NE 12623/2025","SAIDA","1472.1","1407","147474.28","282536.66","87627.75","","3595443.34","5336.11","2243042.88","36576.66","318469.79","556301.83","312487.67","842225.48","","","0","0","AutorizacaoPagamento{exercicioContabil=2026, numero=154, Juridicionado=01 - PREFEITURA MUNICIPAL DE VARGEM GRANDE DO SUL}","","2026","1210","","","1","Tesouro","","","111","REMUNERAÇÃO DE APLICAÇÕES FINANCEIRAS","0","","111.0000","1","1","Banco do Brasil S.A.","2763","4","0000030006","3","BCO BRASIL - CONTA MOVIMENTO","30/01/2026 00:00:00","RENTABILIDADE","1","160","","","Rendimentos","ENTRADA","5336.11"
"2026","1210","","1210","","","","","1","Tesouro","","","","110","GERAL","0","","","1","1","Banco do Brasil S.A.","2763","4","0000030006","3","BCO BRASIL - CONTA MOVIMENTO","12/01/2026 00:00:00","DEBITO_CONTA_CORRENTE","CONTA_BANCARIA","1","","","","","756","ANULACAO CONTAB. AUTOMÁTICA - RECEB. DA GUIA ORÇAMENTÁRIA: 350","SAIDA","254.18","1407","147474.28","282282.48","87627.75","","3595443.34","5336.11","2243042.88","36576.66","318469.79","556301.83","312487.67","842225.48","","","0","0","","","2026","1210","","","1","Tesouro","","","111","REMUNERAÇÃO DE APLICAÇÕES FINANCEIRAS","0","","111.0000","1","1","Banco do Brasil S.A.","2763","4","0000030006","3","BCO BRASIL - CONTA MOVIMENTO","30/01/2026 00:00:00","RENTABILIDADE","1","160","","","Rendimentos","ENTRADA","5336.11"
"2026","1210","","1210","","","","","1","Tesouro","","","","110","GERAL","0","","","1","1","Banco do Brasil S.A.","2763","4","0000030006","3","BCO BRASIL - CONTA MOVIMENTO","12/01/2026 00:00:00","DEBITO_CONTA_CORRENTE","CONTA_BANCARIA","1","","","","","756","ANULACAO CONTAB. AUTOMÁTICA - RECEB. DA GUIA ORÇAMENTÁRIA: 350","SAIDA","70","1407","147474.28","282212.48","87627.75","","3595443.34","5336.11","2243042.88","36576.66","318469.79","556301.83","312487.67","842225.48","","","0","0","","","2026","1210","","","1","Tesouro","","","111","REMUNERAÇÃO DE APLICAÇÕES FINANCEIRAS","0","","111.0000","1","1","Banco do Brasil S.A.","2763","4","0000030006","3","BCO BRASIL - CONTA MOVIMENTO","30/01/2026 00:00:00","RENTABILIDADE","1","160","","","Rendimentos","ENTRADA","5336.11"
"2026","1210","","1210","","","","","1","Tesouro","","","","110","GERAL","0","","","1","1","Banco do Brasil S.A.","2763","4","0000030006","3","BCO BRASIL - CONTA MOVIMENTO","12/01/2026 00:00:00","DEBITO_CONTA_CORRENTE","CONTA_BANCARIA","1","","","","","756","ANULACAO CONTAB. AUTOMÁTICA - RECEB. DA GUIA ORÇAMENTÁRIA: 350","SAIDA","1532.72","1407","147474.28","280679.76","87627.75","","3595443.34","5336.11","2243042.88","36576.66","318469.79","556301.83","312487.67","842225.48","","","0","0","","","2026","1210","","","1","Tesouro","","","111","REMUNERAÇÃO DE APLICAÇÕES FINANCEIRAS","0","","111.0000","1","1","Banco do Brasil S.A.","2763","4","0000030006","3","BCO BRASIL - CONTA MOVIMENTO","30/01/2026 00:00:00","RENTABILIDADE","1","160","","","Rendimentos","ENTRADA","5336.11"
"2026","1210","","1210","","","","","1","Tesouro","","","","110","GERAL","0","","","1","1","Banco do Brasil S.A.","2763","4","0000030006","3","BCO BRASIL - CONTA MOVIMENTO","12/01/2026 00:00:00","DEBITO_CONTA_CORRENTE","CONTA_BANCARIA","1","","","","","756","ANULACAO CONTAB. AUTOMÁTICA - RECEB. DA GUIA ORÇAMENTÁRIA: 350","SAIDA","145.6","1407","147474.28","280534.16","87627.75","","3595443.34","5336.11","2243042.88","36576.66","318469.79","556301.83","312487.67","842225.48","","","0","0","","","2026","1210","","","1","Tesouro","","","111","REMUNERAÇÃO DE APLICAÇÕES FINANCEIRAS","0","","111.0000","1","1","Banco do Brasil S.A.","2763","4","0000030006","3","BCO BRASIL - CONTA MOVIMENTO","30/01/2026 00:00:00","RENTABILIDADE","1","160","","","Rendimentos","ENTRADA","5336.11"
"2026","1210","","1210","","","","","1","Tesouro","","","","110","GERAL","0","","","1","1","Banco do Brasil S.A.","2763","4","0000030006","3","BCO BRASIL - CONTA MOVIMENTO","12/01/2026 00:00:00","DEBITO_CONTA_CORRENTE","CONTA_BANCARIA","1","","","","","756","ANULACAO CONTAB. AUTOMÁTICA - RECEB. DA GUIA ORÇAMENTÁRIA: 350","SAIDA","444.55","1407","147474.28","280089.61","87627.75","","3595443.34","5336.11","2243042.88","36576.66","318469.79","556301.83","312487.67","842225.48","","","0","0","","","2026","1210","","","1","Tesouro","","","111","REMUNERAÇÃO DE APLICAÇÕES FINANCEIRAS","0","","111.0000","1","1","Banco do Brasil S.A.","2763","4","0000030006","3","BCO BRASIL - CONTA MOVIMENTO","30/01/2026 00:00:00","RENTABILIDADE","1","160","","","Rendimentos","ENTRADA","5336.11"
"2026","1210","","1210","","","","","1","Tesouro","","","","110","GERAL","0","","","1","1","Banco do Brasil S.A.","2763","4","0000030006","3","BCO BRASIL - CONTA MOVIMENTO","12/01/2026 00:00:00","DEBITO_CONTA_CORRENTE","CONTA_BANCARIA","1","","","","","756","ANULACAO CONTAB. AUTOMÁTICA - RECEB. DA GUIA ORÇAMENTÁRIA: 350","SAIDA","267.96","1407","147474.28","279821.65","87627.75","","3595443.34","5336.11","2243042.88","36576.66","318469.79","556301.83","312487.67","842225.48","","","0","0","","","2026","1210","","","1","Tesouro","","","111","REMUNERAÇÃO DE APLICAÇÕES FINANCEIRAS","0","","111.0000","1","1","Banco do Brasil S.A.","2763","4","0000030006","3","BCO BRASIL - CONTA MOVIMENTO","30/01/2026 00:00:00","RENTABILIDADE","1","160","","","Rendimentos","ENTRADA","5336.11"
"2026","1210","","1210","","","","","1","Tesouro","","","","110","GERAL","0","","","1","1","Banco do Brasil S.A.","2763","4","0000030006","3","BCO BRASIL - CONTA MOVIMENTO","12/01/2026 00:00:00","DEBITO_CONTA_CORRENTE","CONTA_BANCARIA","1","","","","","756","ANULACAO CONTAB. AUTOMÁTICA - RECEB. DA GUIA ORÇAMENTÁRIA: 350","SAIDA","12.38","1407","147474.28","279809.27","87627.75","","3595443.34","5336.11","2243042.88","36576.66","318469.79","556301.83","312487.67","842225.48","","","0","0","","","2026","1210","","","1","Tesouro","","","111","REMUNERAÇÃO DE APLICAÇÕES FINANCEIRAS","0","","111.0000","1","1","Banco do Brasil S.A.","2763","4","0000030006","3","BCO BRASIL - CONTA MOVIMENTO","30/01/2026 00:00:00","RENTABILIDADE","1","160","","","Rendimentos","ENTRADA","5336.11"
"2026","1210","","1210","","","","","19","RECURSOS EXTRAÓRÇAMENTÁRIOS","","","","190","MOVIMENTAÇÕES EXTRAORÇAMENTÁRIAS GERAL","0","","","1","1","Banco do Brasil S.A.","2763","4","0000030006","3","BCO BRASIL - CONTA MOVIMENTO","12/01/2026 00:00:00","CREDITO_CONTA_CORRENTE","CONTA_BANCARIA","1","","","","28","","Transferência Aut. para compensação de Descontos de parcelas: Aut. Pagto.[160/2026].","ENTRADA","653.29","1407","147474.28","280462.56","87627.75","","3595443.34","5336.11","2243042.88","36576.66","318469.79","556301.83","312487.67","842225.48","","","0","0","","","2026","1210","","","1","Tesouro","","","111","REMUNERAÇÃO DE APLICAÇÕES FINANCEIRAS","0","","111.0000","1","1","Banco do Brasil S.A.","2763","4","0000030006","3","BCO BRASIL - CONTA MOVIMENTO","30/01/2026 00:00:00","RENTABILIDADE","1","160","","","Rendimentos","ENTRADA","5336.11"
"2026","1210","","1210","","","","","1","Tesouro","","","","110","GERAL","0","","","1","1","Banco do Brasil S.A.","2763","4","0000030006","3","BCO BRASIL - CONTA MOVIMENTO","12/01/2026 00:00:00","DEBITO_CONTA_CORRENTE","CONTA_BANCARIA","1","","","","","756","ANULACAO CONTAB. AUTOMÁTICA - RECEB. DA GUIA ORÇAMENTÁRIA: 350","SAIDA","46.3","1407","147474.28","280416.26","87627.75","","3595443.34","5336.11","2243042.88","36576.66","318469.79","556301.83","312487.67","842225.48","","","0","0","","","2026","1210","","","1","Tesouro","","","111","REMUNERAÇÃO DE APLICAÇÕES FINANCEIRAS","0","","111.0000","1","1","Banco do Brasil S.A.","2763","4","0000030006","3","BCO BRASIL - CONTA MOVIMENTO","30/01/2026 00:00:00","RENTABILIDADE","1","160","","","Rendimentos","ENTRADA","5336.11"
"2026","1210","","1210","","","","","1","Tesouro","","","","110","GERAL","0","","","1","1","Banco do Brasil S.A.","2763","4","0000030006","3","BCO BRASIL - CONTA MOVIMENTO","12/01/2026 00:00:00","DEBITO_CONTA_CORRENTE","CONTA_BANCARIA","1","","","","","756","ANULACAO CONTAB. AUTOMÁTICA - RECEB. DA GUIA ORÇAMENTÁRIA: 350","SAIDA","652.82","1407","147474.28","279763.44","87627.75","","3595443.34","5336.11","2243042.88","36576.66","318469.79","556301.83","312487.67","842225.48","","","0","0","","","2026","1210","","","1","Tesouro","","","111","REMUNERAÇÃO DE APLICAÇÕES FINANCEIRAS","0","","111.0000","1","1","Banco do Brasil S.A.","2763","4","0000030006","3","BCO BRASIL - CONTA MOVIMENTO","30/01/2026 00:00:00","RENTABILIDADE","1","160","","","Rendimentos","ENTRADA","5336.11"
"2026","1210","","1210","","","","","1","Tesouro","","","","110","GERAL","0","","","1","1","Banco do Brasil S.A.","2763","4","0000030006","3","BCO BRASIL - CONTA MOVIMENTO","12/01/2026 00:00:00","DEBITO_CONTA_CORRENTE","CONTA_BANCARIA","1","","","","","756","ANULACAO CONTAB. AUTOMÁTICA - RECEB. DA GUIA ORÇAMENTÁRIA: 350","SAIDA","51.96","1407","147474.28","279711.48","87627.75","","3595443.34","5336.11","2243042.88","36576.66","318469.79","556301.83","312487.67","842225.48","","","0","0","","","2026","1210","","","1","Tesouro","","","111","REMUNERAÇÃO DE APLICAÇÕES FINANCEIRAS","0","","111.0000","1","1","Banco do Brasil S.A.","2763","4","0000030006","3","BCO BRASIL - CONTA MOVIMENTO","30/01/2026 00:00:00","RENTABILIDADE","1","160","","","Rendimentos","ENTRADA","5336.11"
"2026","1210","","1210","","","","","1","Tesouro","","","","110","GERAL","0","","","1","1","Banco do Brasil S.A.","2763","4","0000030006","3","BCO BRASIL - CONTA MOVIMENTO","12/01/2026 00:00:00","DEBITO_CONTA_CORRENTE","CONTA_BANCARIA","1","","","","","756","ANULACAO CONTAB. AUTOMÁTICA - RECEB. DA GUIA ORÇAMENTÁRIA: 350","SAIDA","4045.5","1407","147474.28","275665.98","87627.75","","3595443.34","5336.11","2243042.88","36576.66","318469.79","556301.83","312487.67","842225.48","","","0","0","","","2026","1210","","","1","Tesouro","","","111","REMUNERAÇÃO DE APLICAÇÕES FINANCEIRAS","0","","111.0000","1","1","Banco do Brasil S.A.","2763","4","0000030006","3","BCO BRASIL - CONTA MOVIMENTO","30/01/2026 00:00:00","RENTABILIDADE","1","160","","","Rendimentos","ENTRADA","5336.11"
"2026","1210","","1210","","","","","1","Tesouro","","","","110","GERAL","0","","","1","1","Banco do Brasil S.A.","2763","4","0000030006","3","BCO BRASIL - CONTA MOVIMENTO","12/01/2026 00:00:00","DEBITO_CONTA_CORRENTE","CONTA_BANCARIA","1","","","","","756","ANULACAO CONTAB. AUTOMÁTICA - RECEB. DA GUIA ORÇAMENTÁRIA: 350","SAIDA","0.58","1407","147474.28","275665.4","87627.75","","3595443.34","5336.11","2243042.88","36576.66","318469.79","556301.83","312487.67","842225.48","","","0","0","","","2026","1210","","","1","Tesouro","","","111","REMUNERAÇÃO DE APLICAÇÕES FINANCEIRAS","0","","111.0000","1","1","Banco do Brasil S.A.","2763","4","0000030006","3","BCO BRASIL - CONTA MOVIMENTO","30/01/2026 00:00:00","RENTABILIDADE","1","160","","","Rendimentos","ENTRADA","5336.11"
"2026","1210","","1210","","","","","1","Tesouro","","","","110","GERAL","0","","","1","1","Banco do Brasil S.A.","2763","4","0000030006","3","BCO BRASIL - CONTA MOVIMENTO","12/01/2026 00:00:00","DEBITO_CONTA_CORRENTE","CONTA_BANCARIA","1","","","","","756","ANULACAO CONTAB. AUTOMÁTICA - RECEB. DA GUIA ORÇAMENTÁRIA: 350","SAIDA","14.46","1407","147474.28","275650.94","87627.75","","3595443.34","5336.11","2243042.88","36576.66","318469.79","556301.83","312487.67","842225.48","","","0","0","","","2026","1210","","","1","Tesouro","","","111","REMUNERAÇÃO DE APLICAÇÕES FINANCEIRAS","0","","111.0000","1","1","Banco do Brasil S.A.","2763","4","0000030006","3","BCO BRASIL - CONTA MOVIMENTO","30/01/2026 00:00:00","RENTABILIDADE","1","160","","","Rendimentos","ENTRADA","5336.11"
"2026","1210","","1210","","","","","1","Tesouro","","","","110","GERAL","0","","","1","1","Banco do Brasil S.A.","2763","4","0000030006","3","BCO BRASIL - CONTA MOVIMENTO","12/01/2026 00:00:00","DEBITO_CONTA_CORRENTE","CONTA_BANCARIA","1","","160","16693","","","NE 11600/2025","SAIDA","5870.71","1407","147474.28","269780.23","87627.75","","3595443.34","5336.11","2243042.88","36576.66","318469.79","556301.83","312487.67","842225.48","","","0","0","AutorizacaoPagamento{exercicioContabil=2026, numero=160, Juridicionado=01 - PREFEITURA MUNICIPAL DE VARGEM GRANDE DO SUL}","","2026","1210","","","1","Tesouro","","","111","REMUNERAÇÃO DE APLICAÇÕES FINANCEIRAS","0","","111.0000","1","1","Banco do Brasil S.A.","2763","4","0000030006","3","BCO BRASIL - CONTA MOVIMENTO","30/01/2026 00:00:00","RENTABILIDADE","1","160","","","Rendimentos","ENTRADA","5336.11"
"2026","1210","","1210","","","","","1","Tesouro","","","","110","GERAL","0","","","1","1","Banco do Brasil S.A.","2763","4","0000030006","3","BCO BRASIL - CONTA MOVIMENTO","12/01/2026 00:00:00","CREDITO_CONTA_CORRENTE","CONTA_BANCARIA","1","350","","","","","CONTAB. AUTOMÁTICA - RECEB. DA GUIA ORÇAMENTÁRIA: 350","ENTRADA","9562.02","1407","147474.28","279342.25","87627.75","","3595443.34","5336.11","2243042.88","36576.66","318469.79","556301.83","312487.67","842225.48","","","0","0","","","2026","1210","","","1","Tesouro","","","111","REMUNERAÇÃO DE APLICAÇÕES FINANCEIRAS","0","","111.0000","1","1","Banco do Brasil S.A.","2763","4","0000030006","3","BCO BRASIL - CONTA MOVIMENTO","30/01/2026 00:00:00","RENTABILIDADE","1","160","","","Rendimentos","ENTRADA","5336.11"
"2026","1210","","1210","","","","","1","Tesouro","","","","110","GERAL","0","","","1","1","Banco do Brasil S.A.","2763","4","0000030006","3","BCO BRASIL - CONTA MOVIMENTO","12/01/2026 00:00:00","DEBITO_CONTA_CORRENTE","CONTA_BANCARIA","1","","","","","756","ANULACAO CONTAB. AUTOMÁTICA - RECEB. DA GUIA ORÇAMENTÁRIA: 350","SAIDA","366.24","1407","147474.28","278976.01","87627.75","","3595443.34","5336.11","2243042.88","36576.66","318469.79","556301.83","312487.67","842225.48","","","0","0","","","2026","1210","","","1","Tesouro","","","111","REMUNERAÇÃO DE APLICAÇÕES FINANCEIRAS","0","","111.0000","1","1","Banco do Brasil S.A.","2763","4","0000030006","3","BCO BRASIL - CONTA MOVIMENTO","30/01/2026 00:00:00","RENTABILIDADE","1","160","","","Rendimentos","ENTRADA","5336.11"
"2026","1210","","1210","","","","","1","Tesouro","","","","110","GERAL","0","","","1","1","Banco do Brasil S.A.","2763","4","0000030006","3","BCO BRASIL - CONTA MOVIMENTO","12/01/2026 00:00:00","DEBITO_CONTA_CORRENTE","CONTA_BANCARIA","1","","","","","756","ANULACAO CONTAB. AUTOMÁTICA - RECEB. DA GUIA ORÇAMENTÁRIA: 350","SAIDA","4.22","1407","147474.28","278971.79","87627.75","","3595443.34","5336.11","2243042.88","36576.66","318469.79","556301.83","312487.67","842225.48","","","0","0","","","2026","1210","","","1","Tesouro","","","111","REMUNERAÇÃO DE APLICAÇÕES FINANCEIRAS","0","","111.0000","1","1","Banco do Brasil S.A.","2763","4","0000030006","3","BCO BRASIL - CONTA MOVIMENTO","30/01/2026 00:00:00","RENTABILIDADE","1","160","","","Rendimentos","ENTRADA","5336.11"
"2026","1210","","1210","","","","","1","Tesouro","","","","110","GERAL","0","","","1","1","Banco do Brasil S.A.","2763","4","0000030006","3","BCO BRASIL - CONTA MOVIMENTO","12/01/2026 00:00:00","DEBITO_CONTA_CORRENTE","CONTA_BANCARIA","1","","","","","756","ANULACAO CONTAB. AUTOMÁTICA - RECEB. DA GUIA ORÇAMENTÁRIA: 350","SAIDA","1652.55","1407","147474.28","277319.24","87627.75","","3595443.34","5336.11","2243042.88","36576.66","318469.79","556301.83","312487.67","842225.48","","","0","0","","","2026","1210","","","1","Tesouro","","","111","REMUNERAÇÃO DE APLICAÇÕES FINANCEIRAS","0","","111.0000","1","1","Banco do Brasil S.A.","2763","4","0000030006","3","BCO BRASIL - CONTA MOVIMENTO","30/01/2026 00:00:00","RENTABILIDADE","1","160","","","Rendimentos","ENTRADA","5336.11"
"2026","1210","","1210","","","","","1","Tesouro","","","","110","GERAL","0","","","1","1","Banco do Brasil S.A.","2763","4","0000030006","3","BCO BRASIL - CONTA MOVIMENTO","12/01/2026 00:00:00","CREDITO_CONTA_CORRENTE","CONTA_BANCARIA","2","126","","","","","LANÇAMENTO DE RECEITA","ENTRADA","54989.3","1407","147474.28","332308.54","87627.75","","3595443.34","5336.11","2243042.88","36576.66","318469.79","556301.83","312487.67","842225.48","","","0","0","","","2026","1210","","","1","Tesouro","","","111","REMUNERAÇÃO DE APLICAÇÕES FINANCEIRAS","0","","111.0000","1","1","Banco do Brasil S.A.","2763","4","0000030006","3","BCO BRASIL - CONTA MOVIMENTO","30/01/2026 00:00:00","RENTABILIDADE","1","160","","","Rendimentos","ENTRADA","5336.11"
"2026","1210","","1210","","","","","19","RECURSOS EXTRAÓRÇAMENTÁRIOS","","","","190","MOVIMENTAÇÕES EXTRAORÇAMENTÁRIAS GERAL","0","","","1","1","Banco do Brasil S.A.","2763","4","0000030006","3","BCO BRASIL - CONTA MOVIMENTO","12/01/2026 00:00:00","DEBITO_CONTA_CORRENTE","CONTA_BANCARIA","2","","","","","","ANULACAO CONTAB. AUTOMÁTICA - RECEB. DA GUIA EXTRA-ORÇAMENTÁRIA: 20","SAIDA","15.38","1407","147474.28","332293.16","87627.75","","3595443.34","5336.11","2243042.88","36576.66","318469.79","556301.83","312487.67","842225.48","","","0","0","","","2026","1210","","","1","Tesouro","","","111","REMUNERAÇÃO DE APLICAÇÕES FINANCEIRAS","0","","111.0000","1","1","Banco do Brasil S.A.","2763","4","0000030006","3","BCO BRASIL - CONTA MOVIMENTO","30/01/2026 00:00:00","RENTABILIDADE","1","160","","","Rendimentos","ENTRADA","5336.11"
"2026","1210","","1210","","","","","19","RECURSOS EXTRAÓRÇAMENTÁRIOS","","","","190","MOVIMENTAÇÕES EXTRAORÇAMENTÁRIAS GERAL","0","","","1","1","Banco do Brasil S.A.","2763","4","0000030006","3","BCO BRASIL - CONTA MOVIMENTO","12/01/2026 00:00:00","CREDITO_CONTA_CORRENTE","CONTA_BANCARIA","2","20","","","","","CONTAB. AUTOMÁTICA - RECEB. DA GUIA EXTRA-ORÇAMENTÁRIA: 20","ENTRADA","15.38","1407","147474.28","332308.54","87627.75","","3595443.34","5336.11","2243042.88","36576.66","318469.79","556301.83","312487.67","842225.48","","","0","0","","","2026","1210","","","1","Tesouro","","","111","REMUNERAÇÃO DE APLICAÇÕES FINANCEIRAS","0","","111.0000","1","1","Banco do Brasil S.A.","2763","4","0000030006","3","BCO BRASIL - CONTA MOVIMENTO","30/01/2026 00:00:00","RENTABILIDADE","1","160","","","Rendimentos","ENTRADA","5336.11"
"2026","1210","","1210","","","","","1","Tesouro","","","","110","GERAL","0","","","1","1","Banco do Brasil S.A.","2763","4","0000030006","3","BCO BRASIL - CONTA MOVIMENTO","12/01/2026 00:00:00","DEBITO_CONTA_CORRENTE","CONTA_BANCARIA","2","","","","28","","Transferência Aut. para compensação de Descontos de parcelas: Aut. Pagto.[160/2026].","SAIDA","653.29","1407","147474.28","331655.25","87627.75","","3595443.34","5336.11","2243042.88","36576.66","318469.79","556301.83","312487.67","842225.48","","","0","0","","","2026","1210","","","1","Tesouro","","","111","REMUNERAÇÃO DE APLICAÇÕES FINANCEIRAS","0","","111.0000","1","1","Banco do Brasil S.A.","2763","4","0000030006","3","BCO BRASIL - CONTA MOVIMENTO","30/01/2026 00:00:00","RENTABILIDADE","1","160","","","Rendimentos","ENTRADA","5336.11"
"2026","1210","","1210","","","","","1","Tesouro","","","","110","GERAL","0","","","1","1","Banco do Brasil S.A.","2763","4","0000030006","3","BCO BRASIL - CONTA MOVIMENTO","12/01/2026 00:00:00","CREDITO_CONTA_CORRENTE","CONTA_BANCARIA","3","763","","","","","CONTAB. AUTOMÁTICA - RECEB. DA GUIA ORÇAMENTÁRIA: 763","ENTRADA","9562.02","1407","147474.28","341217.27","87627.75","","3595443.34","5336.11","2243042.88","36576.66","318469.79","556301.83","312487.67","842225.48","","","0","0","","","2026","1210","","","1","Tesouro","","","111","REMUNERAÇÃO DE APLICAÇÕES FINANCEIRAS","0","","111.0000","1","1","Banco do Brasil S.A.","2763","4","0000030006","3","BCO BRASIL - CONTA MOVIMENTO","30/01/2026 00:00:00","RENTABILIDADE","1","160","","","Rendimentos","ENTRADA","5336.11"
"2026","1210","","1210","","","","","1","Tesouro","","","","110","GERAL","0","","","1","1","Banco do Brasil S.A.","2763","4","0000030006","3","BCO BRASIL - CONTA MOVIMENTO","12/01/2026 00:00:00","DEBITO_CONTA_CORRENTE","CONTA_BANCARIA","3","","161","16694","","","NE 11601/2025","SAIDA","12730.7","1407","147474.28","328486.57","87627.75","","3595443.34","5336.11","2243042.88","36576.66","318469.79","556301.83","312487.67","842225.48","","","0","0","AutorizacaoPagamento{exercicioContabil=2026, numero=161, Juridicionado=01 - PREFEITURA MUNICIPAL DE VARGEM GRANDE DO SUL}","","2026","1210","","","1","Tesouro","","","111","REMUNERAÇÃO DE APLICAÇÕES FINANCEIRAS","0","","111.0000","1","1","Banco do Brasil S.A.","2763","4","0000030006","3","BCO BRASIL - CONTA MOVIMENTO","30/01/2026 00:00:00","RENTABILIDADE","1","160","","","Rendimentos","ENTRADA","5336.11"
"2026","1210","","1210","","","","","19","RECURSOS EXTRAÓRÇAMENTÁRIOS","","","","190","MOVIMENTAÇÕES EXTRAORÇAMENTÁRIAS GERAL","0","","","1","1","Banco do Brasil S.A.","2763","4","0000030006","3","BCO BRASIL - CONTA MOVIMENTO","12/01/2026 00:00:00","CREDITO_CONTA_CORRENTE","CONTA_BANCARIA","4","115","","","","","CONTAB. AUTOMÁTICA - RECEB. DA GUIA EXTRA-ORÇAMENTÁRIA: 115","ENTRADA","15.38","1407","147474.28","328501.95","87627.75","","3595443.34","5336.11","2243042.88","36576.66","318469.79","556301.83","312487.67","842225.48","","","0","0","","","2026","1210","","","1","Tesouro","","","111","REMUNERAÇÃO DE APLICAÇÕES FINANCEIRAS","0","","111.0000","1","1","Banco do Brasil S.A.","2763","4","0000030006","3","BCO BRASIL - CONTA MOVIMENTO","30/01/2026 00:00:00","RENTABILIDADE","1","160","","","Rendimentos","ENTRADA","5336.11"
"2026","1210","","1210","","","","","1","Tesouro","","","","410","TRÂNSITO - SINALIZAÇÃO","0","","","1","1","Banco do Brasil S.A.","2763","4","0000030006","3","BCO BRASIL - CONTA MOVIMENTO","12/01/2026 00:00:00","DEBITO_CONTA_CORRENTE","CONTA_BANCARIA","4","","170","16704","","","NE 18336/2025","SAIDA","800","1407","147474.28","327701.95","87627.75","","3595443.34","5336.11","2243042.88","36576.66","318469.79","556301.83","312487.67","842225.48","","","0","0","AutorizacaoPagamento{exercicioContabil=2026, numero=170, Juridicionado=01 - PREFEITURA MUNICIPAL DE VARGEM GRANDE DO SUL}","","2026","1210","","","1","Tesouro","","","111","REMUNERAÇÃO DE APLICAÇÕES FINANCEIRAS","0","","111.0000","1","1","Banco do Brasil S.A.","2763","4","0000030006","3","BCO BRASIL - CONTA MOVIMENTO","30/01/2026 00:00:00","RENTABILIDADE","1","160","","","Rendimentos","ENTRADA","5336.11"
"2026","1210","","1210","","","","","1","Tesouro","","","","110","GERAL","0","","","1","1","Banco do Brasil S.A.","2763","4","0000030006","3","BCO BRASIL - CONTA MOVIMENTO","12/01/2026 00:00:00","DEBITO_CONTA_CORRENTE","CONTA_BANCARIA","5","","171","16705","","","NE 13484/2025","SAIDA","209.7","1407","147474.28","327492.25","87627.75","","3595443.34","5336.11","2243042.88","36576.66","318469.79","556301.83","312487.67","842225.48","","","0","0","AutorizacaoPagamento{exercicioContabil=2026, numero=171, Juridicionado=01 - PREFEITURA MUNICIPAL DE VARGEM GRANDE DO SUL}","","2026","1210","","","1","Tesouro","","","111","REMUNERAÇÃO DE APLICAÇÕES FINANCEIRAS","0","","111.0000","1","1","Banco do Brasil S.A.","2763","4","0000030006","3","BCO BRASIL - CONTA MOVIMENTO","30/01/2026 00:00:00","RENTABILIDADE","1","160","","","Rendimentos","ENTRADA","5336.11"
"2026","1210","","1210","","","","","19","RECURSOS EXTRAÓRÇAMENTÁRIOS","","","","190","MOVIMENTAÇÕES EXTRAORÇAMENTÁRIAS GERAL","0","","","1","1","Banco do Brasil S.A.","2763","4","0000030006","3","BCO BRASIL - CONTA MOVIMENTO","12/01/2026 00:00:00","DEBITO_CONTA_CORRENTE","CONTA_BANCARIA","6","","199","16736","","","DE 11/2026","SAIDA","653.29","1407","147474.28","326838.96","87627.75","","3595443.34","5336.11","2243042.88","36576.66","318469.79","556301.83","312487.67","842225.48","","","0","0","AutorizacaoPagamento{exercicioContabil=2026, numero=199, Juridicionado=01 - PREFEITURA MUNICIPAL DE VARGEM GRANDE DO SUL}","","2026","1210","","","1","Tesouro","","","111","REMUNERAÇÃO DE APLICAÇÕES FINANCEIRAS","0","","111.0000","1","1","Banco do Brasil S.A.","2763","4","0000030006","3","BCO BRASIL - CONTA MOVIMENTO","30/01/2026 00:00:00","RENTABILIDADE","1","160","","","Rendimentos","ENTRADA","5336.11"
"2026","1210","","1210","","","","","1","Tesouro","","","","110","GERAL","0","","","1","1","Banco do Brasil S.A.","2763","4","0000030006","3","BCO BRASIL - CONTA MOVIMENTO","12/01/2026 00:00:00","DEBITO_CONTA_CORRENTE","CONTA_BANCARIA","7","","341","16891","","","NE 1118, 1119","SAIDA","88973.57","1407","147474.28","237865.39","87627.75","","3595443.34","5336.11","2243042.88","36576.66","318469.79","556301.83","312487.67","842225.48","","","0","0","AutorizacaoPagamento{exercicioContabil=2026, numero=341, Juridicionado=01 - PREFEITURA MUNICIPAL DE VARGEM GRANDE DO SUL}","","2026","1210","","","1","Tesouro","","","111","REMUNERAÇÃO DE APLICAÇÕES FINANCEIRAS","0","","111.0000","1","1","Banco do Brasil S.A.","2763","4","0000030006","3","BCO BRASIL - CONTA MOVIMENTO","30/01/2026 00:00:00","RENTABILIDADE","1","160","","","Rendimentos","ENTRADA","5336.11"
"2026","1210","","1210","","","","","1","Tesouro","","","","110","GERAL","0","","","1","1","Banco do Brasil S.A.","2763","4","0000030006","3","BCO BRASIL - CONTA MOVIMENTO","12/01/2026 00:00:00","DEBITO_CONTA_CORRENTE","CONTA_BANCARIA","8","","342","16892","","","NE 1116, 1117","SAIDA","16333.76","1407","147474.28","221531.63","87627.75","","3595443.34","5336.11","2243042.88","36576.66","318469.79","556301.83","312487.67","842225.48","","","0","0","AutorizacaoPagamento{exercicioContabil=2026, numero=342, Juridicionado=01 - PREFEITURA MUNICIPAL DE VARGEM GRANDE DO SUL}","","2026","1210","","","1","Tesouro","","","111","REMUNERAÇÃO DE APLICAÇÕES FINANCEIRAS","0","","111.0000","1","1","Banco do Brasil S.A.","2763","4","0000030006","3","BCO BRASIL - CONTA MOVIMENTO","30/01/2026 00:00:00","RENTABILIDADE","1","160","","","Rendimentos","ENTRADA","5336.11"
"2026","1210","","1210","","","","","1","Tesouro","","","","110","GERAL","0","","","1","1","Banco do Brasil S.A.","2763","4","0000030006","3","BCO BRASIL - CONTA MOVIMENTO","12/01/2026 00:00:00","DEBITO_CONTA_CORRENTE","CONTA_BANCARIA","9","","343","16893","","","NE 1115, 1114","SAIDA","176326.56","1407","147474.28","45205.07","87627.75","","3595443.34","5336.11","2243042.88","36576.66","318469.79","556301.83","312487.67","842225.48","","","0","0","AutorizacaoPagamento{exercicioContabil=2026, numero=343, Juridicionado=01 - PREFEITURA MUNICIPAL DE VARGEM GRANDE DO SUL}","","2026","1210","","","1","Tesouro","","","111","REMUNERAÇÃO DE APLICAÇÕES FINANCEIRAS","0","","111.0000","1","1","Banco do Brasil S.A.","2763","4","0000030006","3","BCO BRASIL - CONTA MOVIMENTO","30/01/2026 00:00:00","RENTABILIDADE","1","160","","","Rendimentos","ENTRADA","5336.11"
"2026","1210","","1210","","","","","1","Tesouro","","","","110","GERAL","0","","","1","1","Banco do Brasil S.A.","2763","4","0000030006","3","BCO BRASIL - CONTA MOVIMENTO","12/01/2026 00:00:00","DEBITO_CONTA_CORRENTE","CONTA_BANCARIA","10","","434","16999","","","NE 18944/2025","SAIDA","125","1407","147474.28","45080.07","87627.75","","3595443.34","5336.11","2243042.88","36576.66","318469.79","556301.83","312487.67","842225.48","","","0","0","AutorizacaoPagamento{exercicioContabil=2026, numero=434, Juridicionado=01 - PREFEITURA MUNICIPAL DE VARGEM GRANDE DO SUL}","","2026","1210","","","1","Tesouro","","","111","REMUNERAÇÃO DE APLICAÇÕES FINANCEIRAS","0","","111.0000","1","1","Banco do Brasil S.A.","2763","4","0000030006","3","BCO BRASIL - CONTA MOVIMENTO","30/01/2026 00:00:00","RENTABILIDADE","1","160","","","Rendimentos","ENTRADA","5336.11"
"2026","1210","","1210","","","","","1","Tesouro","","","","110","GERAL","0","","","1","1","Banco do Brasil S.A.","2763","4","0000030006","3","BCO BRASIL - CONTA MOVIMENTO","13/01/2026 00:00:00","DEBITO_CONTA_CORRENTE","CONTA_BANCARIA","1","","","","","752","ANULACAO CONTAB. AUTOMÁTICA - RECEB. DA GUIA ORÇAMENTÁRIA: 359","SAIDA","297","1407","147474.28","44783.07","87627.75","","3595443.34","5336.11","2243042.88","36576.66","318469.79","556301.83","312487.67","842225.48","","","0","0","","","2026","1210","","","1","Tesouro","","","111","REMUNERAÇÃO DE APLICAÇÕES FINANCEIRAS","0","","111.0000","1","1","Banco do Brasil S.A.","2763","4","0000030006","3","BCO BRASIL - CONTA MOVIMENTO","30/01/2026 00:00:00","RENTABILIDADE","1","160","","","Rendimentos","ENTRADA","5336.11"
"2026","1210","","1210","","","","","1","Tesouro","","","","110","GERAL","0","","","1","1","Banco do Brasil S.A.","2763","4","0000030006","3","BCO BRASIL - CONTA MOVIMENTO","13/01/2026 00:00:00","DEBITO_CONTA_CORRENTE","CONTA_BANCARIA","1","","","","","752","ANULACAO CONTAB. AUTOMÁTICA - RECEB. DA GUIA ORÇAMENTÁRIA: 359","SAIDA","145.49","1407","147474.28","44637.58","87627.75","","3595443.34","5336.11","2243042.88","36576.66","318469.79","556301.83","312487.67","842225.48","","","0","0","","","2026","1210","","","1","Tesouro","","","111","REMUNERAÇÃO DE APLICAÇÕES FINANCEIRAS","0","","111.0000","1","1","Banco do Brasil S.A.","2763","4","0000030006","3","BCO BRASIL - CONTA MOVIMENTO","30/01/2026 00:00:00","RENTABILIDADE","1","160","","","Rendimentos","ENTRADA","5336.11"
"2026","1210","","1210","","","","","1","Tesouro","","","","110","GERAL","0","","","1","1","Banco do Brasil S.A.","2763","4","0000030006","3","BCO BRASIL - CONTA MOVIMENTO","13/01/2026 00:00:00","DEBITO_CONTA_CORRENTE","CONTA_BANCARIA","1","","","","","752","ANULACAO CONTAB. AUTOMÁTICA - RECEB. DA GUIA ORÇAMENTÁRIA: 359","SAIDA","23.9","1407","147474.28","44613.68","87627.75","","3595443.34","5336.11","2243042.88","36576.66","318469.79","556301.83","312487.67","842225.48","","","0","0","","","2026","1210","","","1","Tesouro","","","111","REMUNERAÇÃO DE APLICAÇÕES FINANCEIRAS","0","","111.0000","1","1","Banco do Brasil S.A.","2763","4","0000030006","3","BCO BRASIL - CONTA MOVIMENTO","30/01/2026 00:00:00","RENTABILIDADE","1","160","","","Rendimentos","ENTRADA","5336.11"
"2026","1210","","1210","","","","","1","Tesouro","","","","110","GERAL","0","","","1","1","Banco do Brasil S.A.","2763","4","0000030006","3","BCO BRASIL - CONTA MOVIMENTO","13/01/2026 00:00:00","DEBITO_CONTA_CORRENTE","CONTA_BANCARIA","1","","","","","752","ANULACAO CONTAB. AUTOMÁTICA - RECEB. DA GUIA ORÇAMENTÁRIA: 359","SAIDA","75","1407","147474.28","44538.68","87627.75","","3595443.34","5336.11","2243042.88","36576.66","318469.79","556301.83","312487.67","842225.48","","","0","0","","","2026","1210","","","1","Tesouro","","","111","REMUNERAÇÃO DE APLICAÇÕES FINANCEIRAS","0","","111.0000","1","1","Banco do Brasil S.A.","2763","4","0000030006","3","BCO BRASIL - CONTA MOVIMENTO","30/01/2026 00:00:00","RENTABILIDADE","1","160","","","Rendimentos","ENTRADA","5336.11"
"2026","1210","","1210","","","","","1","Tesouro","","","","110","GERAL","0","","","1","1","Banco do Brasil S.A.","2763","4","0000030006","3","BCO BRASIL - CONTA MOVIMENTO","13/01/2026 00:00:00","DEBITO_CONTA_CORRENTE","CONTA_BANCARIA","1","","","","","752","ANULACAO CONTAB. AUTOMÁTICA - RECEB. DA GUIA ORÇAMENTÁRIA: 359","SAIDA","884.5","1407","147474.28","43654.18","87627.75","","3595443.34","5336.11","2243042.88","36576.66","318469.79","556301.83","312487.67","842225.48","","","0","0","","","2026","1210","","","1","Tesouro","","","111","REMUNERAÇÃO DE APLICAÇÕES FINANCEIRAS","0","","111.0000","1","1","Banco do Brasil S.A.","2763","4","0000030006","3","BCO BRASIL - CONTA MOVIMENTO","30/01/2026 00:00:00","RENTABILIDADE","1","160","","","Rendimentos","ENTRADA","5336.11"
"2026","1210","","1210","","","","","1","Tesouro","","","","110","GERAL","0","","","1","1","Banco do Brasil S.A.","2763","4","0000030006","3","BCO BRASIL - CONTA MOVIMENTO","13/01/2026 00:00:00","DEBITO_CONTA_CORRENTE","CONTA_BANCARIA","1","","","","","752","ANULACAO CONTAB. AUTOMÁTICA - RECEB. DA GUIA ORÇAMENTÁRIA: 359","SAIDA","831.71","1407","147474.28","42822.47","87627.75","","3595443.34","5336.11","2243042.88","36576.66","318469.79","556301.83","312487.67","842225.48","","","0","0","","","2026","1210","","","1","Tesouro","","","111","REMUNERAÇÃO DE APLICAÇÕES FINANCEIRAS","0","","111.0000","1","1","Banco do Brasil S.A.","2763","4","0000030006","3","BCO BRASIL - CONTA MOVIMENTO","30/01/2026 00:00:00","RENTABILIDADE","1","160","","","Rendimentos","ENTRADA","5336.11"
"2026","1210","","1210","","","","","1","Tesouro","","","","110","GERAL","0","","","1","1","Banco do Brasil S.A.","2763","4","0000030006","3","BCO BRASIL - CONTA MOVIMENTO","13/01/2026 00:00:00","DEBITO_CONTA_CORRENTE","CONTA_BANCARIA","1","","","","","752","ANULACAO CONTAB. AUTOMÁTICA - RECEB. DA GUIA ORÇAMENTÁRIA: 359","SAIDA","3267.81","1407","147474.28","39554.66","87627.75","","3595443.34","5336.11","2243042.88","36576.66","318469.79","556301.83","312487.67","842225.48","","","0","0","","","2026","1210","","","1","Tesouro","","","111","REMUNERAÇÃO DE APLICAÇÕES FINANCEIRAS","0","","111.0000","1","1","Banco do Brasil S.A.","2763","4","0000030006","3","BCO BRASIL - CONTA MOVIMENTO","30/01/2026 00:00:00","RENTABILIDADE","1","160","","","Rendimentos","ENTRADA","5336.11"
"2026","1210","","1210","","","","","1","Tesouro","","","","110","GERAL","0","","","1","1","Banco do Brasil S.A.","2763","4","0000030006","3","BCO BRASIL - CONTA MOVIMENTO","13/01/2026 00:00:00","DEBITO_CONTA_CORRENTE","CONTA_BANCARIA","1","","","","","752","ANULACAO CONTAB. AUTOMÁTICA - RECEB. DA GUIA ORÇAMENTÁRIA: 359","SAIDA","862.57","1407","147474.28","38692.09","87627.75","","3595443.34","5336.11","2243042.88","36576.66","318469.79","556301.83","312487.67","842225.48","","","0","0","","","2026","1210","","","1","Tesouro","","","111","REMUNERAÇÃO DE APLICAÇÕES FINANCEIRAS","0","","111.0000","1","1","Banco do Brasil S.A.","2763","4","0000030006","3","BCO BRASIL - CONTA MOVIMENTO","30/01/2026 00:00:00","RENTABILIDADE","1","160","","","Rendimentos","ENTRADA","5336.11"
"2026","1210","","1210","","","","","1","Tesouro","","","","110","GERAL","0","","","1","1","Banco do Brasil S.A.","2763","4","0000030006","3","BCO BRASIL - CONTA MOVIMENTO","13/01/2026 00:00:00","DEBITO_CONTA_CORRENTE","CONTA_BANCARIA","1","","42","16575","","","NE 14/2025","SAIDA","222.12","1407","147474.28","38469.97","87627.75","","3595443.34","5336.11","2243042.88","36576.66","318469.79","556301.83","312487.67","842225.48","","","0","0","AutorizacaoPagamento{exercicioContabil=2026, numero=42, Juridicionado=01 - PREFEITURA MUNICIPAL DE VARGEM GRANDE DO SUL}","","2026","1210","","","1","Tesouro","","","111","REMUNERAÇÃO DE APLICAÇÕES FINANCEIRAS","0","","111.0000","1","1","Banco do Brasil S.A.","2763","4","0000030006","3","BCO BRASIL - CONTA MOVIMENTO","30/01/2026 00:00:00","RENTABILIDADE","1","160","","","Rendimentos","ENTRADA","5336.11"
"2026","1210","","1210","","","","","1","Tesouro","","","","110","GERAL","0","","","1","1","Banco do Brasil S.A.","2763","4","0000030006","3","BCO BRASIL - CONTA MOVIMENTO","13/01/2026 00:00:00","DEBITO_CONTA_CORRENTE","CONTA_BANCARIA","1","","","","","752","ANULACAO CONTAB. AUTOMÁTICA - RECEB. DA GUIA ORÇAMENTÁRIA: 359","SAIDA","159.96","1407","147474.28","38310.01","87627.75","","3595443.34","5336.11","2243042.88","36576.66","318469.79","556301.83","312487.67","842225.48","","","0","0","","","2026","1210","","","1","Tesouro","","","111","REMUNERAÇÃO DE APLICAÇÕES FINANCEIRAS","0","","111.0000","1","1","Banco do Brasil S.A.","2763","4","0000030006","3","BCO BRASIL - CONTA MOVIMENTO","30/01/2026 00:00:00","RENTABILIDADE","1","160","","","Rendimentos","ENTRADA","5336.11"
"2026","1210","","1210","","","","","1","Tesouro","","","","110","GERAL","0","","","1","1","Banco do Brasil S.A.","2763","4","0000030006","3","BCO BRASIL - CONTA MOVIMENTO","13/01/2026 00:00:00","DEBITO_CONTA_CORRENTE","CONTA_BANCARIA","1","","","","","752","ANULACAO CONTAB. AUTOMÁTICA - RECEB. DA GUIA ORÇAMENTÁRIA: 359","SAIDA","23.82","1407","147474.28","38286.19","87627.75","","3595443.34","5336.11","2243042.88","36576.66","318469.79","556301.83","312487.67","842225.48","","","0","0","","","2026","1210","","","1","Tesouro","","","111","REMUNERAÇÃO DE APLICAÇÕES FINANCEIRAS","0","","111.0000","1","1","Banco do Brasil S.A.","2763","4","0000030006","3","BCO BRASIL - CONTA MOVIMENTO","30/01/2026 00:00:00","RENTABILIDADE","1","160","","","Rendimentos","ENTRADA","5336.11"
"2026","1210","","1210","","","","","1","Tesouro","","","","110","GERAL","0","","","1","1","Banco do Brasil S.A.","2763","4","0000030006","3","BCO BRASIL - CONTA MOVIMENTO","13/01/2026 00:00:00","CREDITO_CONTA_CORRENTE","CONTA_BANCARIA","1","13","","","","","LANÇAMENTO DE GUIA DE TRANSFERÊNCIAS GOVERNAMENTAIS","ENTRADA","551229.26","1407","147474.28","589515.45","87627.75","","3595443.34","5336.11","2243042.88","36576.66","318469.79","556301.83","312487.67","842225.48","","","0","0","","","2026","1210","","","1","Tesouro","","","111","REMUNERAÇÃO DE APLICAÇÕES FINANCEIRAS","0","","111.0000","1","1","Banco do Brasil S.A.","2763","4","0000030006","3","BCO BRASIL - CONTA MOVIMENTO","30/01/2026 00:00:00","RENTABILIDADE","1","160","","","Rendimentos","ENTRADA","5336.11"
"2026","1210","","1210","","","","","1","Tesouro","","","","110","GERAL","0","","","1","1","Banco do Brasil S.A.","2763","4","0000030006","3","BCO BRASIL - CONTA MOVIMENTO","13/01/2026 00:00:00","DEBITO_CONTA_CORRENTE","CONTA_BANCARIA","1","","","","","752","ANULACAO CONTAB. AUTOMÁTICA - RECEB. DA GUIA ORÇAMENTÁRIA: 359","SAIDA","142.31","1407","147474.28","589373.14","87627.75","","3595443.34","5336.11","2243042.88","36576.66","318469.79","556301.83","312487.67","842225.48","","","0","0","","","2026","1210","","","1","Tesouro","","","111","REMUNERAÇÃO DE APLICAÇÕES FINANCEIRAS","0","","111.0000","1","1","Banco do Brasil S.A.","2763","4","0000030006","3","BCO BRASIL - CONTA MOVIMENTO","30/01/2026 00:00:00","RENTABILIDADE","1","160","","","Rendimentos","ENTRADA","5336.11"
"2026","1210","","1210","","","","","1","Tesouro","","","","110","GERAL","0","","","1","1","Banco do Brasil S.A.","2763","4","0000030006","3","BCO BRASIL - CONTA MOVIMENTO","13/01/2026 00:00:00","DEBITO_CONTA_CORRENTE","CONTA_BANCARIA","1","","","","","752","ANULACAO CONTAB. AUTOMÁTICA - RECEB. DA GUIA ORÇAMENTÁRIA: 359","SAIDA","23.22","1407","147474.28","589349.92","87627.75","","3595443.34","5336.11","2243042.88","36576.66","318469.79","556301.83","312487.67","842225.48","","","0","0","","","2026","1210","","","1","Tesouro","","","111","REMUNERAÇÃO DE APLICAÇÕES FINANCEIRAS","0","","111.0000","1","1","Banco do Brasil S.A.","2763","4","0000030006","3","BCO BRASIL - CONTA MOVIMENTO","30/01/2026 00:00:00","RENTABILIDADE","1","160","","","Rendimentos","ENTRADA","5336.11"
"2026","1210","","1210","","","","","1","Tesouro","","","","110","GERAL","0","","","1","1","Banco do Brasil S.A.","2763","4","0000030006","3","BCO BRASIL - CONTA MOVIMENTO","13/01/2026 00:00:00","DEBITO_CONTA_CORRENTE","CONTA_BANCARIA","1","","","","","752","ANULACAO CONTAB. AUTOMÁTICA - RECEB. DA GUIA ORÇAMENTÁRIA: 359","SAIDA","126.25","1407","147474.28","589223.67","87627.75","","3595443.34","5336.11","2243042.88","36576.66","318469.79","556301.83","312487.67","842225.48","","","0","0","","","2026","1210","","","1","Tesouro","","","111","REMUNERAÇÃO DE APLICAÇÕES FINANCEIRAS","0","","111.0000","1","1","Banco do Brasil S.A.","2763","4","0000030006","3","BCO BRASIL - CONTA MOVIMENTO","30/01/2026 00:00:00","RENTABILIDADE","1","160","","","Rendimentos","ENTRADA","5336.11"
"2026","1210","","1210","","","","","1","Tesouro","","","","110","GERAL","0","","","1","1","Banco do Brasil S.A.","2763","4","0000030006","3","BCO BRASIL - CONTA MOVIMENTO","13/01/2026 00:00:00","DEBITO_CONTA_CORRENTE","CONTA_BANCARIA","1","","","","","752","ANULACAO CONTAB. AUTOMÁTICA - RECEB. DA GUIA ORÇAMENTÁRIA: 359","SAIDA","7882.48","1407","147474.28","581341.19","87627.75","","3595443.34","5336.11","2243042.88","36576.66","318469.79","556301.83","312487.67","842225.48","","","0","0","","","2026","1210","","","1","Tesouro","","","111","REMUNERAÇÃO DE APLICAÇÕES FINANCEIRAS","0","","111.0000","1","1","Banco do Brasil S.A.","2763","4","0000030006","3","BCO BRASIL - CONTA MOVIMENTO","30/01/2026 00:00:00","RENTABILIDADE","1","160","","","Rendimentos","ENTRADA","5336.11"
"2026","1210","","1210","","","","","1","Tesouro","","","","110","GERAL","0","","","1","1","Banco do Brasil S.A.","2763","4","0000030006","3","BCO BRASIL - CONTA MOVIMENTO","13/01/2026 00:00:00","DEBITO_CONTA_CORRENTE","CONTA_BANCARIA","1","","","","","752","ANULACAO CONTAB. AUTOMÁTICA - RECEB. DA GUIA ORÇAMENTÁRIA: 359","SAIDA","221.06","1407","147474.28","581120.13","87627.75","","3595443.34","5336.11","2243042.88","36576.66","318469.79","556301.83","312487.67","842225.48","","","0","0","","","2026","1210","","","1","Tesouro","","","111","REMUNERAÇÃO DE APLICAÇÕES FINANCEIRAS","0","","111.0000","1","1","Banco do Brasil S.A.","2763","4","0000030006","3","BCO BRASIL - CONTA MOVIMENTO","30/01/2026 00:00:00","RENTABILIDADE","1","160","","","Rendimentos","ENTRADA","5336.11"
"2026","1210","","1210","","","","","1","Tesouro","","","","110","GERAL","0","","","1","1","Banco do Brasil S.A.","2763","4","0000030006","3","BCO BRASIL - CONTA MOVIMENTO","13/01/2026 00:00:00","DEBITO_CONTA_CORRENTE","CONTA_BANCARIA","1","","","","","752","ANULACAO CONTAB. AUTOMÁTICA - RECEB. DA GUIA ORÇAMENTÁRIA: 359","SAIDA","4427.59","1407","147474.28","576692.54","87627.75","","3595443.34","5336.11","2243042.88","36576.66","318469.79","556301.83","312487.67","842225.48","","","0","0","","","2026","1210","","","1","Tesouro","","","111","REMUNERAÇÃO DE APLICAÇÕES FINANCEIRAS","0","","111.0000","1","1","Banco do Brasil S.A.","2763","4","0000030006","3","BCO BRASIL - CONTA MOVIMENTO","30/01/2026 00:00:00","RENTABILIDADE","1","160","","","Rendimentos","ENTRADA","5336.11"
"2026","1210","","1210","","","","","1","Tesouro","","","","110","GERAL","0","","","1","1","Banco do Brasil S.A.","2763","4","0000030006","3","BCO BRASIL - CONTA MOVIMENTO","13/01/2026 00:00:00","CREDITO_CONTA_CORRENTE","CONTA_BANCARIA","1","359","","","","","CONTAB. AUTOMÁTICA - RECEB. DA GUIA ORÇAMENTÁRIA: 359","ENTRADA","19394.67","1407","147474.28","596087.21","87627.75","","3595443.34","5336.11","2243042.88","36576.66","318469.79","556301.83","312487.67","842225.48","","","0","0","","","2026","1210","","","1","Tesouro","","","111","REMUNERAÇÃO DE APLICAÇÕES FINANCEIRAS","0","","111.0000","1","1","Banco do Brasil S.A.","2763","4","0000030006","3","BCO BRASIL - CONTA MOVIMENTO","30/01/2026 00:00:00","RENTABILIDADE","1","160","","","Rendimentos","ENTRADA","5336.11"
"2026","1210","","1210","","","","","1","Tesouro","","","","110","GERAL","0","","","1","1","Banco do Brasil S.A.","2763","4","0000030006","3","BCO BRASIL - CONTA MOVIMENTO","13/01/2026 00:00:00","DEBITO_CONTA_CORRENTE","CONTA_BANCARIA","2","","175","16709","","","NE 132,5257,5258/2025","SAIDA","17036.01","1407","147474.28","579051.2","87627.75","","3595443.34","5336.11","2243042.88","36576.66","318469.79","556301.83","312487.67","842225.48","","","0","0","AutorizacaoPagamento{exercicioContabil=2026, numero=175, Juridicionado=01 - PREFEITURA MUNICIPAL DE VARGEM GRANDE DO SUL}","","2026","1210","","","1","Tesouro","","","111","REMUNERAÇÃO DE APLICAÇÕES FINANCEIRAS","0","","111.0000","1","1","Banco do Brasil S.A.","2763","4","0000030006","3","BCO BRASIL - CONTA MOVIMENTO","30/01/2026 00:00:00","RENTABILIDADE","1","160","","","Rendimentos","ENTRADA","5336.11"
"2026","1210","","1210","","","","","1","Tesouro","","","","110","GERAL","0","","","1","1","Banco do Brasil S.A.","2763","4","0000030006","3","BCO BRASIL - CONTA MOVIMENTO","13/01/2026 00:00:00","CREDITO_CONTA_CORRENTE","CONTA_BANCARIA","2","14","","","","","LANÇAMENTO DE GUIA DE TRANSFERÊNCIAS GOVERNAMENTAIS","ENTRADA","11284.06","1407","147474.28","590335.26","87627.75","","3595443.34","5336.11","2243042.88","36576.66","318469.79","556301.83","312487.67","842225.48","","","0","0","","","2026","1210","","","1","Tesouro","","","111","REMUNERAÇÃO DE APLICAÇÕES FINANCEIRAS","0","","111.0000","1","1","Banco do Brasil S.A.","2763","4","0000030006","3","BCO BRASIL - CONTA MOVIMENTO","30/01/2026 00:00:00","RENTABILIDADE","1","160","","","Rendimentos","ENTRADA","5336.11"
"2026","1210","","1210","","","","","19","RECURSOS EXTRAÓRÇAMENTÁRIOS","","","","190","MOVIMENTAÇÕES EXTRAORÇAMENTÁRIAS GERAL","0","","","1","1","Banco do Brasil S.A.","2763","4","0000030006","3","BCO BRASIL - CONTA MOVIMENTO","13/01/2026 00:00:00","DEBITO_CONTA_CORRENTE","CONTA_BANCARIA","2","","","","","","ANULACAO CONTAB. AUTOMÁTICA - RECEB. DA GUIA EXTRA-ORÇAMENTÁRIA: 25","SAIDA","59.9","1407","147474.28","590275.36","87627.75","","3595443.34","5336.11","2243042.88","36576.66","318469.79","556301.83","312487.67","842225.48","","","0","0","","","2026","1210","","","1","Tesouro","","","111","REMUNERAÇÃO DE APLICAÇÕES FINANCEIRAS","0","","111.0000","1","1","Banco do Brasil S.A.","2763","4","0000030006","3","BCO BRASIL - CONTA MOVIMENTO","30/01/2026 00:00:00","RENTABILIDADE","1","160","","","Rendimentos","ENTRADA","5336.11"
"2026","1210","","1210","","","","","19","RECURSOS EXTRAÓRÇAMENTÁRIOS","","","","190","MOVIMENTAÇÕES EXTRAORÇAMENTÁRIAS GERAL","0","","","1","1","Banco do Brasil S.A.","2763","4","0000030006","3","BCO BRASIL - CONTA MOVIMENTO","13/01/2026 00:00:00","CREDITO_CONTA_CORRENTE","CONTA_BANCARIA","2","25","","","","","CONTAB. AUTOMÁTICA - RECEB. DA GUIA EXTRA-ORÇAMENTÁRIA: 25","ENTRADA","59.9","1407","147474.28","590335.26","87627.75","","3595443.34","5336.11","2243042.88","36576.66","318469.79","556301.83","312487.67","842225.48","","","0","0","","","2026","1210","","","1","Tesouro","","","111","REMUNERAÇÃO DE APLICAÇÕES FINANCEIRAS","0","","111.0000","1","1","Banco do Brasil S.A.","2763","4","0000030006","3","BCO BRASIL - CONTA MOVIMENTO","30/01/2026 00:00:00","RENTABILIDADE","1","160","","","Rendimentos","ENTRADA","5336.11"
"2026","1210","","1210","","","","","1","Tesouro","","","","110","GERAL","0","","","1","1","Banco do Brasil S.A.","2763","4","0000030006","3","BCO BRASIL - CONTA MOVIMENTO","13/01/2026 00:00:00","DEBITO_CONTA_CORRENTE","CONTA_BANCARIA","3","13","","","","","LANÇAMENTO DE GUIA DE TRANSFERÊNCIAS GOVERNAMENTAIS","SAIDA","110245.85","1407","147474.28","480089.41","87627.75","","3595443.34","5336.11","2243042.88","36576.66","318469.79","556301.83","312487.67","842225.48","","","0","0","","","2026","1210","","","1","Tesouro","","","111","REMUNERAÇÃO DE APLICAÇÕES FINANCEIRAS","0","","111.0000","1","1","Banco do Brasil S.A.","2763","4","0000030006","3","BCO BRASIL - CONTA MOVIMENTO","30/01/2026 00:00:00","RENTABILIDADE","1","160","","","Rendimentos","ENTRADA","5336.11"
"2026","1210","","1210","","","","","1","Tesouro","","","","110","GERAL","0","","","1","1","Banco do Brasil S.A.","2763","4","0000030006","3","BCO BRASIL - CONTA MOVIMENTO","13/01/2026 00:00:00","CREDITO_CONTA_CORRENTE","CONTA_BANCARIA","3","127","","","","","LANÇAMENTO DE RECEITA","ENTRADA","16831.09","1407","147474.28","496920.5","87627.75","","3595443.34","5336.11","2243042.88","36576.66","318469.79","556301.83","312487.67","842225.48","","","0","0","","","2026","1210","","","1","Tesouro","","","111","REMUNERAÇÃO DE APLICAÇÕES FINANCEIRAS","0","","111.0000","1","1","Banco do Brasil S.A.","2763","4","0000030006","3","BCO BRASIL - CONTA MOVIMENTO","30/01/2026 00:00:00","RENTABILIDADE","1","160","","","Rendimentos","ENTRADA","5336.11"
"2026","1210","","1210","","","","","1","Tesouro","","","","110","GERAL","0","","","1","1","Banco do Brasil S.A.","2763","4","0000030006","3","BCO BRASIL - CONTA MOVIMENTO","13/01/2026 00:00:00","CREDITO_CONTA_CORRENTE","CONTA_BANCARIA","3","772","","","","","CONTAB. AUTOMÁTICA - RECEB. DA GUIA ORÇAMENTÁRIA: 772","ENTRADA","19394.67","1407","147474.28","516315.17","87627.75","","3595443.34","5336.11","2243042.88","36576.66","318469.79","556301.83","312487.67","842225.48","","","0","0","","","2026","1210","","","1","Tesouro","","","111","REMUNERAÇÃO DE APLICAÇÕES FINANCEIRAS","0","","111.0000","1","1","Banco do Brasil S.A.","2763","4","0000030006","3","BCO BRASIL - CONTA MOVIMENTO","30/01/2026 00:00:00","RENTABILIDADE","1","160","","","Rendimentos","ENTRADA","5336.11"
"2026","1210","","1210","","","","","19","RECURSOS EXTRAÓRÇAMENTÁRIOS","","","","190","MOVIMENTAÇÕES EXTRAORÇAMENTÁRIAS GERAL","0","","","1","1","Banco do Brasil S.A.","2763","4","0000030006","3","BCO BRASIL - CONTA MOVIMENTO","13/01/2026 00:00:00","CREDITO_CONTA_CORRENTE","CONTA_BANCARIA","4","120","","","","","CONTAB. AUTOMÁTICA - RECEB. DA GUIA EXTRA-ORÇAMENTÁRIA: 120","ENTRADA","59.9","1407","147474.28","516375.07","87627.75","","3595443.34","5336.11","2243042.88","36576.66","318469.79","556301.83","312487.67","842225.48","","","0","0","","","2026","1210","","","1","Tesouro","","","111","REMUNERAÇÃO DE APLICAÇÕES FINANCEIRAS","0","","111.0000","1","1","Banco do Brasil S.A.","2763","4","0000030006","3","BCO BRASIL - CONTA MOVIMENTO","30/01/2026 00:00:00","RENTABILIDADE","1","160","","","Rendimentos","ENTRADA","5336.11"
"2026","1210","","1210","","","","","1","Tesouro","","","","110","GERAL","0","","","1","1","Banco do Brasil S.A.","2763","4","0000030006","3","BCO BRASIL - CONTA MOVIMENTO","13/01/2026 00:00:00","DEBITO_CONTA_CORRENTE","CONTA_BANCARIA","4","14","","","","","LANÇAMENTO DE GUIA DE TRANSFERÊNCIAS GOVERNAMENTAIS","SAIDA","2256.81","1407","147474.28","514118.26","87627.75","","3595443.34","5336.11","2243042.88","36576.66","318469.79","556301.83","312487.67","842225.48","","","0","0","","","2026","1210","","","1","Tesouro","","","111","REMUNERAÇÃO DE APLICAÇÕES FINANCEIRAS","0","","111.0000","1","1","Banco do Brasil S.A.","2763","4","0000030006","3","BCO BRASIL - CONTA MOVIMENTO","30/01/2026 00:00:00","RENTABILIDADE","1","160","","","Rendimentos","ENTRADA","5336.11"
"2026","1210","","1210","","","","","1","Tesouro","","","","110","GERAL","0","","","1","1","Banco do Brasil S.A.","2763","4","0000030006","3","BCO BRASIL - CONTA MOVIMENTO","14/01/2026 00:00:00","DEBITO_CONTA_CORRENTE","CONTA_BANCARIA","1","","","","","748","ANULACAO CONTAB. AUTOMÁTICA - RECEB. DA GUIA ORÇAMENTÁRIA: 363","SAIDA","1024.76","1407","147474.28","513093.5","87627.75","","3595443.34","5336.11","2243042.88","36576.66","318469.79","556301.83","312487.67","842225.48","","","0","0","","","2026","1210","","","1","Tesouro","","","111","REMUNERAÇÃO DE APLICAÇÕES FINANCEIRAS","0","","111.0000","1","1","Banco do Brasil S.A.","2763","4","0000030006","3","BCO BRASIL - CONTA MOVIMENTO","30/01/2026 00:00:00","RENTABILIDADE","1","160","","","Rendimentos","ENTRADA","5336.11"
"2026","1210","","1210","","","","","1","Tesouro","","","","110","GERAL","0","","","1","1","Banco do Brasil S.A.","2763","4","0000030006","3","BCO BRASIL - CONTA MOVIMENTO","14/01/2026 00:00:00","DEBITO_CONTA_CORRENTE","CONTA_BANCARIA","1","","","","","748","ANULACAO CONTAB. AUTOMÁTICA - RECEB. DA GUIA ORÇAMENTÁRIA: 363","SAIDA","17.82","1407","147474.28","513075.68","87627.75","","3595443.34","5336.11","2243042.88","36576.66","318469.79","556301.83","312487.67","842225.48","","","0","0","","","2026","1210","","","1","Tesouro","","","111","REMUNERAÇÃO DE APLICAÇÕES FINANCEIRAS","0","","111.0000","1","1","Banco do Brasil S.A.","2763","4","0000030006","3","BCO BRASIL - CONTA MOVIMENTO","30/01/2026 00:00:00","RENTABILIDADE","1","160","","","Rendimentos","ENTRADA","5336.11"
"2026","1210","","1210","","","","","1","Tesouro","","","","110","GERAL","0","","","1","1","Banco do Brasil S.A.","2763","4","0000030006","3","BCO BRASIL - CONTA MOVIMENTO","14/01/2026 00:00:00","DEBITO_CONTA_CORRENTE","CONTA_BANCARIA","1","","","","","748","ANULACAO CONTAB. AUTOMÁTICA - RECEB. DA GUIA ORÇAMENTÁRIA: 363","SAIDA","396.76","1407","147474.28","512678.92","87627.75","","3595443.34","5336.11","2243042.88","36576.66","318469.79","556301.83","312487.67","842225.48","","","0","0","","","2026","1210","","","1","Tesouro","","","111","REMUNERAÇÃO DE APLICAÇÕES FINANCEIRAS","0","","111.0000","1","1","Banco do Brasil S.A.","2763","4","0000030006","3","BCO BRASIL - CONTA MOVIMENTO","30/01/2026 00:00:00","RENTABILIDADE","1","160","","","Rendimentos","ENTRADA","5336.11"
"2026","1210","","1210","","","","","1","Tesouro","","","","110","GERAL","0","","","1","1","Banco do Brasil S.A.","2763","4","0000030006","3","BCO BRASIL - CONTA MOVIMENTO","14/01/2026 00:00:00","DEBITO_CONTA_CORRENTE","CONTA_BANCARIA","1","","","","","748","ANULACAO CONTAB. AUTOMÁTICA - RECEB. DA GUIA ORÇAMENTÁRIA: 363","SAIDA","429.05","1407","147474.28","512249.87","87627.75","","3595443.34","5336.11","2243042.88","36576.66","318469.79","556301.83","312487.67","842225.48","","","0","0","","","2026","1210","","","1","Tesouro","","","111","REMUNERAÇÃO DE APLICAÇÕES FINANCEIRAS","0","","111.0000","1","1","Banco do Brasil S.A.","2763","4","0000030006","3","BCO BRASIL - CONTA MOVIMENTO","30/01/2026 00:00:00","RENTABILIDADE","1","160","","","Rendimentos","ENTRADA","5336.11"
"2026","1210","","1210","","","","","1","Tesouro","","","","110","GERAL","0","","","1","1","Banco do Brasil S.A.","2763","4","0000030006","3","BCO BRASIL - CONTA MOVIMENTO","14/01/2026 00:00:00","DEBITO_CONTA_CORRENTE","CONTA_BANCARIA","1","","","","","748","ANULACAO CONTAB. AUTOMÁTICA - RECEB. DA GUIA ORÇAMENTÁRIA: 363","SAIDA","2812.49","1407","147474.28","509437.38","87627.75","","3595443.34","5336.11","2243042.88","36576.66","318469.79","556301.83","312487.67","842225.48","","","0","0","","","2026","1210","","","1","Tesouro","","","111","REMUNERAÇÃO DE APLICAÇÕES FINANCEIRAS","0","","111.0000","1","1","Banco do Brasil S.A.","2763","4","0000030006","3","BCO BRASIL - CONTA MOVIMENTO","30/01/2026 00:00:00","RENTABILIDADE","1","160","","","Rendimentos","ENTRADA","5336.11"
"2026","1210","","1210","","","","","1","Tesouro","","","","110","GERAL","0","","","1","1","Banco do Brasil S.A.","2763","4","0000030006","3","BCO BRASIL - CONTA MOVIMENTO","14/01/2026 00:00:00","DEBITO_CONTA_CORRENTE","CONTA_BANCARIA","1","","","","","748","ANULACAO CONTAB. AUTOMÁTICA - RECEB. DA GUIA ORÇAMENTÁRIA: 363","SAIDA","117.48","1407","147474.28","509319.9","87627.75","","3595443.34","5336.11","2243042.88","36576.66","318469.79","556301.83","312487.67","842225.48","","","0","0","","","2026","1210","","","1","Tesouro","","","111","REMUNERAÇÃO DE APLICAÇÕES FINANCEIRAS","0","","111.0000","1","1","Banco do Brasil S.A.","2763","4","0000030006","3","BCO BRASIL - CONTA MOVIMENTO","30/01/2026 00:00:00","RENTABILIDADE","1","160","","","Rendimentos","ENTRADA","5336.11"
"2026","1210","","1210","","","","","1","Tesouro","","","","110","GERAL","0","","","1","1","Banco do Brasil S.A.","2763","4","0000030006","3","BCO BRASIL - CONTA MOVIMENTO","14/01/2026 00:00:00","DEBITO_CONTA_CORRENTE","CONTA_BANCARIA","1","","","","","748","ANULACAO CONTAB. AUTOMÁTICA - RECEB. DA GUIA ORÇAMENTÁRIA: 363","SAIDA","162","1407","147474.28","509157.9","87627.75","","3595443.34","5336.11","2243042.88","36576.66","318469.79","556301.83","312487.67","842225.48","","","0","0","","","2026","1210","","","1","Tesouro","","","111","REMUNERAÇÃO DE APLICAÇÕES FINANCEIRAS","0","","111.0000","1","1","Banco do Brasil S.A.","2763","4","0000030006","3","BCO BRASIL - CONTA MOVIMENTO","30/01/2026 00:00:00","RENTABILIDADE","1","160","","","Rendimentos","ENTRADA","5336.11"
"2026","1210","","1210","","","","","1","Tesouro","","","","110","GERAL","0","","","1","1","Banco do Brasil S.A.","2763","4","0000030006","3","BCO BRASIL - CONTA MOVIMENTO","14/01/2026 00:00:00","CREDITO_CONTA_CORRENTE","CONTA_BANCARIA","1","","","","41","","Transf Ref a IR e ISS da empresa Transportadora Asn.","ENTRADA","4453.05","1407","147474.28","513610.95","87627.75","","3595443.34","5336.11","2243042.88","36576.66","318469.79","556301.83","312487.67","842225.48","","","0","0","","","2026","1210","","","1","Tesouro","","","111","REMUNERAÇÃO DE APLICAÇÕES FINANCEIRAS","0","","111.0000","1","1","Banco do Brasil S.A.","2763","4","0000030006","3","BCO BRASIL - CONTA MOVIMENTO","30/01/2026 00:00:00","RENTABILIDADE","1","160","","","Rendimentos","ENTRADA","5336.11"
"2026","1210","","1210","","","","","1","Tesouro","","","","110","GERAL","0","","","1","1","Banco do Brasil S.A.","2763","4","0000030006","3","BCO BRASIL - CONTA MOVIMENTO","14/01/2026 00:00:00","DEBITO_CONTA_CORRENTE","CONTA_BANCARIA","1","","","","","748","ANULACAO CONTAB. AUTOMÁTICA - RECEB. DA GUIA ORÇAMENTÁRIA: 363","SAIDA","19.89","1407","147474.28","513591.06","87627.75","","3595443.34","5336.11","2243042.88","36576.66","318469.79","556301.83","312487.67","842225.48","","","0","0","","","2026","1210","","","1","Tesouro","","","111","REMUNERAÇÃO DE APLICAÇÕES FINANCEIRAS","0","","111.0000","1","1","Banco do Brasil S.A.","2763","4","0000030006","3","BCO BRASIL - CONTA MOVIMENTO","30/01/2026 00:00:00","RENTABILIDADE","1","160","","","Rendimentos","ENTRADA","5336.11"
"2026","1210","","1210","","","","","1","Tesouro","","","","110","GERAL","0","","","1","1","Banco do Brasil S.A.","2763","4","0000030006","3","BCO BRASIL - CONTA MOVIMENTO","14/01/2026 00:00:00","DEBITO_CONTA_CORRENTE","CONTA_BANCARIA","1","","","","","748","ANULACAO CONTAB. AUTOMÁTICA - RECEB. DA GUIA ORÇAMENTÁRIA: 363","SAIDA","1950","1407","147474.28","511641.06","87627.75","","3595443.34","5336.11","2243042.88","36576.66","318469.79","556301.83","312487.67","842225.48","","","0","0","","","2026","1210","","","1","Tesouro","","","111","REMUNERAÇÃO DE APLICAÇÕES FINANCEIRAS","0","","111.0000","1","1","Banco do Brasil S.A.","2763","4","0000030006","3","BCO BRASIL - CONTA MOVIMENTO","30/01/2026 00:00:00","RENTABILIDADE","1","160","","","Rendimentos","ENTRADA","5336.11"
"2026","1210","","1210","","","","","1","Tesouro","","","","110","GERAL","0","","","1","1","Banco do Brasil S.A.","2763","4","0000030006","3","BCO BRASIL - CONTA MOVIMENTO","14/01/2026 00:00:00","DEBITO_CONTA_CORRENTE","CONTA_BANCARIA","1","","","","","748","ANULACAO CONTAB. AUTOMÁTICA - RECEB. DA GUIA ORÇAMENTÁRIA: 363","SAIDA","14.55","1407","147474.28","511626.51","87627.75","","3595443.34","5336.11","2243042.88","36576.66","318469.79","556301.83","312487.67","842225.48","","","0","0","","","2026","1210","","","1","Tesouro","","","111","REMUNERAÇÃO DE APLICAÇÕES FINANCEIRAS","0","","111.0000","1","1","Banco do Brasil S.A.","2763","4","0000030006","3","BCO BRASIL - CONTA MOVIMENTO","30/01/2026 00:00:00","RENTABILIDADE","1","160","","","Rendimentos","ENTRADA","5336.11"
"2026","1210","","1210","","","","","1","Tesouro","","","","110","GERAL","0","","","1","1","Banco do Brasil S.A.","2763","4","0000030006","3","BCO BRASIL - CONTA MOVIMENTO","14/01/2026 00:00:00","CREDITO_CONTA_CORRENTE","CONTA_BANCARIA","1","363","","","","","CONTAB. AUTOMÁTICA - RECEB. DA GUIA ORÇAMENTÁRIA: 363","ENTRADA","7316.78","1407","147474.28","518943.29","87627.75","","3595443.34","5336.11","2243042.88","36576.66","318469.79","556301.83","312487.67","842225.48","","","0","0","","","2026","1210","","","1","Tesouro","","","111","REMUNERAÇÃO DE APLICAÇÕES FINANCEIRAS","0","","111.0000","1","1","Banco do Brasil S.A.","2763","4","0000030006","3","BCO BRASIL - CONTA MOVIMENTO","30/01/2026 00:00:00","RENTABILIDADE","1","160","","","Rendimentos","ENTRADA","5336.11"
"2026","1210","","1210","","","","","1","Tesouro","","","","110","GERAL","0","","","1","1","Banco do Brasil S.A.","2763","4","0000030006","3","BCO BRASIL - CONTA MOVIMENTO","14/01/2026 00:00:00","DEBITO_CONTA_CORRENTE","CONTA_BANCARIA","1","","","","","748","ANULACAO CONTAB. AUTOMÁTICA - RECEB. DA GUIA ORÇAMENTÁRIA: 363","SAIDA","119.89","1407","147474.28","518823.4","87627.75","","3595443.34","5336.11","2243042.88","36576.66","318469.79","556301.83","312487.67","842225.48","","","0","0","","","2026","1210","","","1","Tesouro","","","111","REMUNERAÇÃO DE APLICAÇÕES FINANCEIRAS","0","","111.0000","1","1","Banco do Brasil S.A.","2763","4","0000030006","3","BCO BRASIL - CONTA MOVIMENTO","30/01/2026 00:00:00","RENTABILIDADE","1","160","","","Rendimentos","ENTRADA","5336.11"
"2026","1210","","1210","","","","","1","Tesouro","","","","110","GERAL","0","","","1","1","Banco do Brasil S.A.","2763","4","0000030006","3","BCO BRASIL - CONTA MOVIMENTO","14/01/2026 00:00:00","DEBITO_CONTA_CORRENTE","CONTA_BANCARIA","1","","","","","748","ANULACAO CONTAB. AUTOMÁTICA - RECEB. DA GUIA ORÇAMENTÁRIA: 363","SAIDA","150","1407","147474.28","518673.4","87627.75","","3595443.34","5336.11","2243042.88","36576.66","318469.79","556301.83","312487.67","842225.48","","","0","0","","","2026","1210","","","1","Tesouro","","","111","REMUNERAÇÃO DE APLICAÇÕES FINANCEIRAS","0","","111.0000","1","1","Banco do Brasil S.A.","2763","4","0000030006","3","BCO BRASIL - CONTA MOVIMENTO","30/01/2026 00:00:00","RENTABILIDADE","1","160","","","Rendimentos","ENTRADA","5336.11"
"2026","1210","","1210","","","","","1","Tesouro","","","","110","GERAL","0","","","1","1","Banco do Brasil S.A.","2763","4","0000030006","3","BCO BRASIL - CONTA MOVIMENTO","14/01/2026 00:00:00","DEBITO_CONTA_CORRENTE","CONTA_BANCARIA","1","","","","","748","ANULACAO CONTAB. AUTOMÁTICA - RECEB. DA GUIA ORÇAMENTÁRIA: 363","SAIDA","51.96","1407","147474.28","518621.44","87627.75","","3595443.34","5336.11","2243042.88","36576.66","318469.79","556301.83","312487.67","842225.48","","","0","0","","","2026","1210","","","1","Tesouro","","","111","REMUNERAÇÃO DE APLICAÇÕES FINANCEIRAS","0","","111.0000","1","1","Banco do Brasil S.A.","2763","4","0000030006","3","BCO BRASIL - CONTA MOVIMENTO","30/01/2026 00:00:00","RENTABILIDADE","1","160","","","Rendimentos","ENTRADA","5336.11"
"2026","1210","","1210","","","","","1","Tesouro","","","","110","GERAL","0","","","1","1","Banco do Brasil S.A.","2763","4","0000030006","3","BCO BRASIL - CONTA MOVIMENTO","14/01/2026 00:00:00","DEBITO_CONTA_CORRENTE","CONTA_BANCARIA","1","","","","","748","ANULACAO CONTAB. AUTOMÁTICA - RECEB. DA GUIA ORÇAMENTÁRIA: 363","SAIDA","50.13","1407","147474.28","518571.31","87627.75","","3595443.34","5336.11","2243042.88","36576.66","318469.79","556301.83","312487.67","842225.48","","","0","0","","","2026","1210","","","1","Tesouro","","","111","REMUNERAÇÃO DE APLICAÇÕES FINANCEIRAS","0","","111.0000","1","1","Banco do Brasil S.A.","2763","4","0000030006","3","BCO BRASIL - CONTA MOVIMENTO","30/01/2026 00:00:00","RENTABILIDADE","1","160","","","Rendimentos","ENTRADA","5336.11"
"2026","1210","","1210","","","","","1","Tesouro","","","","110","GERAL","0","","","1","1","Banco do Brasil S.A.","2763","4","0000030006","3","BCO BRASIL - CONTA MOVIMENTO","14/01/2026 00:00:00","CREDITO_CONTA_CORRENTE","CONTA_BANCARIA","2","776","","","","","CONTAB. AUTOMÁTICA - RECEB. DA GUIA ORÇAMENTÁRIA: 776","ENTRADA","7316.78","1407","147474.28","525888.09","87627.75","","3595443.34","5336.11","2243042.88","36576.66","318469.79","556301.83","312487.67","842225.48","","","0","0","","","2026","1210","","","1","Tesouro","","","111","REMUNERAÇÃO DE APLICAÇÕES FINANCEIRAS","0","","111.0000","1","1","Banco do Brasil S.A.","2763","4","0000030006","3","BCO BRASIL - CONTA MOVIMENTO","30/01/2026 00:00:00","RENTABILIDADE","1","160","","","Rendimentos","ENTRADA","5336.11"
"2026","1210","","1210","","","","","1","Tesouro","","","","110","GERAL","0","","","1","1","Banco do Brasil S.A.","2763","4","0000030006","3","BCO BRASIL - CONTA MOVIMENTO","14/01/2026 00:00:00","CREDITO_CONTA_CORRENTE","CONTA_BANCARIA","2","","","","46","","Transf Ref a IR da empresa Irmãos Ferri. NF'S 62418,62425.","ENTRADA","12.15","1407","147474.28","525900.24","87627.75","","3595443.34","5336.11","2243042.88","36576.66","318469.79","556301.83","312487.67","842225.48","","","0","0","","","2026","1210","","","1","Tesouro","","","111","REMUNERAÇÃO DE APLICAÇÕES FINANCEIRAS","0","","111.0000","1","1","Banco do Brasil S.A.","2763","4","0000030006","3","BCO BRASIL - CONTA MOVIMENTO","30/01/2026 00:00:00","RENTABILIDADE","1","160","","","Rendimentos","ENTRADA","5336.11"
"2026","1210","","1210","","","","","1","Tesouro","","","","110","GERAL","0","","","1","1","Banco do Brasil S.A.","2763","4","0000030006","3","BCO BRASIL - CONTA MOVIMENTO","14/01/2026 00:00:00","CREDITO_CONTA_CORRENTE","CONTA_BANCARIA","3","128","","","","","LANÇAMENTO DE RECEITA","ENTRADA","56995.59","1407","147474.28","582895.83","87627.75","","3595443.34","5336.11","2243042.88","36576.66","318469.79","556301.83","312487.67","842225.48","","","0","0","","","2026","1210","","","1","Tesouro","","","111","REMUNERAÇÃO DE APLICAÇÕES FINANCEIRAS","0","","111.0000","1","1","Banco do Brasil S.A.","2763","4","0000030006","3","BCO BRASIL - CONTA MOVIMENTO","30/01/2026 00:00:00","RENTABILIDADE","1","160","","","Rendimentos","ENTRADA","5336.11"
"2026","1210","","1210","","","","","1","Tesouro","","","","110","GERAL","0","","","1","1","Banco do Brasil S.A.","2763","4","0000030006","3","BCO BRASIL - CONTA MOVIMENTO","15/01/2026 00:00:00","DEBITO_CONTA_CORRENTE","CONTA_BANCARIA","1","","","","","744","ANULACAO CONTAB. AUTOMÁTICA - RECEB. DA GUIA ORÇAMENTÁRIA: 367","SAIDA","623.03","1407","147474.28","582272.8","87627.75","","3595443.34","5336.11","2243042.88","36576.66","318469.79","556301.83","312487.67","842225.48","","","0","0","","","2026","1210","","","1","Tesouro","","","111","REMUNERAÇÃO DE APLICAÇÕES FINANCEIRAS","0","","111.0000","1","1","Banco do Brasil S.A.","2763","4","0000030006","3","BCO BRASIL - CONTA MOVIMENTO","30/01/2026 00:00:00","RENTABILIDADE","1","160","","","Rendimentos","ENTRADA","5336.11"
"2026","1210","","1210","","","","","1","Tesouro","","","","110","GERAL","0","","","1","1","Banco do Brasil S.A.","2763","4","0000030006","3","BCO BRASIL - CONTA MOVIMENTO","15/01/2026 00:00:00","DEBITO_CONTA_CORRENTE","CONTA_BANCARIA","1","","","","","744","ANULACAO CONTAB. AUTOMÁTICA - RECEB. DA GUIA ORÇAMENTÁRIA: 367","SAIDA","365.33","1407","147474.28","581907.47","87627.75","","3595443.34","5336.11","2243042.88","36576.66","318469.79","556301.83","312487.67","842225.48","","","0","0","","","2026","1210","","","1","Tesouro","","","111","REMUNERAÇÃO DE APLICAÇÕES FINANCEIRAS","0","","111.0000","1","1","Banco do Brasil S.A.","2763","4","0000030006","3","BCO BRASIL - CONTA MOVIMENTO","30/01/2026 00:00:00","RENTABILIDADE","1","160","","","Rendimentos","ENTRADA","5336.11"
"2026","1210","","1210","","","","","1","Tesouro","","","","110","GERAL","0","","","1","1","Banco do Brasil S.A.","2763","4","0000030006","3","BCO BRASIL - CONTA MOVIMENTO","15/01/2026 00:00:00","DEBITO_CONTA_CORRENTE","CONTA_BANCARIA","1","","","","","744","ANULACAO CONTAB. AUTOMÁTICA - RECEB. DA GUIA ORÇAMENTÁRIA: 367","SAIDA","12.3","1407","147474.28","581895.17","87627.75","","3595443.34","5336.11","2243042.88","36576.66","318469.79","556301.83","312487.67","842225.48","","","0","0","","","2026","1210","","","1","Tesouro","","","111","REMUNERAÇÃO DE APLICAÇÕES FINANCEIRAS","0","","111.0000","1","1","Banco do Brasil S.A.","2763","4","0000030006","3","BCO BRASIL - CONTA MOVIMENTO","30/01/2026 00:00:00","RENTABILIDADE","1","160","","","Rendimentos","ENTRADA","5336.11"
"2026","1210","","1210","","","","","19","RECURSOS EXTRAÓRÇAMENTÁRIOS","","","","190","MOVIMENTAÇÕES EXTRAORÇAMENTÁRIAS GERAL","0","","","1","1","Banco do Brasil S.A.","2763","4","0000030006","3","BCO BRASIL - CONTA MOVIMENTO","15/01/2026 00:00:00","DEBITO_CONTA_CORRENTE","CONTA_BANCARIA","1","","182","16716","","","DE 10/2026","SAIDA","8825.63","1407","147474.28","573069.54","87627.75","","3595443.34","5336.11","2243042.88","36576.66","318469.79","556301.83","312487.67","842225.48","","","0","0","AutorizacaoPagamento{exercicioContabil=2026, numero=182, Juridicionado=01 - PREFEITURA MUNICIPAL DE VARGEM GRANDE DO SUL}","","2026","1210","","","1","Tesouro","","","111","REMUNERAÇÃO DE APLICAÇÕES FINANCEIRAS","0","","111.0000","1","1","Banco do Brasil S.A.","2763","4","0000030006","3","BCO BRASIL - CONTA MOVIMENTO","30/01/2026 00:00:00","RENTABILIDADE","1","160","","","Rendimentos","ENTRADA","5336.11"
"2026","1210","","1210","","","","","1","Tesouro","","","","110","GERAL","0","","","1","1","Banco do Brasil S.A.","2763","4","0000030006","3","BCO BRASIL - CONTA MOVIMENTO","15/01/2026 00:00:00","DEBITO_CONTA_CORRENTE","CONTA_BANCARIA","1","","","","","744","ANULACAO CONTAB. AUTOMÁTICA - RECEB. DA GUIA ORÇAMENTÁRIA: 367","SAIDA","2750.66","1407","147474.28","570318.88","87627.75","","3595443.34","5336.11","2243042.88","36576.66","318469.79","556301.83","312487.67","842225.48","","","0","0","","","2026","1210","","","1","Tesouro","","","111","REMUNERAÇÃO DE APLICAÇÕES FINANCEIRAS","0","","111.0000","1","1","Banco do Brasil S.A.","2763","4","0000030006","3","BCO BRASIL - CONTA MOVIMENTO","30/01/2026 00:00:00","RENTABILIDADE","1","160","","","Rendimentos","ENTRADA","5336.11"
"2026","1210","","1210","","","","","1","Tesouro","","","","110","GERAL","0","","","1","1","Banco do Brasil S.A.","2763","4","0000030006","3","BCO BRASIL - CONTA MOVIMENTO","15/01/2026 00:00:00","CREDITO_CONTA_CORRENTE","CONTA_BANCARIA","1","129","","","","","LANÇAMENTO DE RECEITA","ENTRADA","102595.48","1407","147474.28","672914.36","87627.75","","3595443.34","5336.11","2243042.88","36576.66","318469.79","556301.83","312487.67","842225.48","","","0","0","","","2026","1210","","","1","Tesouro","","","111","REMUNERAÇÃO DE APLICAÇÕES FINANCEIRAS","0","","111.0000","1","1","Banco do Brasil S.A.","2763","4","0000030006","3","BCO BRASIL - CONTA MOVIMENTO","30/01/2026 00:00:00","RENTABILIDADE","1","160","","","Rendimentos","ENTRADA","5336.11"
"2026","1210","","1210","","","","","1","Tesouro","","","","110","GERAL","0","","","1","1","Banco do Brasil S.A.","2763","4","0000030006","3","BCO BRASIL - CONTA MOVIMENTO","15/01/2026 00:00:00","DEBITO_CONTA_CORRENTE","CONTA_BANCARIA","1","","","","","744","ANULACAO CONTAB. AUTOMÁTICA - RECEB. DA GUIA ORÇAMENTÁRIA: 367","SAIDA","111.19","1407","147474.28","672803.17","87627.75","","3595443.34","5336.11","2243042.88","36576.66","318469.79","556301.83","312487.67","842225.48","","","0","0","","","2026","1210","","","1","Tesouro","","","111","REMUNERAÇÃO DE APLICAÇÕES FINANCEIRAS","0","","111.0000","1","1","Banco do Brasil S.A.","2763","4","0000030006","3","BCO BRASIL - CONTA MOVIMENTO","30/01/2026 00:00:00","RENTABILIDADE","1","160","","","Rendimentos","ENTRADA","5336.11"
"2026","1210","","1210","","","","","1","Tesouro","","","","110","GERAL","0","","","1","1","Banco do Brasil S.A.","2763","4","0000030006","3","BCO BRASIL - CONTA MOVIMENTO","15/01/2026 00:00:00","DEBITO_CONTA_CORRENTE","CONTA_BANCARIA","1","","","","","744","ANULACAO CONTAB. AUTOMÁTICA - RECEB. DA GUIA ORÇAMENTÁRIA: 367","SAIDA","3270","1407","147474.28","669533.17","87627.75","","3595443.34","5336.11","2243042.88","36576.66","318469.79","556301.83","312487.67","842225.48","","","0","0","","","2026","1210","","","1","Tesouro","","","111","REMUNERAÇÃO DE APLICAÇÕES FINANCEIRAS","0","","111.0000","1","1","Banco do Brasil S.A.","2763","4","0000030006","3","BCO BRASIL - CONTA MOVIMENTO","30/01/2026 00:00:00","RENTABILIDADE","1","160","","","Rendimentos","ENTRADA","5336.11"
"2026","1210","","1210","","","","","1","Tesouro","","","","110","GERAL","0","","","1","1","Banco do Brasil S.A.","2763","4","0000030006","3","BCO BRASIL - CONTA MOVIMENTO","15/01/2026 00:00:00","DEBITO_CONTA_CORRENTE","CONTA_BANCARIA","1","","","","","744","ANULACAO CONTAB. AUTOMÁTICA - RECEB. DA GUIA ORÇAMENTÁRIA: 367","SAIDA","564.7","1407","147474.28","668968.47","87627.75","","3595443.34","5336.11","2243042.88","36576.66","318469.79","556301.83","312487.67","842225.48","","","0","0","","","2026","1210","","","1","Tesouro","","","111","REMUNERAÇÃO DE APLICAÇÕES FINANCEIRAS","0","","111.0000","1","1","Banco do Brasil S.A.","2763","4","0000030006","3","BCO BRASIL - CONTA MOVIMENTO","30/01/2026 00:00:00","RENTABILIDADE","1","160","","","Rendimentos","ENTRADA","5336.11"
"2026","1210","","1210","","","","","1","Tesouro","","","","110","GERAL","0","","","1","1","Banco do Brasil S.A.","2763","4","0000030006","3","BCO BRASIL - CONTA MOVIMENTO","15/01/2026 00:00:00","DEBITO_CONTA_CORRENTE","CONTA_BANCARIA","1","","","","","744","ANULACAO CONTAB. AUTOMÁTICA - RECEB. DA GUIA ORÇAMENTÁRIA: 367","SAIDA","2046.29","1407","147474.28","666922.18","87627.75","","3595443.34","5336.11","2243042.88","36576.66","318469.79","556301.83","312487.67","842225.48","","","0","0","","","2026","1210","","","1","Tesouro","","","111","REMUNERAÇÃO DE APLICAÇÕES FINANCEIRAS","0","","111.0000","1","1","Banco do Brasil S.A.","2763","4","0000030006","3","BCO BRASIL - CONTA MOVIMENTO","30/01/2026 00:00:00","RENTABILIDADE","1","160","","","Rendimentos","ENTRADA","5336.11"
"2026","1210","","1210","","","","","1","Tesouro","","","","110","GERAL","0","","","1","1","Banco do Brasil S.A.","2763","4","0000030006","3","BCO BRASIL - CONTA MOVIMENTO","15/01/2026 00:00:00","DEBITO_CONTA_CORRENTE","CONTA_BANCARIA","1","","","","","744","ANULACAO CONTAB. AUTOMÁTICA - RECEB. DA GUIA ORÇAMENTÁRIA: 367","SAIDA","75","1407","147474.28","666847.18","87627.75","","3595443.34","5336.11","2243042.88","36576.66","318469.79","556301.83","312487.67","842225.48","","","0","0","","","2026","1210","","","1","Tesouro","","","111","REMUNERAÇÃO DE APLICAÇÕES FINANCEIRAS","0","","111.0000","1","1","Banco do Brasil S.A.","2763","4","0000030006","3","BCO BRASIL - CONTA MOVIMENTO","30/01/2026 00:00:00","RENTABILIDADE","1","160","","","Rendimentos","ENTRADA","5336.11"
"2026","1210","","1210","","","","","1","Tesouro","","","","110","GERAL","0","","","1","1","Banco do Brasil S.A.","2763","4","0000030006","3","BCO BRASIL - CONTA MOVIMENTO","15/01/2026 00:00:00","DEBITO_CONTA_CORRENTE","CONTA_BANCARIA","1","","","","","744","ANULACAO CONTAB. AUTOMÁTICA - RECEB. DA GUIA ORÇAMENTÁRIA: 367","SAIDA","232.11","1407","147474.28","666615.07","87627.75","","3595443.34","5336.11","2243042.88","36576.66","318469.79","556301.83","312487.67","842225.48","","","0","0","","","2026","1210","","","1","Tesouro","","","111","REMUNERAÇÃO DE APLICAÇÕES FINANCEIRAS","0","","111.0000","1","1","Banco do Brasil S.A.","2763","4","0000030006","3","BCO BRASIL - CONTA MOVIMENTO","30/01/2026 00:00:00","RENTABILIDADE","1","160","","","Rendimentos","ENTRADA","5336.11"
"2026","1210","","1210","","","","","1","Tesouro","","","","110","GERAL","0","","","1","1","Banco do Brasil S.A.","2763","4","0000030006","3","BCO BRASIL - CONTA MOVIMENTO","15/01/2026 00:00:00","DEBITO_CONTA_CORRENTE","CONTA_BANCARIA","1","","","","","744","ANULACAO CONTAB. AUTOMÁTICA - RECEB. DA GUIA ORÇAMENTÁRIA: 367","SAIDA","0.07","1407","147474.28","666615","87627.75","","3595443.34","5336.11","2243042.88","36576.66","318469.79","556301.83","312487.67","842225.48","","","0","0","","","2026","1210","","","1","Tesouro","","","111","REMUNERAÇÃO DE APLICAÇÕES FINANCEIRAS","0","","111.0000","1","1","Banco do Brasil S.A.","2763","4","0000030006","3","BCO BRASIL - CONTA MOVIMENTO","30/01/2026 00:00:00","RENTABILIDADE","1","160","","","Rendimentos","ENTRADA","5336.11"
"2026","1210","","1210","","","","","1","Tesouro","","","","110","GERAL","0","","","1","1","Banco do Brasil S.A.","2763","4","0000030006","3","BCO BRASIL - CONTA MOVIMENTO","15/01/2026 00:00:00","DEBITO_CONTA_CORRENTE","CONTA_BANCARIA","1","","","","","744","ANULACAO CONTAB. AUTOMÁTICA - RECEB. DA GUIA ORÇAMENTÁRIA: 367","SAIDA","81.07","1407","147474.28","666533.93","87627.75","","3595443.34","5336.11","2243042.88","36576.66","318469.79","556301.83","312487.67","842225.48","","","0","0","","","2026","1210","","","1","Tesouro","","","111","REMUNERAÇÃO DE APLICAÇÕES FINANCEIRAS","0","","111.0000","1","1","Banco do Brasil S.A.","2763","4","0000030006","3","BCO BRASIL - CONTA MOVIMENTO","30/01/2026 00:00:00","RENTABILIDADE","1","160","","","Rendimentos","ENTRADA","5336.11"
"2026","1210","","1210","","","","","1","Tesouro","","","","110","GERAL","0","","","1","1","Banco do Brasil S.A.","2763","4","0000030006","3","BCO BRASIL - CONTA MOVIMENTO","15/01/2026 00:00:00","DEBITO_CONTA_CORRENTE","CONTA_BANCARIA","1","","","","","744","ANULACAO CONTAB. AUTOMÁTICA - RECEB. DA GUIA ORÇAMENTÁRIA: 367","SAIDA","86.64","1407","147474.28","666447.29","87627.75","","3595443.34","5336.11","2243042.88","36576.66","318469.79","556301.83","312487.67","842225.48","","","0","0","","","2026","1210","","","1","Tesouro","","","111","REMUNERAÇÃO DE APLICAÇÕES FINANCEIRAS","0","","111.0000","1","1","Banco do Brasil S.A.","2763","4","0000030006","3","BCO BRASIL - CONTA MOVIMENTO","30/01/2026 00:00:00","RENTABILIDADE","1","160","","","Rendimentos","ENTRADA","5336.11"
"2026","1210","","1210","","","","","1","Tesouro","","","","110","GERAL","0","","","1","1","Banco do Brasil S.A.","2763","4","0000030006","3","BCO BRASIL - CONTA MOVIMENTO","15/01/2026 00:00:00","CREDITO_CONTA_CORRENTE","CONTA_BANCARIA","1","367","","","","","CONTAB. AUTOMÁTICA - RECEB. DA GUIA ORÇAMENTÁRIA: 367","ENTRADA","11010.79","1407","147474.28","677458.08","87627.75","","3595443.34","5336.11","2243042.88","36576.66","318469.79","556301.83","312487.67","842225.48","","","0","0","","","2026","1210","","","1","Tesouro","","","111","REMUNERAÇÃO DE APLICAÇÕES FINANCEIRAS","0","","111.0000","1","1","Banco do Brasil S.A.","2763","4","0000030006","3","BCO BRASIL - CONTA MOVIMENTO","30/01/2026 00:00:00","RENTABILIDADE","1","160","","","Rendimentos","ENTRADA","5336.11"
"2026","1210","","1210","","","","","1","Tesouro","","","","110","GERAL","0","","","1","1","Banco do Brasil S.A.","2763","4","0000030006","3","BCO BRASIL - CONTA MOVIMENTO","15/01/2026 00:00:00","DEBITO_CONTA_CORRENTE","CONTA_BANCARIA","1","","","","","744","ANULACAO CONTAB. AUTOMÁTICA - RECEB. DA GUIA ORÇAMENTÁRIA: 367","SAIDA","785.71","1407","147474.28","676672.37","87627.75","","3595443.34","5336.11","2243042.88","36576.66","318469.79","556301.83","312487.67","842225.48","","","0","0","","","2026","1210","","","1","Tesouro","","","111","REMUNERAÇÃO DE APLICAÇÕES FINANCEIRAS","0","","111.0000","1","1","Banco do Brasil S.A.","2763","4","0000030006","3","BCO BRASIL - CONTA MOVIMENTO","30/01/2026 00:00:00","RENTABILIDADE","1","160","","","Rendimentos","ENTRADA","5336.11"
"2026","1210","","1210","","","","","1","Tesouro","","","","110","GERAL","0","","","1","1","Banco do Brasil S.A.","2763","4","0000030006","3","BCO BRASIL - CONTA MOVIMENTO","15/01/2026 00:00:00","DEBITO_CONTA_CORRENTE","CONTA_BANCARIA","1","","","","","744","ANULACAO CONTAB. AUTOMÁTICA - RECEB. DA GUIA ORÇAMENTÁRIA: 367","SAIDA","6.69","1407","147474.28","676665.68","87627.75","","3595443.34","5336.11","2243042.88","36576.66","318469.79","556301.83","312487.67","842225.48","","","0","0","","","2026","1210","","","1","Tesouro","","","111","REMUNERAÇÃO DE APLICAÇÕES FINANCEIRAS","0","","111.0000","1","1","Banco do Brasil S.A.","2763","4","0000030006","3","BCO BRASIL - CONTA MOVIMENTO","30/01/2026 00:00:00","RENTABILIDADE","1","160","","","Rendimentos","ENTRADA","5336.11"
"2026","1210","","1210","","","","","1","Tesouro","","","","110","GERAL","0","","","1","1","Banco do Brasil S.A.","2763","4","0000030006","3","BCO BRASIL - CONTA MOVIMENTO","15/01/2026 00:00:00","DEBITO_CONTA_CORRENTE","CONTA_BANCARIA","2","","193","16730","","","NE 3449/2025","SAIDA","108.44","1407","147474.28","676557.24","87627.75","","3595443.34","5336.11","2243042.88","36576.66","318469.79","556301.83","312487.67","842225.48","","","0","0","AutorizacaoPagamento{exercicioContabil=2026, numero=193, Juridicionado=01 - PREFEITURA MUNICIPAL DE VARGEM GRANDE DO SUL}","","2026","1210","","","1","Tesouro","","","111","REMUNERAÇÃO DE APLICAÇÕES FINANCEIRAS","0","","111.0000","1","1","Banco do Brasil S.A.","2763","4","0000030006","3","BCO BRASIL - CONTA MOVIMENTO","30/01/2026 00:00:00","RENTABILIDADE","1","160","","","Rendimentos","ENTRADA","5336.11"
"2026","1210","","1210","","","","","19","RECURSOS EXTRAÓRÇAMENTÁRIOS","","","","190","MOVIMENTAÇÕES EXTRAORÇAMENTÁRIAS GERAL","0","","","1","1","Banco do Brasil S.A.","2763","4","0000030006","3","BCO BRASIL - CONTA MOVIMENTO","15/01/2026 00:00:00","DEBITO_CONTA_CORRENTE","CONTA_BANCARIA","2","","","","","","ANULACAO CONTAB. AUTOMÁTICA - RECEB. DA GUIA EXTRA-ORÇAMENTÁRIA: 29","SAIDA","2.09","1407","147474.28","676555.15","87627.75","","3595443.34","5336.11","2243042.88","36576.66","318469.79","556301.83","312487.67","842225.48","","","0","0","","","2026","1210","","","1","Tesouro","","","111","REMUNERAÇÃO DE APLICAÇÕES FINANCEIRAS","0","","111.0000","1","1","Banco do Brasil S.A.","2763","4","0000030006","3","BCO BRASIL - CONTA MOVIMENTO","30/01/2026 00:00:00","RENTABILIDADE","1","160","","","Rendimentos","ENTRADA","5336.11"
"2026","1210","","1210","","","","","19","RECURSOS EXTRAÓRÇAMENTÁRIOS","","","","190","MOVIMENTAÇÕES EXTRAORÇAMENTÁRIAS GERAL","0","","","1","1","Banco do Brasil S.A.","2763","4","0000030006","3","BCO BRASIL - CONTA MOVIMENTO","15/01/2026 00:00:00","CREDITO_CONTA_CORRENTE","CONTA_BANCARIA","2","29","","","","","CONTAB. AUTOMÁTICA - RECEB. DA GUIA EXTRA-ORÇAMENTÁRIA: 29","ENTRADA","2.09","1407","147474.28","676557.24","87627.75","","3595443.34","5336.11","2243042.88","36576.66","318469.79","556301.83","312487.67","842225.48","","","0","0","","","2026","1210","","","1","Tesouro","","","111","REMUNERAÇÃO DE APLICAÇÕES FINANCEIRAS","0","","111.0000","1","1","Banco do Brasil S.A.","2763","4","0000030006","3","BCO BRASIL - CONTA MOVIMENTO","30/01/2026 00:00:00","RENTABILIDADE","1","160","","","Rendimentos","ENTRADA","5336.11"
"2026","1210","","1210","","","","","1","Tesouro","","","","110","GERAL","0","","","1","1","Banco do Brasil S.A.","2763","4","0000030006","3","BCO BRASIL - CONTA MOVIMENTO","15/01/2026 00:00:00","DEBITO_CONTA_CORRENTE","CONTA_BANCARIA","3","","194","16731","","","Fupreben","SAIDA","71771.69","1407","147474.28","604785.55","87627.75","","3595443.34","5336.11","2243042.88","36576.66","318469.79","556301.83","312487.67","842225.48","","","0","0","AutorizacaoPagamento{exercicioContabil=2026, numero=194, Juridicionado=01 - PREFEITURA MUNICIPAL DE VARGEM GRANDE DO SUL}","","2026","1210","","","1","Tesouro","","","111","REMUNERAÇÃO DE APLICAÇÕES FINANCEIRAS","0","","111.0000","1","1","Banco do Brasil S.A.","2763","4","0000030006","3","BCO BRASIL - CONTA MOVIMENTO","30/01/2026 00:00:00","RENTABILIDADE","1","160","","","Rendimentos","ENTRADA","5336.11"
"2026","1210","","1210","","","","","1","Tesouro","","","","110","GERAL","0","","","1","1","Banco do Brasil S.A.","2763","4","0000030006","3","BCO BRASIL - CONTA MOVIMENTO","15/01/2026 00:00:00","CREDITO_CONTA_CORRENTE","CONTA_BANCARIA","3","780","","","","","CONTAB. AUTOMÁTICA - RECEB. DA GUIA ORÇAMENTÁRIA: 780","ENTRADA","11010.79","1407","147474.28","615796.34","87627.75","","3595443.34","5336.11","2243042.88","36576.66","318469.79","556301.83","312487.67","842225.48","","","0","0","","","2026","1210","","","1","Tesouro","","","111","REMUNERAÇÃO DE APLICAÇÕES FINANCEIRAS","0","","111.0000","1","1","Banco do Brasil S.A.","2763","4","0000030006","3","BCO BRASIL - CONTA MOVIMENTO","30/01/2026 00:00:00","RENTABILIDADE","1","160","","","Rendimentos","ENTRADA","5336.11"
"2026","1210","","1210","","","","","19","RECURSOS EXTRAÓRÇAMENTÁRIOS","","","","190","MOVIMENTAÇÕES EXTRAORÇAMENTÁRIAS GERAL","0","","","1","1","Banco do Brasil S.A.","2763","4","0000030006","3","BCO BRASIL - CONTA MOVIMENTO","15/01/2026 00:00:00","CREDITO_CONTA_CORRENTE","CONTA_BANCARIA","4","124","","","","","CONTAB. AUTOMÁTICA - RECEB. DA GUIA EXTRA-ORÇAMENTÁRIA: 124","ENTRADA","2.09","1407","147474.28","615798.43","87627.75","","3595443.34","5336.11","2243042.88","36576.66","318469.79","556301.83","312487.67","842225.48","","","0","0","","","2026","1210","","","1","Tesouro","","","111","REMUNERAÇÃO DE APLICAÇÕES FINANCEIRAS","0","","111.0000","1","1","Banco do Brasil S.A.","2763","4","0000030006","3","BCO BRASIL - CONTA MOVIMENTO","30/01/2026 00:00:00","RENTABILIDADE","1","160","","","Rendimentos","ENTRADA","5336.11"
"2026","1210","","1210","","","","","1","Tesouro","","","","110","GERAL","0","","","1","1","Banco do Brasil S.A.","2763","4","0000030006","3","BCO BRASIL - CONTA MOVIMENTO","15/01/2026 00:00:00","DEBITO_CONTA_CORRENTE","CONTA_BANCARIA","4","","208","16745","","","NE 106,108,109,112,113,228,140119,116,117/2025","SAIDA","46149.37","1407","147474.28","569649.06","87627.75","","3595443.34","5336.11","2243042.88","36576.66","318469.79","556301.83","312487.67","842225.48","","","0","0","AutorizacaoPagamento{exercicioContabil=2026, numero=208, Juridicionado=01 - PREFEITURA MUNICIPAL DE VARGEM GRANDE DO SUL}","","2026","1210","","","1","Tesouro","","","111","REMUNERAÇÃO DE APLICAÇÕES FINANCEIRAS","0","","111.0000","1","1","Banco do Brasil S.A.","2763","4","0000030006","3","BCO BRASIL - CONTA MOVIMENTO","30/01/2026 00:00:00","RENTABILIDADE","1","160","","","Rendimentos","ENTRADA","5336.11"
"2026","1210","","1210","","","","","1","Tesouro","","","","410","TRÂNSITO - SINALIZAÇÃO","0","","","1","1","Banco do Brasil S.A.","2763","4","0000030006","3","BCO BRASIL - CONTA MOVIMENTO","15/01/2026 00:00:00","DEBITO_CONTA_CORRENTE","CONTA_BANCARIA","5","","208","16745","","","NE 106,108,109,112,113,228,140119,116,117/2025","SAIDA","6162.2","1407","147474.28","563486.86","87627.75","","3595443.34","5336.11","2243042.88","36576.66","318469.79","556301.83","312487.67","842225.48","","","0","0","AutorizacaoPagamento{exercicioContabil=2026, numero=208, Juridicionado=01 - PREFEITURA MUNICIPAL DE VARGEM GRANDE DO SUL}","","2026","1210","","","1","Tesouro","","","111","REMUNERAÇÃO DE APLICAÇÕES FINANCEIRAS","0","","111.0000","1","1","Banco do Brasil S.A.","2763","4","0000030006","3","BCO BRASIL - CONTA MOVIMENTO","30/01/2026 00:00:00","RENTABILIDADE","1","160","","","Rendimentos","ENTRADA","5336.11"
"2026","1210","","1210","","","","","1","Tesouro","","","","510","ASSISTÊNCIA SOCIAL - GERAL","0","","","1","1","Banco do Brasil S.A.","2763","4","0000030006","3","BCO BRASIL - CONTA MOVIMENTO","15/01/2026 00:00:00","DEBITO_CONTA_CORRENTE","CONTA_BANCARIA","6","","208","16745","","","NE 106,108,109,112,113,228,140119,116,117/2025","SAIDA","2619.17","1407","147474.28","560867.69","87627.75","","3595443.34","5336.11","2243042.88","36576.66","318469.79","556301.83","312487.67","842225.48","","","0","0","AutorizacaoPagamento{exercicioContabil=2026, numero=208, Juridicionado=01 - PREFEITURA MUNICIPAL DE VARGEM GRANDE DO SUL}","","2026","1210","","","1","Tesouro","","","111","REMUNERAÇÃO DE APLICAÇÕES FINANCEIRAS","0","","111.0000","1","1","Banco do Brasil S.A.","2763","4","0000030006","3","BCO BRASIL - CONTA MOVIMENTO","30/01/2026 00:00:00","RENTABILIDADE","1","160","","","Rendimentos","ENTRADA","5336.11"
"2026","1210","","1210","","","","","1","Tesouro","","","","110","GERAL","0","","","1","1","Banco do Brasil S.A.","2763","4","0000030006","3","BCO BRASIL - CONTA MOVIMENTO","15/01/2026 00:00:00","DEBITO_CONTA_CORRENTE","CONTA_BANCARIA","7","","219","16756","","","Fupreben","SAIDA","97420","1407","147474.28","463447.69","87627.75","","3595443.34","5336.11","2243042.88","36576.66","318469.79","556301.83","312487.67","842225.48","","","0","0","AutorizacaoPagamento{exercicioContabil=2026, numero=219, Juridicionado=01 - PREFEITURA MUNICIPAL DE VARGEM GRANDE DO SUL}","","2026","1210","","","1","Tesouro","","","111","REMUNERAÇÃO DE APLICAÇÕES FINANCEIRAS","0","","111.0000","1","1","Banco do Brasil S.A.","2763","4","0000030006","3","BCO BRASIL - CONTA MOVIMENTO","30/01/2026 00:00:00","RENTABILIDADE","1","160","","","Rendimentos","ENTRADA","5336.11"
"2026","1210","","1210","","","","","1","Tesouro","","","","110","GERAL","0","","","1","1","Banco do Brasil S.A.","2763","4","0000030006","3","BCO BRASIL - CONTA MOVIMENTO","15/01/2026 00:00:00","DEBITO_CONTA_CORRENTE","CONTA_BANCARIA","8","","222","16759","","","Fupreben","SAIDA","137647.72","1407","147474.28","325799.97","87627.75","","3595443.34","5336.11","2243042.88","36576.66","318469.79","556301.83","312487.67","842225.48","","","0","0","AutorizacaoPagamento{exercicioContabil=2026, numero=222, Juridicionado=01 - PREFEITURA MUNICIPAL DE VARGEM GRANDE DO SUL}","","2026","1210","","","1","Tesouro","","","111","REMUNERAÇÃO DE APLICAÇÕES FINANCEIRAS","0","","111.0000","1","1","Banco do Brasil S.A.","2763","4","0000030006","3","BCO BRASIL - CONTA MOVIMENTO","30/01/2026 00:00:00","RENTABILIDADE","1","160","","","Rendimentos","ENTRADA","5336.11"
"2026","1210","","1210","","","","","1","Tesouro","","","","410","TRÂNSITO - SINALIZAÇÃO","0","","","1","1","Banco do Brasil S.A.","2763","4","0000030006","3","BCO BRASIL - CONTA MOVIMENTO","15/01/2026 00:00:00","DEBITO_CONTA_CORRENTE","CONTA_BANCARIA","9","","238","16778","","","NE 50-59/2026","SAIDA","408.8","1407","147474.28","325391.17","87627.75","","3595443.34","5336.11","2243042.88","36576.66","318469.79","556301.83","312487.67","842225.48","","","0","0","AutorizacaoPagamento{exercicioContabil=2026, numero=238, Juridicionado=01 - PREFEITURA MUNICIPAL DE VARGEM GRANDE DO SUL}","","2026","1210","","","1","Tesouro","","","111","REMUNERAÇÃO DE APLICAÇÕES FINANCEIRAS","0","","111.0000","1","1","Banco do Brasil S.A.","2763","4","0000030006","3","BCO BRASIL - CONTA MOVIMENTO","30/01/2026 00:00:00","RENTABILIDADE","1","160","","","Rendimentos","ENTRADA","5336.11"
"2026","1210","","1210","","","","","1","Tesouro","","","","110","GERAL","0","","","1","1","Banco do Brasil S.A.","2763","4","0000030006","3","BCO BRASIL - CONTA MOVIMENTO","15/01/2026 00:00:00","DEBITO_CONTA_CORRENTE","CONTA_BANCARIA","10","","238","16778","","","NE 50-59/2026","SAIDA","1567.5","1407","147474.28","323823.67","87627.75","","3595443.34","5336.11","2243042.88","36576.66","318469.79","556301.83","312487.67","842225.48","","","0","0","AutorizacaoPagamento{exercicioContabil=2026, numero=238, Juridicionado=01 - PREFEITURA MUNICIPAL DE VARGEM GRANDE DO SUL}","","2026","1210","","","1","Tesouro","","","111","REMUNERAÇÃO DE APLICAÇÕES FINANCEIRAS","0","","111.0000","1","1","Banco do Brasil S.A.","2763","4","0000030006","3","BCO BRASIL - CONTA MOVIMENTO","30/01/2026 00:00:00","RENTABILIDADE","1","160","","","Rendimentos","ENTRADA","5336.11"
"2026","1210","","1210","","","","","1","Tesouro","","","","510","ASSISTÊNCIA SOCIAL - GERAL","0","","","1","1","Banco do Brasil S.A.","2763","4","0000030006","3","BCO BRASIL - CONTA MOVIMENTO","15/01/2026 00:00:00","DEBITO_CONTA_CORRENTE","CONTA_BANCARIA","11","","238","16778","","","NE 50-59/2026","SAIDA","176.62","1407","147474.28","323647.05","87627.75","","3595443.34","5336.11","2243042.88","36576.66","318469.79","556301.83","312487.67","842225.48","","","0","0","AutorizacaoPagamento{exercicioContabil=2026, numero=238, Juridicionado=01 - PREFEITURA MUNICIPAL DE VARGEM GRANDE DO SUL}","","2026","1210","","","1","Tesouro","","","111","REMUNERAÇÃO DE APLICAÇÕES FINANCEIRAS","0","","111.0000","1","1","Banco do Brasil S.A.","2763","4","0000030006","3","BCO BRASIL - CONTA MOVIMENTO","30/01/2026 00:00:00","RENTABILIDADE","1","160","","","Rendimentos","ENTRADA","5336.11"
"2026","1210","","1210","","","","","1","Tesouro","","","","110","GERAL","0","","","1","1","Banco do Brasil S.A.","2763","4","0000030006","3","BCO BRASIL - CONTA MOVIMENTO","16/01/2026 00:00:00","DEBITO_CONTA_CORRENTE","CONTA_BANCARIA","1","","","","","737","ANULACAO CONTAB. AUTOMÁTICA - RECEB. DA GUIA ORÇAMENTÁRIA: 371","SAIDA","18.42","1407","147474.28","323628.63","87627.75","","3595443.34","5336.11","2243042.88","36576.66","318469.79","556301.83","312487.67","842225.48","","","0","0","","","2026","1210","","","1","Tesouro","","","111","REMUNERAÇÃO DE APLICAÇÕES FINANCEIRAS","0","","111.0000","1","1","Banco do Brasil S.A.","2763","4","0000030006","3","BCO BRASIL - CONTA MOVIMENTO","30/01/2026 00:00:00","RENTABILIDADE","1","160","","","Rendimentos","ENTRADA","5336.11"
"2026","1210","","1210","","","","","1","Tesouro","","","","110","GERAL","0","","","1","1","Banco do Brasil S.A.","2763","4","0000030006","3","BCO BRASIL - CONTA MOVIMENTO","16/01/2026 00:00:00","DEBITO_CONTA_CORRENTE","CONTA_BANCARIA","1","","","","","737","ANULACAO CONTAB. AUTOMÁTICA - RECEB. DA GUIA ORÇAMENTÁRIA: 371","SAIDA","115.04","1407","147474.28","323513.59","87627.75","","3595443.34","5336.11","2243042.88","36576.66","318469.79","556301.83","312487.67","842225.48","","","0","0","","","2026","1210","","","1","Tesouro","","","111","REMUNERAÇÃO DE APLICAÇÕES FINANCEIRAS","0","","111.0000","1","1","Banco do Brasil S.A.","2763","4","0000030006","3","BCO BRASIL - CONTA MOVIMENTO","30/01/2026 00:00:00","RENTABILIDADE","1","160","","","Rendimentos","ENTRADA","5336.11"
"2026","1210","","1210","","","","","1","Tesouro","","","","110","GERAL","0","","","1","1","Banco do Brasil S.A.","2763","4","0000030006","3","BCO BRASIL - CONTA MOVIMENTO","16/01/2026 00:00:00","CREDITO_CONTA_CORRENTE","CONTA_BANCARIA","1","371","","","","","CONTAB. AUTOMÁTICA - RECEB. DA GUIA ORÇAMENTÁRIA: 371","ENTRADA","14076.22","1407","147474.28","337589.81","87627.75","","3595443.34","5336.11","2243042.88","36576.66","318469.79","556301.83","312487.67","842225.48","","","0","0","","","2026","1210","","","1","Tesouro","","","111","REMUNERAÇÃO DE APLICAÇÕES FINANCEIRAS","0","","111.0000","1","1","Banco do Brasil S.A.","2763","4","0000030006","3","BCO BRASIL - CONTA MOVIMENTO","30/01/2026 00:00:00","RENTABILIDADE","1","160","","","Rendimentos","ENTRADA","5336.11"
"2026","1210","","1210","","","","","1","Tesouro","","","","110","GERAL","0","","","1","1","Banco do Brasil S.A.","2763","4","0000030006","3","BCO BRASIL - CONTA MOVIMENTO","16/01/2026 00:00:00","DEBITO_CONTA_CORRENTE","CONTA_BANCARIA","1","","","","","737","ANULACAO CONTAB. AUTOMÁTICA - RECEB. DA GUIA ORÇAMENTÁRIA: 371","SAIDA","54","1407","147474.28","337535.81","87627.75","","3595443.34","5336.11","2243042.88","36576.66","318469.79","556301.83","312487.67","842225.48","","","0","0","","","2026","1210","","","1","Tesouro","","","111","REMUNERAÇÃO DE APLICAÇÕES FINANCEIRAS","0","","111.0000","1","1","Banco do Brasil S.A.","2763","4","0000030006","3","BCO BRASIL - CONTA MOVIMENTO","30/01/2026 00:00:00","RENTABILIDADE","1","160","","","Rendimentos","ENTRADA","5336.11"
"2026","1210","","1210","","","","","1","Tesouro","","","","110","GERAL","0","","","1","1","Banco do Brasil S.A.","2763","4","0000030006","3","BCO BRASIL - CONTA MOVIMENTO","16/01/2026 00:00:00","DEBITO_CONTA_CORRENTE","CONTA_BANCARIA","1","","","","","737","ANULACAO CONTAB. AUTOMÁTICA - RECEB. DA GUIA ORÇAMENTÁRIA: 371","SAIDA","287.08","1407","147474.28","337248.73","87627.75","","3595443.34","5336.11","2243042.88","36576.66","318469.79","556301.83","312487.67","842225.48","","","0","0","","","2026","1210","","","1","Tesouro","","","111","REMUNERAÇÃO DE APLICAÇÕES FINANCEIRAS","0","","111.0000","1","1","Banco do Brasil S.A.","2763","4","0000030006","3","BCO BRASIL - CONTA MOVIMENTO","30/01/2026 00:00:00","RENTABILIDADE","1","160","","","Rendimentos","ENTRADA","5336.11"
"2026","1210","","1210","","","","","1","Tesouro","","","","110","GERAL","0","","","1","1","Banco do Brasil S.A.","2763","4","0000030006","3","BCO BRASIL - CONTA MOVIMENTO","16/01/2026 00:00:00","DEBITO_CONTA_CORRENTE","CONTA_BANCARIA","1","","","","","737","ANULACAO CONTAB. AUTOMÁTICA - RECEB. DA GUIA ORÇAMENTÁRIA: 371","SAIDA","739.72","1407","147474.28","336509.01","87627.75","","3595443.34","5336.11","2243042.88","36576.66","318469.79","556301.83","312487.67","842225.48","","","0","0","","","2026","1210","","","1","Tesouro","","","111","REMUNERAÇÃO DE APLICAÇÕES FINANCEIRAS","0","","111.0000","1","1","Banco do Brasil S.A.","2763","4","0000030006","3","BCO BRASIL - CONTA MOVIMENTO","30/01/2026 00:00:00","RENTABILIDADE","1","160","","","Rendimentos","ENTRADA","5336.11"
"2026","1210","","1210","","","","","1","Tesouro","","","","110","GERAL","0","","","1","1","Banco do Brasil S.A.","2763","4","0000030006","3","BCO BRASIL - CONTA MOVIMENTO","16/01/2026 00:00:00","DEBITO_CONTA_CORRENTE","CONTA_BANCARIA","1","","","","","737","ANULACAO CONTAB. AUTOMÁTICA - RECEB. DA GUIA ORÇAMENTÁRIA: 371","SAIDA","3528.91","1407","147474.28","332980.1","87627.75","","3595443.34","5336.11","2243042.88","36576.66","318469.79","556301.83","312487.67","842225.48","","","0","0","","","2026","1210","","","1","Tesouro","","","111","REMUNERAÇÃO DE APLICAÇÕES FINANCEIRAS","0","","111.0000","1","1","Banco do Brasil S.A.","2763","4","0000030006","3","BCO BRASIL - CONTA MOVIMENTO","30/01/2026 00:00:00","RENTABILIDADE","1","160","","","Rendimentos","ENTRADA","5336.11"
"2026","1210","","1210","","","","","1","Tesouro","","","","110","GERAL","0","","","1","1","Banco do Brasil S.A.","2763","4","0000030006","3","BCO BRASIL - CONTA MOVIMENTO","16/01/2026 00:00:00","DEBITO_CONTA_CORRENTE","CONTA_BANCARIA","1","","1","16530","","","NE 549/2025","SAIDA","1152.6","1407","147474.28","331827.5","87627.75","","3595443.34","5336.11","2243042.88","36576.66","318469.79","556301.83","312487.67","842225.48","","","0","0","AutorizacaoPagamento{exercicioContabil=2026, numero=1, Juridicionado=01 - PREFEITURA MUNICIPAL DE VARGEM GRANDE DO SUL}","","2026","1210","","","1","Tesouro","","","111","REMUNERAÇÃO DE APLICAÇÕES FINANCEIRAS","0","","111.0000","1","1","Banco do Brasil S.A.","2763","4","0000030006","3","BCO BRASIL - CONTA MOVIMENTO","30/01/2026 00:00:00","RENTABILIDADE","1","160","","","Rendimentos","ENTRADA","5336.11"
"2026","1210","","1210","","","","","1","Tesouro","","","","110","GERAL","0","","","1","1","Banco do Brasil S.A.","2763","4","0000030006","3","BCO BRASIL - CONTA MOVIMENTO","16/01/2026 00:00:00","DEBITO_CONTA_CORRENTE","CONTA_BANCARIA","1","","","","","737","ANULACAO CONTAB. AUTOMÁTICA - RECEB. DA GUIA ORÇAMENTÁRIA: 371","SAIDA","1470.04","1407","147474.28","330357.46","87627.75","","3595443.34","5336.11","2243042.88","36576.66","318469.79","556301.83","312487.67","842225.48","","","0","0","","","2026","1210","","","1","Tesouro","","","111","REMUNERAÇÃO DE APLICAÇÕES FINANCEIRAS","0","","111.0000","1","1","Banco do Brasil S.A.","2763","4","0000030006","3","BCO BRASIL - CONTA MOVIMENTO","30/01/2026 00:00:00","RENTABILIDADE","1","160","","","Rendimentos","ENTRADA","5336.11"
"2026","1210","","1210","","","","","1","Tesouro","","","","110","GERAL","0","","","1","1","Banco do Brasil S.A.","2763","4","0000030006","3","BCO BRASIL - CONTA MOVIMENTO","16/01/2026 00:00:00","DEBITO_CONTA_CORRENTE","CONTA_BANCARIA","1","","","","","737","ANULACAO CONTAB. AUTOMÁTICA - RECEB. DA GUIA ORÇAMENTÁRIA: 371","SAIDA","315.62","1407","147474.28","330041.84","87627.75","","3595443.34","5336.11","2243042.88","36576.66","318469.79","556301.83","312487.67","842225.48","","","0","0","","","2026","1210","","","1","Tesouro","","","111","REMUNERAÇÃO DE APLICAÇÕES FINANCEIRAS","0","","111.0000","1","1","Banco do Brasil S.A.","2763","4","0000030006","3","BCO BRASIL - CONTA MOVIMENTO","30/01/2026 00:00:00","RENTABILIDADE","1","160","","","Rendimentos","ENTRADA","5336.11"
"2026","1210","","1210","","","","","1","Tesouro","","","","110","GERAL","0","","","1","1","Banco do Brasil S.A.","2763","4","0000030006","3","BCO BRASIL - CONTA MOVIMENTO","16/01/2026 00:00:00","DEBITO_CONTA_CORRENTE","CONTA_BANCARIA","1","","","","","737","ANULACAO CONTAB. AUTOMÁTICA - RECEB. DA GUIA ORÇAMENTÁRIA: 371","SAIDA","17.98","1407","147474.28","330023.86","87627.75","","3595443.34","5336.11","2243042.88","36576.66","318469.79","556301.83","312487.67","842225.48","","","0","0","","","2026","1210","","","1","Tesouro","","","111","REMUNERAÇÃO DE APLICAÇÕES FINANCEIRAS","0","","111.0000","1","1","Banco do Brasil S.A.","2763","4","0000030006","3","BCO BRASIL - CONTA MOVIMENTO","30/01/2026 00:00:00","RENTABILIDADE","1","160","","","Rendimentos","ENTRADA","5336.11"
"2026","1210","","1210","","","","","1","Tesouro","","","","110","GERAL","0","","","1","1","Banco do Brasil S.A.","2763","4","0000030006","3","BCO BRASIL - CONTA MOVIMENTO","16/01/2026 00:00:00","DEBITO_CONTA_CORRENTE","CONTA_BANCARIA","1","","","","","737","ANULACAO CONTAB. AUTOMÁTICA - RECEB. DA GUIA ORÇAMENTÁRIA: 371","SAIDA","890.96","1407","147474.28","329132.9","87627.75","","3595443.34","5336.11","2243042.88","36576.66","318469.79","556301.83","312487.67","842225.48","","","0","0","","","2026","1210","","","1","Tesouro","","","111","REMUNERAÇÃO DE APLICAÇÕES FINANCEIRAS","0","","111.0000","1","1","Banco do Brasil S.A.","2763","4","0000030006","3","BCO BRASIL - CONTA MOVIMENTO","30/01/2026 00:00:00","RENTABILIDADE","1","160","","","Rendimentos","ENTRADA","5336.11"
"2026","1210","","1210","","","","","1","Tesouro","","","","110","GERAL","0","","","1","1","Banco do Brasil S.A.","2763","4","0000030006","3","BCO BRASIL - CONTA MOVIMENTO","16/01/2026 00:00:00","DEBITO_CONTA_CORRENTE","CONTA_BANCARIA","1","","","","","737","ANULACAO CONTAB. AUTOMÁTICA - RECEB. DA GUIA ORÇAMENTÁRIA: 371","SAIDA","2075.41","1407","147474.28","327057.49","87627.75","","3595443.34","5336.11","2243042.88","36576.66","318469.79","556301.83","312487.67","842225.48","","","0","0","","","2026","1210","","","1","Tesouro","","","111","REMUNERAÇÃO DE APLICAÇÕES FINANCEIRAS","0","","111.0000","1","1","Banco do Brasil S.A.","2763","4","0000030006","3","BCO BRASIL - CONTA MOVIMENTO","30/01/2026 00:00:00","RENTABILIDADE","1","160","","","Rendimentos","ENTRADA","5336.11"
"2026","1210","","1210","","","","","1","Tesouro","","","","110","GERAL","0","","","1","1","Banco do Brasil S.A.","2763","4","0000030006","3","BCO BRASIL - CONTA MOVIMENTO","16/01/2026 00:00:00","CREDITO_CONTA_CORRENTE","CONTA_BANCARIA","1","","","","55","","Transf Ref a IR e ISS da empresa MMR Serviços Médicos e Gestão.","ENTRADA","621.03","1407","147474.28","327678.52","87627.75","","3595443.34","5336.11","2243042.88","36576.66","318469.79","556301.83","312487.67","842225.48","","","0","0","","","2026","1210","","","1","Tesouro","","","111","REMUNERAÇÃO DE APLICAÇÕES FINANCEIRAS","0","","111.0000","1","1","Banco do Brasil S.A.","2763","4","0000030006","3","BCO BRASIL - CONTA MOVIMENTO","30/01/2026 00:00:00","RENTABILIDADE","1","160","","","Rendimentos","ENTRADA","5336.11"
"2026","1210","","1210","","","","","1","Tesouro","","","","110","GERAL","0","","","1","1","Banco do Brasil S.A.","2763","4","0000030006","3","BCO BRASIL - CONTA MOVIMENTO","16/01/2026 00:00:00","DEBITO_CONTA_CORRENTE","CONTA_BANCARIA","1","","","","","737","ANULACAO CONTAB. AUTOMÁTICA - RECEB. DA GUIA ORÇAMENTÁRIA: 371","SAIDA","4086.04","1407","147474.28","323592.48","87627.75","","3595443.34","5336.11","2243042.88","36576.66","318469.79","556301.83","312487.67","842225.48","","","0","0","","","2026","1210","","","1","Tesouro","","","111","REMUNERAÇÃO DE APLICAÇÕES FINANCEIRAS","0","","111.0000","1","1","Banco do Brasil S.A.","2763","4","0000030006","3","BCO BRASIL - CONTA MOVIMENTO","30/01/2026 00:00:00","RENTABILIDADE","1","160","","","Rendimentos","ENTRADA","5336.11"
"2026","1210","","1210","","","","","1","Tesouro","","","","110","GERAL","0","","","1","1","Banco do Brasil S.A.","2763","4","0000030006","3","BCO BRASIL - CONTA MOVIMENTO","16/01/2026 00:00:00","DEBITO_CONTA_CORRENTE","CONTA_BANCARIA","1","","","","","737","ANULACAO CONTAB. AUTOMÁTICA - RECEB. DA GUIA ORÇAMENTÁRIA: 371","SAIDA","477","1407","147474.28","323115.48","87627.75","","3595443.34","5336.11","2243042.88","36576.66","318469.79","556301.83","312487.67","842225.48","","","0","0","","","2026","1210","","","1","Tesouro","","","111","REMUNERAÇÃO DE APLICAÇÕES FINANCEIRAS","0","","111.0000","1","1","Banco do Brasil S.A.","2763","4","0000030006","3","BCO BRASIL - CONTA MOVIMENTO","30/01/2026 00:00:00","RENTABILIDADE","1","160","","","Rendimentos","ENTRADA","5336.11"
"2026","1210","","1210","","","","","19","RECURSOS EXTRAÓRÇAMENTÁRIOS","","","","190","MOVIMENTAÇÕES EXTRAORÇAMENTÁRIAS GERAL","0","","","1","1","Banco do Brasil S.A.","2763","4","0000030006","3","BCO BRASIL - CONTA MOVIMENTO","16/01/2026 00:00:00","CREDITO_CONTA_CORRENTE","CONTA_BANCARIA","2","30","","","","","CONTAB. AUTOMÁTICA - RECEB. DA GUIA EXTRA-ORÇAMENTÁRIA: 30","ENTRADA","13.13","1407","147474.28","323128.61","87627.75","","3595443.34","5336.11","2243042.88","36576.66","318469.79","556301.83","312487.67","842225.48","","","0","0","","","2026","1210","","","1","Tesouro","","","111","REMUNERAÇÃO DE APLICAÇÕES FINANCEIRAS","0","","111.0000","1","1","Banco do Brasil S.A.","2763","4","0000030006","3","BCO BRASIL - CONTA MOVIMENTO","30/01/2026 00:00:00","RENTABILIDADE","1","160","","","Rendimentos","ENTRADA","5336.11"
"2026","1210","","1210","","","","","1","Tesouro","","","","110","GERAL","0","","","1","1","Banco do Brasil S.A.","2763","4","0000030006","3","BCO BRASIL - CONTA MOVIMENTO","16/01/2026 00:00:00","CREDITO_CONTA_CORRENTE","CONTA_BANCARIA","2","130","","","","","LANÇAMENTO DE RECEITA","ENTRADA","257090.88","1407","147474.28","580219.49","87627.75","","3595443.34","5336.11","2243042.88","36576.66","318469.79","556301.83","312487.67","842225.48","","","0","0","","","2026","1210","","","1","Tesouro","","","111","REMUNERAÇÃO DE APLICAÇÕES FINANCEIRAS","0","","111.0000","1","1","Banco do Brasil S.A.","2763","4","0000030006","3","BCO BRASIL - CONTA MOVIMENTO","30/01/2026 00:00:00","RENTABILIDADE","1","160","","","Rendimentos","ENTRADA","5336.11"
"2026","1210","","1210","","","","","19","RECURSOS EXTRAÓRÇAMENTÁRIOS","","","","190","MOVIMENTAÇÕES EXTRAORÇAMENTÁRIAS GERAL","0","","","1","1","Banco do Brasil S.A.","2763","4","0000030006","3","BCO BRASIL - CONTA MOVIMENTO","16/01/2026 00:00:00","DEBITO_CONTA_CORRENTE","CONTA_BANCARIA","2","","","","","","ANULACAO CONTAB. AUTOMÁTICA - RECEB. DA GUIA EXTRA-ORÇAMENTÁRIA: 30","SAIDA","13.13","1407","147474.28","580206.36","87627.75","","3595443.34","5336.11","2243042.88","36576.66","318469.79","556301.83","312487.67","842225.48","","","0","0","","","2026","1210","","","1","Tesouro","","","111","REMUNERAÇÃO DE APLICAÇÕES FINANCEIRAS","0","","111.0000","1","1","Banco do Brasil S.A.","2763","4","0000030006","3","BCO BRASIL - CONTA MOVIMENTO","30/01/2026 00:00:00","RENTABILIDADE","1","160","","","Rendimentos","ENTRADA","5336.11"
"2026","1210","","1210","","","","","1","Tesouro","","","","110","GERAL","0","","","1","1","Banco do Brasil S.A.","2763","4","0000030006","3","BCO BRASIL - CONTA MOVIMENTO","16/01/2026 00:00:00","DEBITO_CONTA_CORRENTE","CONTA_BANCARIA","2","","47","16580","","","NE 18973/2025","SAIDA","138525.2","1407","147474.28","441681.16","87627.75","","3595443.34","5336.11","2243042.88","36576.66","318469.79","556301.83","312487.67","842225.48","","","0","0","AutorizacaoPagamento{exercicioContabil=2026, numero=47, Juridicionado=01 - PREFEITURA MUNICIPAL DE VARGEM GRANDE DO SUL}","","2026","1210","","","1","Tesouro","","","111","REMUNERAÇÃO DE APLICAÇÕES FINANCEIRAS","0","","111.0000","1","1","Banco do Brasil S.A.","2763","4","0000030006","3","BCO BRASIL - CONTA MOVIMENTO","30/01/2026 00:00:00","RENTABILIDADE","1","160","","","Rendimentos","ENTRADA","5336.11"
"2026","1210","","1210","","","","","1","Tesouro","","","","110","GERAL","0","","","1","1","Banco do Brasil S.A.","2763","4","0000030006","3","BCO BRASIL - CONTA MOVIMENTO","16/01/2026 00:00:00","DEBITO_CONTA_CORRENTE","CONTA_BANCARIA","3","","83","16616","","","NE 7, 8, 730, 735","SAIDA","32022.83","1407","147474.28","409658.33","87627.75","","3595443.34","5336.11","2243042.88","36576.66","318469.79","556301.83","312487.67","842225.48","","","0","0","AutorizacaoPagamento{exercicioContabil=2026, numero=83, Juridicionado=01 - PREFEITURA MUNICIPAL DE VARGEM GRANDE DO SUL}","","2026","1210","","","1","Tesouro","","","111","REMUNERAÇÃO DE APLICAÇÕES FINANCEIRAS","0","","111.0000","1","1","Banco do Brasil S.A.","2763","4","0000030006","3","BCO BRASIL - CONTA MOVIMENTO","30/01/2026 00:00:00","RENTABILIDADE","1","160","","","Rendimentos","ENTRADA","5336.11"
"2026","1210","","1210","","","","","1","Tesouro","","","","110","GERAL","0","","","1","1","Banco do Brasil S.A.","2763","4","0000030006","3","BCO BRASIL - CONTA MOVIMENTO","16/01/2026 00:00:00","CREDITO_CONTA_CORRENTE","CONTA_BANCARIA","3","784","","","","","CONTAB. AUTOMÁTICA - RECEB. DA GUIA ORÇAMENTÁRIA: 784","ENTRADA","14076.22","1407","147474.28","423734.55","87627.75","","3595443.34","5336.11","2243042.88","36576.66","318469.79","556301.83","312487.67","842225.48","","","0","0","","","2026","1210","","","1","Tesouro","","","111","REMUNERAÇÃO DE APLICAÇÕES FINANCEIRAS","0","","111.0000","1","1","Banco do Brasil S.A.","2763","4","0000030006","3","BCO BRASIL - CONTA MOVIMENTO","30/01/2026 00:00:00","RENTABILIDADE","1","160","","","Rendimentos","ENTRADA","5336.11"
"2026","1210","","1210","","","","","19","RECURSOS EXTRAÓRÇAMENTÁRIOS","","","","190","MOVIMENTAÇÕES EXTRAORÇAMENTÁRIAS GERAL","0","","","1","1","Banco do Brasil S.A.","2763","4","0000030006","3","BCO BRASIL - CONTA MOVIMENTO","16/01/2026 00:00:00","CREDITO_CONTA_CORRENTE","CONTA_BANCARIA","4","125","","","","","CONTAB. AUTOMÁTICA - RECEB. DA GUIA EXTRA-ORÇAMENTÁRIA: 125","ENTRADA","13.13","1407","147474.28","423747.68","87627.75","","3595443.34","5336.11","2243042.88","36576.66","318469.79","556301.83","312487.67","842225.48","","","0","0","","","2026","1210","","","1","Tesouro","","","111","REMUNERAÇÃO DE APLICAÇÕES FINANCEIRAS","0","","111.0000","1","1","Banco do Brasil S.A.","2763","4","0000030006","3","BCO BRASIL - CONTA MOVIMENTO","30/01/2026 00:00:00","RENTABILIDADE","1","160","","","Rendimentos","ENTRADA","5336.11"
"2026","1210","","1210","","","","","1","Tesouro","","","","110","GERAL","0","","","1","1","Banco do Brasil S.A.","2763","4","0000030006","3","BCO BRASIL - CONTA MOVIMENTO","16/01/2026 00:00:00","DEBITO_CONTA_CORRENTE","CONTA_BANCARIA","4","","218","16755","","","NE 18972/2025","SAIDA","76555.05","1407","147474.28","347192.63","87627.75","","3595443.34","5336.11","2243042.88","36576.66","318469.79","556301.83","312487.67","842225.48","","","0","0","AutorizacaoPagamento{exercicioContabil=2026, numero=218, Juridicionado=01 - PREFEITURA MUNICIPAL DE VARGEM GRANDE DO SUL}","","2026","1210","","","1","Tesouro","","","111","REMUNERAÇÃO DE APLICAÇÕES FINANCEIRAS","0","","111.0000","1","1","Banco do Brasil S.A.","2763","4","0000030006","3","BCO BRASIL - CONTA MOVIMENTO","30/01/2026 00:00:00","RENTABILIDADE","1","160","","","Rendimentos","ENTRADA","5336.11"
"2026","1210","","1210","","","","","1","Tesouro","","","","110","GERAL","0","","","1","1","Banco do Brasil S.A.","2763","4","0000030006","3","BCO BRASIL - CONTA MOVIMENTO","16/01/2026 00:00:00","DEBITO_CONTA_CORRENTE","CONTA_BANCARIA","5","","220","16757","","","NE 11608,11609,11614/2025","SAIDA","18593.65","1407","147474.28","328598.98","87627.75","","3595443.34","5336.11","2243042.88","36576.66","318469.79","556301.83","312487.67","842225.48","","","0","0","AutorizacaoPagamento{exercicioContabil=2026, numero=220, Juridicionado=01 - PREFEITURA MUNICIPAL DE VARGEM GRANDE DO SUL}","","2026","1210","","","1","Tesouro","","","111","REMUNERAÇÃO DE APLICAÇÕES FINANCEIRAS","0","","111.0000","1","1","Banco do Brasil S.A.","2763","4","0000030006","3","BCO BRASIL - CONTA MOVIMENTO","30/01/2026 00:00:00","RENTABILIDADE","1","160","","","Rendimentos","ENTRADA","5336.11"
"2026","1210","","1210","","","","","1","Tesouro","","","","110","GERAL","0","","","1","1","Banco do Brasil S.A.","2763","4","0000030006","3","BCO BRASIL - CONTA MOVIMENTO","19/01/2026 00:00:00","DEBITO_CONTA_CORRENTE","CONTA_BANCARIA","1","","","","","729","ANULACAO CONTAB. AUTOMÁTICA - RECEB. DA GUIA ORÇAMENTÁRIA: 378","SAIDA","6423.16","1407","147474.28","322175.82","87627.75","","3595443.34","5336.11","2243042.88","36576.66","318469.79","556301.83","312487.67","842225.48","","","0","0","","","2026","1210","","","1","Tesouro","","","111","REMUNERAÇÃO DE APLICAÇÕES FINANCEIRAS","0","","111.0000","1","1","Banco do Brasil S.A.","2763","4","0000030006","3","BCO BRASIL - CONTA MOVIMENTO","30/01/2026 00:00:00","RENTABILIDADE","1","160","","","Rendimentos","ENTRADA","5336.11"
"2026","1210","","1210","","","","","1","Tesouro","","","","110","GERAL","0","","","1","1","Banco do Brasil S.A.","2763","4","0000030006","3","BCO BRASIL - CONTA MOVIMENTO","19/01/2026 00:00:00","DEBITO_CONTA_CORRENTE","CONTA_BANCARIA","1","","","","","729","ANULACAO CONTAB. AUTOMÁTICA - RECEB. DA GUIA ORÇAMENTÁRIA: 378","SAIDA","711.9","1407","147474.28","321463.92","87627.75","","3595443.34","5336.11","2243042.88","36576.66","318469.79","556301.83","312487.67","842225.48","","","0","0","","","2026","1210","","","1","Tesouro","","","111","REMUNERAÇÃO DE APLICAÇÕES FINANCEIRAS","0","","111.0000","1","1","Banco do Brasil S.A.","2763","4","0000030006","3","BCO BRASIL - CONTA MOVIMENTO","30/01/2026 00:00:00","RENTABILIDADE","1","160","","","Rendimentos","ENTRADA","5336.11"
"2026","1210","","1210","","","","","1","Tesouro","","","","110","GERAL","0","","","1","1","Banco do Brasil S.A.","2763","4","0000030006","3","BCO BRASIL - CONTA MOVIMENTO","19/01/2026 00:00:00","DEBITO_CONTA_CORRENTE","CONTA_BANCARIA","1","","","","","729","ANULACAO CONTAB. AUTOMÁTICA - RECEB. DA GUIA ORÇAMENTÁRIA: 378","SAIDA","11.94","1407","147474.28","321451.98","87627.75","","3595443.34","5336.11","2243042.88","36576.66","318469.79","556301.83","312487.67","842225.48","","","0","0","","","2026","1210","","","1","Tesouro","","","111","REMUNERAÇÃO DE APLICAÇÕES FINANCEIRAS","0","","111.0000","1","1","Banco do Brasil S.A.","2763","4","0000030006","3","BCO BRASIL - CONTA MOVIMENTO","30/01/2026 00:00:00","RENTABILIDADE","1","160","","","Rendimentos","ENTRADA","5336.11"
"2026","1210","","1210","","","","","19","RECURSOS EXTRAÓRÇAMENTÁRIOS","","","","190","MOVIMENTAÇÕES EXTRAORÇAMENTÁRIAS GERAL","0","","","1","1","Banco do Brasil S.A.","2763","4","0000030006","3","BCO BRASIL - CONTA MOVIMENTO","19/01/2026 00:00:00","CREDITO_CONTA_CORRENTE","CONTA_BANCARIA","1","","","","56","","Transferência Aut. para compensação de Descontos de parcelas: Aut. Pagto.[223/2026].","ENTRADA","36.3","1407","147474.28","321488.28","87627.75","","3595443.34","5336.11","2243042.88","36576.66","318469.79","556301.83","312487.67","842225.48","","","0","0","","","2026","1210","","","1","Tesouro","","","111","REMUNERAÇÃO DE APLICAÇÕES FINANCEIRAS","0","","111.0000","1","1","Banco do Brasil S.A.","2763","4","0000030006","3","BCO BRASIL - CONTA MOVIMENTO","30/01/2026 00:00:00","RENTABILIDADE","1","160","","","Rendimentos","ENTRADA","5336.11"
"2026","1210","","1210","","","","","1","Tesouro","","","","110","GERAL","0","","","1","1","Banco do Brasil S.A.","2763","4","0000030006","3","BCO BRASIL - CONTA MOVIMENTO","19/01/2026 00:00:00","DEBITO_CONTA_CORRENTE","CONTA_BANCARIA","1","","","","","729","ANULACAO CONTAB. AUTOMÁTICA - RECEB. DA GUIA ORÇAMENTÁRIA: 378","SAIDA","86.6","1407","147474.28","321401.68","87627.75","","3595443.34","5336.11","2243042.88","36576.66","318469.79","556301.83","312487.67","842225.48","","","0","0","","","2026","1210","","","1","Tesouro","","","111","REMUNERAÇÃO DE APLICAÇÕES FINANCEIRAS","0","","111.0000","1","1","Banco do Brasil S.A.","2763","4","0000030006","3","BCO BRASIL - CONTA MOVIMENTO","30/01/2026 00:00:00","RENTABILIDADE","1","160","","","Rendimentos","ENTRADA","5336.11"
"2026","1210","","1210","","","","","1","Tesouro","","","","110","GERAL","0","","","1","1","Banco do Brasil S.A.","2763","4","0000030006","3","BCO BRASIL - CONTA MOVIMENTO","19/01/2026 00:00:00","DEBITO_CONTA_CORRENTE","CONTA_BANCARIA","1","","","","","729","ANULACAO CONTAB. AUTOMÁTICA - RECEB. DA GUIA ORÇAMENTÁRIA: 378","SAIDA","413.99","1407","147474.28","320987.69","87627.75","","3595443.34","5336.11","2243042.88","36576.66","318469.79","556301.83","312487.67","842225.48","","","0","0","","","2026","1210","","","1","Tesouro","","","111","REMUNERAÇÃO DE APLICAÇÕES FINANCEIRAS","0","","111.0000","1","1","Banco do Brasil S.A.","2763","4","0000030006","3","BCO BRASIL - CONTA MOVIMENTO","30/01/2026 00:00:00","RENTABILIDADE","1","160","","","Rendimentos","ENTRADA","5336.11"
"2026","1210","","1210","","","","","1","Tesouro","","","","110","GERAL","0","","","1","1","Banco do Brasil S.A.","2763","4","0000030006","3","BCO BRASIL - CONTA MOVIMENTO","19/01/2026 00:00:00","DEBITO_CONTA_CORRENTE","CONTA_BANCARIA","1","","","","","729","ANULACAO CONTAB. AUTOMÁTICA - RECEB. DA GUIA ORÇAMENTÁRIA: 378","SAIDA","8.8","1407","147474.28","320978.89","87627.75","","3595443.34","5336.11","2243042.88","36576.66","318469.79","556301.83","312487.67","842225.48","","","0","0","","","2026","1210","","","1","Tesouro","","","111","REMUNERAÇÃO DE APLICAÇÕES FINANCEIRAS","0","","111.0000","1","1","Banco do Brasil S.A.","2763","4","0000030006","3","BCO BRASIL - CONTA MOVIMENTO","30/01/2026 00:00:00","RENTABILIDADE","1","160","","","Rendimentos","ENTRADA","5336.11"
"2026","1210","","1210","","","","","1","Tesouro","","","","110","GERAL","0","","","1","1","Banco do Brasil S.A.","2763","4","0000030006","3","BCO BRASIL - CONTA MOVIMENTO","19/01/2026 00:00:00","DEBITO_CONTA_CORRENTE","CONTA_BANCARIA","1","","80","16613","","","NE 12, 13, 733","SAIDA","173126.52","1407","147474.28","147852.37","87627.75","","3595443.34","5336.11","2243042.88","36576.66","318469.79","556301.83","312487.67","842225.48","","","0","0","AutorizacaoPagamento{exercicioContabil=2026, numero=80, Juridicionado=01 - PREFEITURA MUNICIPAL DE VARGEM GRANDE DO SUL}","","2026","1210","","","1","Tesouro","","","111","REMUNERAÇÃO DE APLICAÇÕES FINANCEIRAS","0","","111.0000","1","1","Banco do Brasil S.A.","2763","4","0000030006","3","BCO BRASIL - CONTA MOVIMENTO","30/01/2026 00:00:00","RENTABILIDADE","1","160","","","Rendimentos","ENTRADA","5336.11"
"2026","1210","","1210","","","","","1","Tesouro","","","","110","GERAL","0","","","1","1","Banco do Brasil S.A.","2763","4","0000030006","3","BCO BRASIL - CONTA MOVIMENTO","19/01/2026 00:00:00","DEBITO_CONTA_CORRENTE","CONTA_BANCARIA","1","","","","","729","ANULACAO CONTAB. AUTOMÁTICA - RECEB. DA GUIA ORÇAMENTÁRIA: 378","SAIDA","8.13","1407","147474.28","147844.24","87627.75","","3595443.34","5336.11","2243042.88","36576.66","318469.79","556301.83","312487.67","842225.48","","","0","0","","","2026","1210","","","1","Tesouro","","","111","REMUNERAÇÃO DE APLICAÇÕES FINANCEIRAS","0","","111.0000","1","1","Banco do Brasil S.A.","2763","4","0000030006","3","BCO BRASIL - CONTA MOVIMENTO","30/01/2026 00:00:00","RENTABILIDADE","1","160","","","Rendimentos","ENTRADA","5336.11"
"2026","1210","","1210","","","","","1","Tesouro","","","","110","GERAL","0","","","1","1","Banco do Brasil S.A.","2763","4","0000030006","3","BCO BRASIL - CONTA MOVIMENTO","19/01/2026 00:00:00","DEBITO_CONTA_CORRENTE","CONTA_BANCARIA","1","","","","","729","ANULACAO CONTAB. AUTOMÁTICA - RECEB. DA GUIA ORÇAMENTÁRIA: 378","SAIDA","46.1","1407","147474.28","147798.14","87627.75","","3595443.34","5336.11","2243042.88","36576.66","318469.79","556301.83","312487.67","842225.48","","","0","0","","","2026","1210","","","1","Tesouro","","","111","REMUNERAÇÃO DE APLICAÇÕES FINANCEIRAS","0","","111.0000","1","1","Banco do Brasil S.A.","2763","4","0000030006","3","BCO BRASIL - CONTA MOVIMENTO","30/01/2026 00:00:00","RENTABILIDADE","1","160","","","Rendimentos","ENTRADA","5336.11"
"2026","1210","","1210","","","","","1","Tesouro","","","","110","GERAL","0","","","1","1","Banco do Brasil S.A.","2763","4","0000030006","3","BCO BRASIL - CONTA MOVIMENTO","19/01/2026 00:00:00","DEBITO_CONTA_CORRENTE","CONTA_BANCARIA","1","","","","","729","ANULACAO CONTAB. AUTOMÁTICA - RECEB. DA GUIA ORÇAMENTÁRIA: 378","SAIDA","108","1407","147474.28","147690.14","87627.75","","3595443.34","5336.11","2243042.88","36576.66","318469.79","556301.83","312487.67","842225.48","","","0","0","","","2026","1210","","","1","Tesouro","","","111","REMUNERAÇÃO DE APLICAÇÕES FINANCEIRAS","0","","111.0000","1","1","Banco do Brasil S.A.","2763","4","0000030006","3","BCO BRASIL - CONTA MOVIMENTO","30/01/2026 00:00:00","RENTABILIDADE","1","160","","","Rendimentos","ENTRADA","5336.11"
"2026","1210","","1210","","","","","1","Tesouro","","","","110","GERAL","0","","","1","1","Banco do Brasil S.A.","2763","4","0000030006","3","BCO BRASIL - CONTA MOVIMENTO","19/01/2026 00:00:00","CREDITO_CONTA_CORRENTE","CONTA_BANCARIA","1","378","","","","","CONTAB. AUTOMÁTICA - RECEB. DA GUIA ORÇAMENTÁRIA: 378","ENTRADA","14869.28","1407","147474.28","162559.42","87627.75","","3595443.34","5336.11","2243042.88","36576.66","318469.79","556301.83","312487.67","842225.48","","","0","0","","","2026","1210","","","1","Tesouro","","","111","REMUNERAÇÃO DE APLICAÇÕES FINANCEIRAS","0","","111.0000","1","1","Banco do Brasil S.A.","2763","4","0000030006","3","BCO BRASIL - CONTA MOVIMENTO","30/01/2026 00:00:00","RENTABILIDADE","1","160","","","Rendimentos","ENTRADA","5336.11"
"2026","1210","","1210","","","","","1","Tesouro","","","","110","GERAL","0","","","1","1","Banco do Brasil S.A.","2763","4","0000030006","3","BCO BRASIL - CONTA MOVIMENTO","19/01/2026 00:00:00","DEBITO_CONTA_CORRENTE","CONTA_BANCARIA","1","","","","","729","ANULACAO CONTAB. AUTOMÁTICA - RECEB. DA GUIA ORÇAMENTÁRIA: 378","SAIDA","67.79","1407","147474.28","162491.63","87627.75","","3595443.34","5336.11","2243042.88","36576.66","318469.79","556301.83","312487.67","842225.48","","","0","0","","","2026","1210","","","1","Tesouro","","","111","REMUNERAÇÃO DE APLICAÇÕES FINANCEIRAS","0","","111.0000","1","1","Banco do Brasil S.A.","2763","4","0000030006","3","BCO BRASIL - CONTA MOVIMENTO","30/01/2026 00:00:00","RENTABILIDADE","1","160","","","Rendimentos","ENTRADA","5336.11"
"2026","1210","","1210","","","","","1","Tesouro","","","","110","GERAL","0","","","1","1","Banco do Brasil S.A.","2763","4","0000030006","3","BCO BRASIL - CONTA MOVIMENTO","19/01/2026 00:00:00","DEBITO_CONTA_CORRENTE","CONTA_BANCARIA","1","","","","","729","ANULACAO CONTAB. AUTOMÁTICA - RECEB. DA GUIA ORÇAMENTÁRIA: 378","SAIDA","892.01","1407","147474.28","161599.62","87627.75","","3595443.34","5336.11","2243042.88","36576.66","318469.79","556301.83","312487.67","842225.48","","","0","0","","","2026","1210","","","1","Tesouro","","","111","REMUNERAÇÃO DE APLICAÇÕES FINANCEIRAS","0","","111.0000","1","1","Banco do Brasil S.A.","2763","4","0000030006","3","BCO BRASIL - CONTA MOVIMENTO","30/01/2026 00:00:00","RENTABILIDADE","1","160","","","Rendimentos","ENTRADA","5336.11"
"2026","1210","","1210","","","","","1","Tesouro","","","","110","GERAL","0","","","1","1","Banco do Brasil S.A.","2763","4","0000030006","3","BCO BRASIL - CONTA MOVIMENTO","19/01/2026 00:00:00","DEBITO_CONTA_CORRENTE","CONTA_BANCARIA","1","","","","","729","ANULACAO CONTAB. AUTOMÁTICA - RECEB. DA GUIA ORÇAMENTÁRIA: 378","SAIDA","1854.23","1407","147474.28","159745.39","87627.75","","3595443.34","5336.11","2243042.88","36576.66","318469.79","556301.83","312487.67","842225.48","","","0","0","","","2026","1210","","","1","Tesouro","","","111","REMUNERAÇÃO DE APLICAÇÕES FINANCEIRAS","0","","111.0000","1","1","Banco do Brasil S.A.","2763","4","0000030006","3","BCO BRASIL - CONTA MOVIMENTO","30/01/2026 00:00:00","RENTABILIDADE","1","160","","","Rendimentos","ENTRADA","5336.11"
"2026","1210","","1210","","","","","1","Tesouro","","","","110","GERAL","0","","","1","1","Banco do Brasil S.A.","2763","4","0000030006","3","BCO BRASIL - CONTA MOVIMENTO","19/01/2026 00:00:00","DEBITO_CONTA_CORRENTE","CONTA_BANCARIA","1","","","","","729","ANULACAO CONTAB. AUTOMÁTICA - RECEB. DA GUIA ORÇAMENTÁRIA: 378","SAIDA","1.2","1407","147474.28","159744.19","87627.75","","3595443.34","5336.11","2243042.88","36576.66","318469.79","556301.83","312487.67","842225.48","","","0","0","","","2026","1210","","","1","Tesouro","","","111","REMUNERAÇÃO DE APLICAÇÕES FINANCEIRAS","0","","111.0000","1","1","Banco do Brasil S.A.","2763","4","0000030006","3","BCO BRASIL - CONTA MOVIMENTO","30/01/2026 00:00:00","RENTABILIDADE","1","160","","","Rendimentos","ENTRADA","5336.11"
"2026","1210","","1210","","","","","1","Tesouro","","","","110","GERAL","0","","","1","1","Banco do Brasil S.A.","2763","4","0000030006","3","BCO BRASIL - CONTA MOVIMENTO","19/01/2026 00:00:00","DEBITO_CONTA_CORRENTE","CONTA_BANCARIA","1","","","","","729","ANULACAO CONTAB. AUTOMÁTICA - RECEB. DA GUIA ORÇAMENTÁRIA: 378","SAIDA","2580.12","1407","147474.28","157164.07","87627.75","","3595443.34","5336.11","2243042.88","36576.66","318469.79","556301.83","312487.67","842225.48","","","0","0","","","2026","1210","","","1","Tesouro","","","111","REMUNERAÇÃO DE APLICAÇÕES FINANCEIRAS","0","","111.0000","1","1","Banco do Brasil S.A.","2763","4","0000030006","3","BCO BRASIL - CONTA MOVIMENTO","30/01/2026 00:00:00","RENTABILIDADE","1","160","","","Rendimentos","ENTRADA","5336.11"
"2026","1210","","1210","","","","","1","Tesouro","","","","110","GERAL","0","","","1","1","Banco do Brasil S.A.","2763","4","0000030006","3","BCO BRASIL - CONTA MOVIMENTO","19/01/2026 00:00:00","DEBITO_CONTA_CORRENTE","CONTA_BANCARIA","1","","","","","729","ANULACAO CONTAB. AUTOMÁTICA - RECEB. DA GUIA ORÇAMENTÁRIA: 378","SAIDA","1615.69","1407","147474.28","155548.38","87627.75","","3595443.34","5336.11","2243042.88","36576.66","318469.79","556301.83","312487.67","842225.48","","","0","0","","","2026","1210","","","1","Tesouro","","","111","REMUNERAÇÃO DE APLICAÇÕES FINANCEIRAS","0","","111.0000","1","1","Banco do Brasil S.A.","2763","4","0000030006","3","BCO BRASIL - CONTA MOVIMENTO","30/01/2026 00:00:00","RENTABILIDADE","1","160","","","Rendimentos","ENTRADA","5336.11"
"2026","1210","","1210","","","","","1","Tesouro","","","","110","GERAL","0","","","1","1","Banco do Brasil S.A.","2763","4","0000030006","3","BCO BRASIL - CONTA MOVIMENTO","19/01/2026 00:00:00","DEBITO_CONTA_CORRENTE","CONTA_BANCARIA","1","","","","","729","ANULACAO CONTAB. AUTOMÁTICA - RECEB. DA GUIA ORÇAMENTÁRIA: 378","SAIDA","39.62","1407","147474.28","155508.76","87627.75","","3595443.34","5336.11","2243042.88","36576.66","318469.79","556301.83","312487.67","842225.48","","","0","0","","","2026","1210","","","1","Tesouro","","","111","REMUNERAÇÃO DE APLICAÇÕES FINANCEIRAS","0","","111.0000","1","1","Banco do Brasil S.A.","2763","4","0000030006","3","BCO BRASIL - CONTA MOVIMENTO","30/01/2026 00:00:00","RENTABILIDADE","1","160","","","Rendimentos","ENTRADA","5336.11"
"2026","1210","","1210","","","","","19","RECURSOS EXTRAÓRÇAMENTÁRIOS","","","","190","MOVIMENTAÇÕES EXTRAORÇAMENTÁRIAS GERAL","0","","","1","1","Banco do Brasil S.A.","2763","4","0000030006","3","BCO BRASIL - CONTA MOVIMENTO","19/01/2026 00:00:00","CREDITO_CONTA_CORRENTE","CONTA_BANCARIA","2","33","","","","","CONTAB. AUTOMÁTICA - RECEB. DA GUIA EXTRA-ORÇAMENTÁRIA: 33","ENTRADA","35.93","1407","147474.28","155544.69","87627.75","","3595443.34","5336.11","2243042.88","36576.66","318469.79","556301.83","312487.67","842225.48","","","0","0","","","2026","1210","","","1","Tesouro","","","111","REMUNERAÇÃO DE APLICAÇÕES FINANCEIRAS","0","","111.0000","1","1","Banco do Brasil S.A.","2763","4","0000030006","3","BCO BRASIL - CONTA MOVIMENTO","30/01/2026 00:00:00","RENTABILIDADE","1","160","","","Rendimentos","ENTRADA","5336.11"
"2026","1210","","1210","","","","","19","RECURSOS EXTRAÓRÇAMENTÁRIOS","","","","190","MOVIMENTAÇÕES EXTRAORÇAMENTÁRIAS GERAL","0","","","1","1","Banco do Brasil S.A.","2763","4","0000030006","3","BCO BRASIL - CONTA MOVIMENTO","19/01/2026 00:00:00","DEBITO_CONTA_CORRENTE","CONTA_BANCARIA","2","","","","","","ANULACAO CONTAB. AUTOMÁTICA - RECEB. DA GUIA EXTRA-ORÇAMENTÁRIA: 33","SAIDA","35.93","1407","147474.28","155508.76","87627.75","","3595443.34","5336.11","2243042.88","36576.66","318469.79","556301.83","312487.67","842225.48","","","0","0","","","2026","1210","","","1","Tesouro","","","111","REMUNERAÇÃO DE APLICAÇÕES FINANCEIRAS","0","","111.0000","1","1","Banco do Brasil S.A.","2763","4","0000030006","3","BCO BRASIL - CONTA MOVIMENTO","30/01/2026 00:00:00","RENTABILIDADE","1","160","","","Rendimentos","ENTRADA","5336.11"
"2026","1210","","1210","","","","","1","Tesouro","","","","110","GERAL","0","","","1","1","Banco do Brasil S.A.","2763","4","0000030006","3","BCO BRASIL - CONTA MOVIMENTO","19/01/2026 00:00:00","DEBITO_CONTA_CORRENTE","CONTA_BANCARIA","2","","81","16614","","","NE 10, 11, 732","SAIDA","21180.06","1407","147474.28","134328.7","87627.75","","3595443.34","5336.11","2243042.88","36576.66","318469.79","556301.83","312487.67","842225.48","","","0","0","AutorizacaoPagamento{exercicioContabil=2026, numero=81, Juridicionado=01 - PREFEITURA MUNICIPAL DE VARGEM GRANDE DO SUL}","","2026","1210","","","1","Tesouro","","","111","REMUNERAÇÃO DE APLICAÇÕES FINANCEIRAS","0","","111.0000","1","1","Banco do Brasil S.A.","2763","4","0000030006","3","BCO BRASIL - CONTA MOVIMENTO","30/01/2026 00:00:00","RENTABILIDADE","1","160","","","Rendimentos","ENTRADA","5336.11"
"2026","1210","","1210","","","","","1","Tesouro","","","","110","GERAL","0","","","1","1","Banco do Brasil S.A.","2763","4","0000030006","3","BCO BRASIL - CONTA MOVIMENTO","19/01/2026 00:00:00","CREDITO_CONTA_CORRENTE","CONTA_BANCARIA","2","","","","56","","Transferência Aut. para compensação de Descontos de parcelas: Aut. Pagto.[223/2026].","ENTRADA","6.6","1407","147474.28","134335.3","87627.75","","3595443.34","5336.11","2243042.88","36576.66","318469.79","556301.83","312487.67","842225.48","","","0","0","","","2026","1210","","","1","Tesouro","","","111","REMUNERAÇÃO DE APLICAÇÕES FINANCEIRAS","0","","111.0000","1","1","Banco do Brasil S.A.","2763","4","0000030006","3","BCO BRASIL - CONTA MOVIMENTO","30/01/2026 00:00:00","RENTABILIDADE","1","160","","","Rendimentos","ENTRADA","5336.11"
"2026","1210","","1210","","","","","19","RECURSOS EXTRAÓRÇAMENTÁRIOS","","","","190","MOVIMENTAÇÕES EXTRAORÇAMENTÁRIAS GERAL","0","","","1","1","Banco do Brasil S.A.","2763","4","0000030006","3","BCO BRASIL - CONTA MOVIMENTO","19/01/2026 00:00:00","CREDITO_CONTA_CORRENTE","CONTA_BANCARIA","3","","","","57","","Transferência Aut. para compensação de Descontos de parcelas: Aut. Pagto.[225/2026].","ENTRADA","45","1407","147474.28","134380.3","87627.75","","3595443.34","5336.11","2243042.88","36576.66","318469.79","556301.83","312487.67","842225.48","","","0","0","","","2026","1210","","","1","Tesouro","","","111","REMUNERAÇÃO DE APLICAÇÕES FINANCEIRAS","0","","111.0000","1","1","Banco do Brasil S.A.","2763","4","0000030006","3","BCO BRASIL - CONTA MOVIMENTO","30/01/2026 00:00:00","RENTABILIDADE","1","160","","","Rendimentos","ENTRADA","5336.11"
"2026","1210","","1210","","","","","1","Tesouro","","","","110","GERAL","0","","","1","1","Banco do Brasil S.A.","2763","4","0000030006","3","BCO BRASIL - CONTA MOVIMENTO","19/01/2026 00:00:00","DEBITO_CONTA_CORRENTE","CONTA_BANCARIA","3","","82","16615","","","NE 9, 734","SAIDA","9379.08","1407","147474.28","125001.22","87627.75","","3595443.34","5336.11","2243042.88","36576.66","318469.79","556301.83","312487.67","842225.48","","","0","0","AutorizacaoPagamento{exercicioContabil=2026, numero=82, Juridicionado=01 - PREFEITURA MUNICIPAL DE VARGEM GRANDE DO SUL}","","2026","1210","","","1","Tesouro","","","111","REMUNERAÇÃO DE APLICAÇÕES FINANCEIRAS","0","","111.0000","1","1","Banco do Brasil S.A.","2763","4","0000030006","3","BCO BRASIL - CONTA MOVIMENTO","30/01/2026 00:00:00","RENTABILIDADE","1","160","","","Rendimentos","ENTRADA","5336.11"
"2026","1210","","1210","","","","","1","Tesouro","","","","110","GERAL","0","","","1","1","Banco do Brasil S.A.","2763","4","0000030006","3","BCO BRASIL - CONTA MOVIMENTO","19/01/2026 00:00:00","CREDITO_CONTA_CORRENTE","CONTA_BANCARIA","3","791","","","","","CONTAB. AUTOMÁTICA - RECEB. DA GUIA ORÇAMENTÁRIA: 791","ENTRADA","14869.28","1407","147474.28","139870.5","87627.75","","3595443.34","5336.11","2243042.88","36576.66","318469.79","556301.83","312487.67","842225.48","","","0","0","","","2026","1210","","","1","Tesouro","","","111","REMUNERAÇÃO DE APLICAÇÕES FINANCEIRAS","0","","111.0000","1","1","Banco do Brasil S.A.","2763","4","0000030006","3","BCO BRASIL - CONTA MOVIMENTO","30/01/2026 00:00:00","RENTABILIDADE","1","160","","","Rendimentos","ENTRADA","5336.11"
"2026","1210","","1210","","","","","19","RECURSOS EXTRAÓRÇAMENTÁRIOS","","","","190","MOVIMENTAÇÕES EXTRAORÇAMENTÁRIAS GERAL","0","","","1","1","Banco do Brasil S.A.","2763","4","0000030006","3","BCO BRASIL - CONTA MOVIMENTO","19/01/2026 00:00:00","CREDITO_CONTA_CORRENTE","CONTA_BANCARIA","4","128","","","","","CONTAB. AUTOMÁTICA - RECEB. DA GUIA EXTRA-ORÇAMENTÁRIA: 128","ENTRADA","35.93","1407","147474.28","139906.43","87627.75","","3595443.34","5336.11","2243042.88","36576.66","318469.79","556301.83","312487.67","842225.48","","","0","0","","","2026","1210","","","1","Tesouro","","","111","REMUNERAÇÃO DE APLICAÇÕES FINANCEIRAS","0","","111.0000","1","1","Banco do Brasil S.A.","2763","4","0000030006","3","BCO BRASIL - CONTA MOVIMENTO","30/01/2026 00:00:00","RENTABILIDADE","1","160","","","Rendimentos","ENTRADA","5336.11"
"2026","1210","","1210","","","","","1","Tesouro","","","","510","ASSISTÊNCIA SOCIAL - GERAL","0","","","1","1","Banco do Brasil S.A.","2763","4","0000030006","3","BCO BRASIL - CONTA MOVIMENTO","19/01/2026 00:00:00","DEBITO_CONTA_CORRENTE","CONTA_BANCARIA","4","","223","16762","","","NE 9462/2025","SAIDA","287.1","1407","147474.28","139619.33","87627.75","","3595443.34","5336.11","2243042.88","36576.66","318469.79","556301.83","312487.67","842225.48","","","0","0","AutorizacaoPagamento{exercicioContabil=2026, numero=223, Juridicionado=01 - PREFEITURA MUNICIPAL DE VARGEM GRANDE DO SUL}","","2026","1210","","","1","Tesouro","","","111","REMUNERAÇÃO DE APLICAÇÕES FINANCEIRAS","0","","111.0000","1","1","Banco do Brasil S.A.","2763","4","0000030006","3","BCO BRASIL - CONTA MOVIMENTO","30/01/2026 00:00:00","RENTABILIDADE","1","160","","","Rendimentos","ENTRADA","5336.11"
"2026","1210","","1210","","","","","19","RECURSOS EXTRAÓRÇAMENTÁRIOS","","","","190","MOVIMENTAÇÕES EXTRAORÇAMENTÁRIAS GERAL","0","","","1","1","Banco do Brasil S.A.","2763","4","0000030006","3","BCO BRASIL - CONTA MOVIMENTO","19/01/2026 00:00:00","CREDITO_CONTA_CORRENTE","CONTA_BANCARIA","4","","","","66","","Transferência Aut. para compensação de Descontos de parcelas: Aut. Pagto.[236/2026].","ENTRADA","117","1407","147474.28","139736.33","87627.75","","3595443.34","5336.11","2243042.88","36576.66","318469.79","556301.83","312487.67","842225.48","","","0","0","","","2026","1210","","","1","Tesouro","","","111","REMUNERAÇÃO DE APLICAÇÕES FINANCEIRAS","0","","111.0000","1","1","Banco do Brasil S.A.","2763","4","0000030006","3","BCO BRASIL - CONTA MOVIMENTO","30/01/2026 00:00:00","RENTABILIDADE","1","160","","","Rendimentos","ENTRADA","5336.11"
"2026","1210","","1210","","","","","1","Tesouro","","","","510","ASSISTÊNCIA SOCIAL - GERAL","0","","","1","1","Banco do Brasil S.A.","2763","4","0000030006","3","BCO BRASIL - CONTA MOVIMENTO","19/01/2026 00:00:00","DEBITO_CONTA_CORRENTE","CONTA_BANCARIA","5","","","","56","","Transferência Aut. para compensação de Descontos de parcelas: Aut. Pagto.[223/2026].","SAIDA","36.3","1407","147474.28","139700.03","87627.75","","3595443.34","5336.11","2243042.88","36576.66","318469.79","556301.83","312487.67","842225.48","","","0","0","","","2026","1210","","","1","Tesouro","","","111","REMUNERAÇÃO DE APLICAÇÕES FINANCEIRAS","0","","111.0000","1","1","Banco do Brasil S.A.","2763","4","0000030006","3","BCO BRASIL - CONTA MOVIMENTO","30/01/2026 00:00:00","RENTABILIDADE","1","160","","","Rendimentos","ENTRADA","5336.11"
"2026","1210","","1210","","","","","1","Tesouro","","","","110","GERAL","0","","","1","1","Banco do Brasil S.A.","2763","4","0000030006","3","BCO BRASIL - CONTA MOVIMENTO","19/01/2026 00:00:00","CREDITO_CONTA_CORRENTE","CONTA_BANCARIA","5","","","","76","","Transf Ref a IR da empresa IRRP - Instituto de Ressonância Rio Pardo.","ENTRADA","451.04","1407","147474.28","140151.07","87627.75","","3595443.34","5336.11","2243042.88","36576.66","318469.79","556301.83","312487.67","842225.48","","","0","0","","","2026","1210","","","1","Tesouro","","","111","REMUNERAÇÃO DE APLICAÇÕES FINANCEIRAS","0","","111.0000","1","1","Banco do Brasil S.A.","2763","4","0000030006","3","BCO BRASIL - CONTA MOVIMENTO","30/01/2026 00:00:00","RENTABILIDADE","1","160","","","Rendimentos","ENTRADA","5336.11"
"2026","1210","","1210","","","","","1","Tesouro","","","","110","GERAL","0","","","1","1","Banco do Brasil S.A.","2763","4","0000030006","3","BCO BRASIL - CONTA MOVIMENTO","19/01/2026 00:00:00","CREDITO_CONTA_CORRENTE","CONTA_BANCARIA","6","131","","","","","LANÇAMENTO DE RECEITA","ENTRADA","45.32","1407","147474.28","140196.39","87627.75","","3595443.34","5336.11","2243042.88","36576.66","318469.79","556301.83","312487.67","842225.48","","","0","0","","","2026","1210","","","1","Tesouro","","","111","REMUNERAÇÃO DE APLICAÇÕES FINANCEIRAS","0","","111.0000","1","1","Banco do Brasil S.A.","2763","4","0000030006","3","BCO BRASIL - CONTA MOVIMENTO","30/01/2026 00:00:00","RENTABILIDADE","1","160","","","Rendimentos","ENTRADA","5336.11"
"2026","1210","","1210","","","","","1","Tesouro","","","","510","ASSISTÊNCIA SOCIAL - GERAL","0","","","1","1","Banco do Brasil S.A.","2763","4","0000030006","3","BCO BRASIL - CONTA MOVIMENTO","19/01/2026 00:00:00","DEBITO_CONTA_CORRENTE","CONTA_BANCARIA","6","","","","56","","Transferência Aut. para compensação de Descontos de parcelas: Aut. Pagto.[223/2026].","SAIDA","6.6","1407","147474.28","140189.79","87627.75","","3595443.34","5336.11","2243042.88","36576.66","318469.79","556301.83","312487.67","842225.48","","","0","0","","","2026","1210","","","1","Tesouro","","","111","REMUNERAÇÃO DE APLICAÇÕES FINANCEIRAS","0","","111.0000","1","1","Banco do Brasil S.A.","2763","4","0000030006","3","BCO BRASIL - CONTA MOVIMENTO","30/01/2026 00:00:00","RENTABILIDADE","1","160","","","Rendimentos","ENTRADA","5336.11"
"2026","1210","","1210","","","","","1","Tesouro","","","","110","GERAL","0","","","1","1","Banco do Brasil S.A.","2763","4","0000030006","3","BCO BRASIL - CONTA MOVIMENTO","19/01/2026 00:00:00","DEBITO_CONTA_CORRENTE","CONTA_BANCARIA","7","","224","16764","","","NE 16583,18703,18957/2025","SAIDA","5745","1407","147474.28","134444.79","87627.75","","3595443.34","5336.11","2243042.88","36576.66","318469.79","556301.83","312487.67","842225.48","","","0","0","AutorizacaoPagamento{exercicioContabil=2026, numero=224, Juridicionado=01 - PREFEITURA MUNICIPAL DE VARGEM GRANDE DO SUL}","","2026","1210","","","1","Tesouro","","","111","REMUNERAÇÃO DE APLICAÇÕES FINANCEIRAS","0","","111.0000","1","1","Banco do Brasil S.A.","2763","4","0000030006","3","BCO BRASIL - CONTA MOVIMENTO","30/01/2026 00:00:00","RENTABILIDADE","1","160","","","Rendimentos","ENTRADA","5336.11"
"2026","1210","","1210","","","","","1","Tesouro","","","","110","GERAL","0","","","1","1","Banco do Brasil S.A.","2763","4","0000030006","3","BCO BRASIL - CONTA MOVIMENTO","19/01/2026 00:00:00","DEBITO_CONTA_CORRENTE","CONTA_BANCARIA","8","","225","16765","","","NE 18801/2025","SAIDA","2955","1407","147474.28","131489.79","87627.75","","3595443.34","5336.11","2243042.88","36576.66","318469.79","556301.83","312487.67","842225.48","","","0","0","AutorizacaoPagamento{exercicioContabil=2026, numero=225, Juridicionado=01 - PREFEITURA MUNICIPAL DE VARGEM GRANDE DO SUL}","","2026","1210","","","1","Tesouro","","","111","REMUNERAÇÃO DE APLICAÇÕES FINANCEIRAS","0","","111.0000","1","1","Banco do Brasil S.A.","2763","4","0000030006","3","BCO BRASIL - CONTA MOVIMENTO","30/01/2026 00:00:00","RENTABILIDADE","1","160","","","Rendimentos","ENTRADA","5336.11"
"2026","1210","","1210","","","","","1","Tesouro","","","","110","GERAL","0","","","1","1","Banco do Brasil S.A.","2763","4","0000030006","3","BCO BRASIL - CONTA MOVIMENTO","19/01/2026 00:00:00","DEBITO_CONTA_CORRENTE","CONTA_BANCARIA","9","","","","57","","Transferência Aut. para compensação de Descontos de parcelas: Aut. Pagto.[225/2026].","SAIDA","45","1407","147474.28","131444.79","87627.75","","3595443.34","5336.11","2243042.88","36576.66","318469.79","556301.83","312487.67","842225.48","","","0","0","","","2026","1210","","","1","Tesouro","","","111","REMUNERAÇÃO DE APLICAÇÕES FINANCEIRAS","0","","111.0000","1","1","Banco do Brasil S.A.","2763","4","0000030006","3","BCO BRASIL - CONTA MOVIMENTO","30/01/2026 00:00:00","RENTABILIDADE","1","160","","","Rendimentos","ENTRADA","5336.11"
"2026","1210","","1210","","","","","1","Tesouro","","","","110","GERAL","0","","","1","1","Banco do Brasil S.A.","2763","4","0000030006","3","BCO BRASIL - CONTA MOVIMENTO","19/01/2026 00:00:00","DEBITO_CONTA_CORRENTE","CONTA_BANCARIA","10","","229","16769","","","NE 27/2026","SAIDA","108.39","1407","147474.28","131336.4","87627.75","","3595443.34","5336.11","2243042.88","36576.66","318469.79","556301.83","312487.67","842225.48","","","0","0","AutorizacaoPagamento{exercicioContabil=2026, numero=229, Juridicionado=01 - PREFEITURA MUNICIPAL DE VARGEM GRANDE DO SUL}","","2026","1210","","","1","Tesouro","","","111","REMUNERAÇÃO DE APLICAÇÕES FINANCEIRAS","0","","111.0000","1","1","Banco do Brasil S.A.","2763","4","0000030006","3","BCO BRASIL - CONTA MOVIMENTO","30/01/2026 00:00:00","RENTABILIDADE","1","160","","","Rendimentos","ENTRADA","5336.11"
"2026","1210","","1210","","","","","1","Tesouro","","","","110","GERAL","0","","","1","1","Banco do Brasil S.A.","2763","4","0000030006","3","BCO BRASIL - CONTA MOVIMENTO","19/01/2026 00:00:00","DEBITO_CONTA_CORRENTE","CONTA_BANCARIA","11","","236","16776","","","NE 18341/2025","SAIDA","7683","1407","147474.28","123653.4","87627.75","","3595443.34","5336.11","2243042.88","36576.66","318469.79","556301.83","312487.67","842225.48","","","0","0","AutorizacaoPagamento{exercicioContabil=2026, numero=236, Juridicionado=01 - PREFEITURA MUNICIPAL DE VARGEM GRANDE DO SUL}","","2026","1210","","","1","Tesouro","","","111","REMUNERAÇÃO DE APLICAÇÕES FINANCEIRAS","0","","111.0000","1","1","Banco do Brasil S.A.","2763","4","0000030006","3","BCO BRASIL - CONTA MOVIMENTO","30/01/2026 00:00:00","RENTABILIDADE","1","160","","","Rendimentos","ENTRADA","5336.11"
"2026","1210","","1210","","","","","1","Tesouro","","","","110","GERAL","0","","","1","1","Banco do Brasil S.A.","2763","4","0000030006","3","BCO BRASIL - CONTA MOVIMENTO","19/01/2026 00:00:00","DEBITO_CONTA_CORRENTE","CONTA_BANCARIA","12","","","","66","","Transferência Aut. para compensação de Descontos de parcelas: Aut. Pagto.[236/2026].","SAIDA","117","1407","147474.28","123536.4","87627.75","","3595443.34","5336.11","2243042.88","36576.66","318469.79","556301.83","312487.67","842225.48","","","0","0","","","2026","1210","","","1","Tesouro","","","111","REMUNERAÇÃO DE APLICAÇÕES FINANCEIRAS","0","","111.0000","1","1","Banco do Brasil S.A.","2763","4","0000030006","3","BCO BRASIL - CONTA MOVIMENTO","30/01/2026 00:00:00","RENTABILIDADE","1","160","","","Rendimentos","ENTRADA","5336.11"
"2026","1210","","1210","","","","","1","Tesouro","","","","110","GERAL","0","","","1","1","Banco do Brasil S.A.","2763","4","0000030006","3","BCO BRASIL - CONTA MOVIMENTO","19/01/2026 00:00:00","DEBITO_CONTA_CORRENTE","CONTA_BANCARIA","13","","256","16796","","","NE 3450/2025","SAIDA","959.1","1407","147474.28","122577.3","87627.75","","3595443.34","5336.11","2243042.88","36576.66","318469.79","556301.83","312487.67","842225.48","","","0","0","AutorizacaoPagamento{exercicioContabil=2026, numero=256, Juridicionado=01 - PREFEITURA MUNICIPAL DE VARGEM GRANDE DO SUL}","","2026","1210","","","1","Tesouro","","","111","REMUNERAÇÃO DE APLICAÇÕES FINANCEIRAS","0","","111.0000","1","1","Banco do Brasil S.A.","2763","4","0000030006","3","BCO BRASIL - CONTA MOVIMENTO","30/01/2026 00:00:00","RENTABILIDADE","1","160","","","Rendimentos","ENTRADA","5336.11"
"2026","1210","","1210","","","","","1","Tesouro","","","","110","GERAL","0","","","1","1","Banco do Brasil S.A.","2763","4","0000030006","3","BCO BRASIL - CONTA MOVIMENTO","19/01/2026 00:00:00","DEBITO_CONTA_CORRENTE","CONTA_BANCARIA","14","","259","16799","","","NE 25/2026","SAIDA","95029.18","1407","147474.28","27548.12","87627.75","","3595443.34","5336.11","2243042.88","36576.66","318469.79","556301.83","312487.67","842225.48","","","0","0","AutorizacaoPagamento{exercicioContabil=2026, numero=259, Juridicionado=01 - PREFEITURA MUNICIPAL DE VARGEM GRANDE DO SUL}","","2026","1210","","","1","Tesouro","","","111","REMUNERAÇÃO DE APLICAÇÕES FINANCEIRAS","0","","111.0000","1","1","Banco do Brasil S.A.","2763","4","0000030006","3","BCO BRASIL - CONTA MOVIMENTO","30/01/2026 00:00:00","RENTABILIDADE","1","160","","","Rendimentos","ENTRADA","5336.11"
"2026","1210","","1210","","","","","19","RECURSOS EXTRAÓRÇAMENTÁRIOS","","","","190","MOVIMENTAÇÕES EXTRAORÇAMENTÁRIAS GERAL","0","","","1","1","Banco do Brasil S.A.","2763","4","0000030006","3","BCO BRASIL - CONTA MOVIMENTO","19/01/2026 00:00:00","DEBITO_CONTA_CORRENTE","CONTA_BANCARIA","15","","262","16802","","","DE 14/2026","SAIDA","117","1407","147474.28","27431.12","87627.75","","3595443.34","5336.11","2243042.88","36576.66","318469.79","556301.83","312487.67","842225.48","","","0","0","AutorizacaoPagamento{exercicioContabil=2026, numero=262, Juridicionado=01 - PREFEITURA MUNICIPAL DE VARGEM GRANDE DO SUL}","","2026","1210","","","1","Tesouro","","","111","REMUNERAÇÃO DE APLICAÇÕES FINANCEIRAS","0","","111.0000","1","1","Banco do Brasil S.A.","2763","4","0000030006","3","BCO BRASIL - CONTA MOVIMENTO","30/01/2026 00:00:00","RENTABILIDADE","1","160","","","Rendimentos","ENTRADA","5336.11"
"2026","1210","","1210","","","","","19","RECURSOS EXTRAÓRÇAMENTÁRIOS","","","","190","MOVIMENTAÇÕES EXTRAORÇAMENTÁRIAS GERAL","0","","","1","1","Banco do Brasil S.A.","2763","4","0000030006","3","BCO BRASIL - CONTA MOVIMENTO","19/01/2026 00:00:00","DEBITO_CONTA_CORRENTE","CONTA_BANCARIA","16","","263","16803","","","DE 16/2026","SAIDA","36.3","1407","147474.28","27394.82","87627.75","","3595443.34","5336.11","2243042.88","36576.66","318469.79","556301.83","312487.67","842225.48","","","0","0","AutorizacaoPagamento{exercicioContabil=2026, numero=263, Juridicionado=01 - PREFEITURA MUNICIPAL DE VARGEM GRANDE DO SUL}","","2026","1210","","","1","Tesouro","","","111","REMUNERAÇÃO DE APLICAÇÕES FINANCEIRAS","0","","111.0000","1","1","Banco do Brasil S.A.","2763","4","0000030006","3","BCO BRASIL - CONTA MOVIMENTO","30/01/2026 00:00:00","RENTABILIDADE","1","160","","","Rendimentos","ENTRADA","5336.11"
"2026","1210","","1210","","","","","19","RECURSOS EXTRAÓRÇAMENTÁRIOS","","","","190","MOVIMENTAÇÕES EXTRAORÇAMENTÁRIAS GERAL","0","","","1","1","Banco do Brasil S.A.","2763","4","0000030006","3","BCO BRASIL - CONTA MOVIMENTO","19/01/2026 00:00:00","DEBITO_CONTA_CORRENTE","CONTA_BANCARIA","17","","264","16804","","","DE 15/2026","SAIDA","45","1407","147474.28","27349.82","87627.75","","3595443.34","5336.11","2243042.88","36576.66","318469.79","556301.83","312487.67","842225.48","","","0","0","AutorizacaoPagamento{exercicioContabil=2026, numero=264, Juridicionado=01 - PREFEITURA MUNICIPAL DE VARGEM GRANDE DO SUL}","","2026","1210","","","1","Tesouro","","","111","REMUNERAÇÃO DE APLICAÇÕES FINANCEIRAS","0","","111.0000","1","1","Banco do Brasil S.A.","2763","4","0000030006","3","BCO BRASIL - CONTA MOVIMENTO","30/01/2026 00:00:00","RENTABILIDADE","1","160","","","Rendimentos","ENTRADA","5336.11"
"2026","1210","","1210","","","","","1","Tesouro","","","","110","GERAL","0","","","1","1","Banco do Brasil S.A.","2763","4","0000030006","3","BCO BRASIL - CONTA MOVIMENTO","19/01/2026 00:00:00","DEBITO_CONTA_CORRENTE","CONTA_BANCARIA","18","","265","16805","","","NE 18013/2025","SAIDA","8333.32","1407","147474.28","19016.5","87627.75","","3595443.34","5336.11","2243042.88","36576.66","318469.79","556301.83","312487.67","842225.48","","","0","0","AutorizacaoPagamento{exercicioContabil=2026, numero=265, Juridicionado=01 - PREFEITURA MUNICIPAL DE VARGEM GRANDE DO SUL}","","2026","1210","","","1","Tesouro","","","111","REMUNERAÇÃO DE APLICAÇÕES FINANCEIRAS","0","","111.0000","1","1","Banco do Brasil S.A.","2763","4","0000030006","3","BCO BRASIL - CONTA MOVIMENTO","30/01/2026 00:00:00","RENTABILIDADE","1","160","","","Rendimentos","ENTRADA","5336.11"
"2026","1210","","1210","","","","","1","Tesouro","","","","110","GERAL","0","","","1","1","Banco do Brasil S.A.","2763","4","0000030006","3","BCO BRASIL - CONTA MOVIMENTO","20/01/2026 00:00:00","DEBITO_CONTA_CORRENTE","CONTA_BANCARIA","1","","","","","725","ANULACAO CONTAB. AUTOMÁTICA - RECEB. DA GUIA ORÇAMENTÁRIA: 387","SAIDA","563.69","1407","147474.28","18452.81","87627.75","","3595443.34","5336.11","2243042.88","36576.66","318469.79","556301.83","312487.67","842225.48","","","0","0","","","2026","1210","","","1","Tesouro","","","111","REMUNERAÇÃO DE APLICAÇÕES FINANCEIRAS","0","","111.0000","1","1","Banco do Brasil S.A.","2763","4","0000030006","3","BCO BRASIL - CONTA MOVIMENTO","30/01/2026 00:00:00","RENTABILIDADE","1","160","","","Rendimentos","ENTRADA","5336.11"
"2026","1210","","1210","","","","","1","Tesouro","","","","110","GERAL","0","","","1","1","Banco do Brasil S.A.","2763","4","0000030006","3","BCO BRASIL - CONTA MOVIMENTO","20/01/2026 00:00:00","DEBITO_CONTA_CORRENTE","CONTA_BANCARIA","1","","","","","725","ANULACAO CONTAB. AUTOMÁTICA - RECEB. DA GUIA ORÇAMENTÁRIA: 387","SAIDA","0.15","1407","147474.28","18452.66","87627.75","","3595443.34","5336.11","2243042.88","36576.66","318469.79","556301.83","312487.67","842225.48","","","0","0","","","2026","1210","","","1","Tesouro","","","111","REMUNERAÇÃO DE APLICAÇÕES FINANCEIRAS","0","","111.0000","1","1","Banco do Brasil S.A.","2763","4","0000030006","3","BCO BRASIL - CONTA MOVIMENTO","30/01/2026 00:00:00","RENTABILIDADE","1","160","","","Rendimentos","ENTRADA","5336.11"
"2026","1210","","1210","","","","","1","Tesouro","","","","110","GERAL","0","","","1","1","Banco do Brasil S.A.","2763","4","0000030006","3","BCO BRASIL - CONTA MOVIMENTO","20/01/2026 00:00:00","DEBITO_CONTA_CORRENTE","CONTA_BANCARIA","1","","","","","725","ANULACAO CONTAB. AUTOMÁTICA - RECEB. DA GUIA ORÇAMENTÁRIA: 387","SAIDA","123.45","1407","147474.28","18329.21","87627.75","","3595443.34","5336.11","2243042.88","36576.66","318469.79","556301.83","312487.67","842225.48","","","0","0","","","2026","1210","","","1","Tesouro","","","111","REMUNERAÇÃO DE APLICAÇÕES FINANCEIRAS","0","","111.0000","1","1","Banco do Brasil S.A.","2763","4","0000030006","3","BCO BRASIL - CONTA MOVIMENTO","30/01/2026 00:00:00","RENTABILIDADE","1","160","","","Rendimentos","ENTRADA","5336.11"
"2026","1210","","1210","","","","","1","Tesouro","","","","110","GERAL","0","","","1","1","Banco do Brasil S.A.","2763","4","0000030006","3","BCO BRASIL - CONTA MOVIMENTO","20/01/2026 00:00:00","DEBITO_CONTA_CORRENTE","CONTA_BANCARIA","1","","","","","725","ANULACAO CONTAB. AUTOMÁTICA - RECEB. DA GUIA ORÇAMENTÁRIA: 387","SAIDA","2819.95","1407","147474.28","15509.26","87627.75","","3595443.34","5336.11","2243042.88","36576.66","318469.79","556301.83","312487.67","842225.48","","","0","0","","","2026","1210","","","1","Tesouro","","","111","REMUNERAÇÃO DE APLICAÇÕES FINANCEIRAS","0","","111.0000","1","1","Banco do Brasil S.A.","2763","4","0000030006","3","BCO BRASIL - CONTA MOVIMENTO","30/01/2026 00:00:00","RENTABILIDADE","1","160","","","Rendimentos","ENTRADA","5336.11"
"2026","1210","","1210","","","","","1","Tesouro","","","","110","GERAL","0","","","1","1","Banco do Brasil S.A.","2763","4","0000030006","3","BCO BRASIL - CONTA MOVIMENTO","20/01/2026 00:00:00","DEBITO_CONTA_CORRENTE","CONTA_BANCARIA","1","","","","","725","ANULACAO CONTAB. AUTOMÁTICA - RECEB. DA GUIA ORÇAMENTÁRIA: 387","SAIDA","162","1407","147474.28","15347.26","87627.75","","3595443.34","5336.11","2243042.88","36576.66","318469.79","556301.83","312487.67","842225.48","","","0","0","","","2026","1210","","","1","Tesouro","","","111","REMUNERAÇÃO DE APLICAÇÕES FINANCEIRAS","0","","111.0000","1","1","Banco do Brasil S.A.","2763","4","0000030006","3","BCO BRASIL - CONTA MOVIMENTO","30/01/2026 00:00:00","RENTABILIDADE","1","160","","","Rendimentos","ENTRADA","5336.11"
"2026","1210","","1210","","","","","1","Tesouro","","","","110","GERAL","0","","","1","1","Banco do Brasil S.A.","2763","4","0000030006","3","BCO BRASIL - CONTA MOVIMENTO","20/01/2026 00:00:00","DEBITO_CONTA_CORRENTE","CONTA_BANCARIA","1","","","","","725","ANULACAO CONTAB. AUTOMÁTICA - RECEB. DA GUIA ORÇAMENTÁRIA: 387","SAIDA","7.82","1407","147474.28","15339.44","87627.75","","3595443.34","5336.11","2243042.88","36576.66","318469.79","556301.83","312487.67","842225.48","","","0","0","","","2026","1210","","","1","Tesouro","","","111","REMUNERAÇÃO DE APLICAÇÕES FINANCEIRAS","0","","111.0000","1","1","Banco do Brasil S.A.","2763","4","0000030006","3","BCO BRASIL - CONTA MOVIMENTO","30/01/2026 00:00:00","RENTABILIDADE","1","160","","","Rendimentos","ENTRADA","5336.11"
"2026","1210","","1210","","","","","1","Tesouro","","","","110","GERAL","0","","","1","1","Banco do Brasil S.A.","2763","4","0000030006","3","BCO BRASIL - CONTA MOVIMENTO","20/01/2026 00:00:00","DEBITO_CONTA_CORRENTE","CONTA_BANCARIA","1","","","","","725","ANULACAO CONTAB. AUTOMÁTICA - RECEB. DA GUIA ORÇAMENTÁRIA: 387","SAIDA","818.73","1407","147474.28","14520.71","87627.75","","3595443.34","5336.11","2243042.88","36576.66","318469.79","556301.83","312487.67","842225.48","","","0","0","","","2026","1210","","","1","Tesouro","","","111","REMUNERAÇÃO DE APLICAÇÕES FINANCEIRAS","0","","111.0000","1","1","Banco do Brasil S.A.","2763","4","0000030006","3","BCO BRASIL - CONTA MOVIMENTO","30/01/2026 00:00:00","RENTABILIDADE","1","160","","","Rendimentos","ENTRADA","5336.11"
"2026","1210","","1210","","","","","1","Tesouro","","","","110","GERAL","0","","","1","1","Banco do Brasil S.A.","2763","4","0000030006","3","BCO BRASIL - CONTA MOVIMENTO","20/01/2026 00:00:00","CREDITO_CONTA_CORRENTE","CONTA_BANCARIA","1","387","","","","","CONTAB. AUTOMÁTICA - RECEB. DA GUIA ORÇAMENTÁRIA: 387","ENTRADA","7269.5","1407","147474.28","21790.21","87627.75","","3595443.34","5336.11","2243042.88","36576.66","318469.79","556301.83","312487.67","842225.48","","","0","0","","","2026","1210","","","1","Tesouro","","","111","REMUNERAÇÃO DE APLICAÇÕES FINANCEIRAS","0","","111.0000","1","1","Banco do Brasil S.A.","2763","4","0000030006","3","BCO BRASIL - CONTA MOVIMENTO","30/01/2026 00:00:00","RENTABILIDADE","1","160","","","Rendimentos","ENTRADA","5336.11"
"2026","1210","","1210","","","","","1","Tesouro","","","","110","GERAL","0","","","1","1","Banco do Brasil S.A.","2763","4","0000030006","3","BCO BRASIL - CONTA MOVIMENTO","20/01/2026 00:00:00","DEBITO_CONTA_CORRENTE","CONTA_BANCARIA","1","","","","","725","ANULACAO CONTAB. AUTOMÁTICA - RECEB. DA GUIA ORÇAMENTÁRIA: 387","SAIDA","234","1407","147474.28","21556.21","87627.75","","3595443.34","5336.11","2243042.88","36576.66","318469.79","556301.83","312487.67","842225.48","","","0","0","","","2026","1210","","","1","Tesouro","","","111","REMUNERAÇÃO DE APLICAÇÕES FINANCEIRAS","0","","111.0000","1","1","Banco do Brasil S.A.","2763","4","0000030006","3","BCO BRASIL - CONTA MOVIMENTO","30/01/2026 00:00:00","RENTABILIDADE","1","160","","","Rendimentos","ENTRADA","5336.11"
"2026","1210","","1210","","","","","1","Tesouro","","","","110","GERAL","0","","","1","1","Banco do Brasil S.A.","2763","4","0000030006","3","BCO BRASIL - CONTA MOVIMENTO","20/01/2026 00:00:00","DEBITO_CONTA_CORRENTE","CONTA_BANCARIA","1","","","","","725","ANULACAO CONTAB. AUTOMÁTICA - RECEB. DA GUIA ORÇAMENTÁRIA: 387","SAIDA","1085.53","1407","147474.28","20470.68","87627.75","","3595443.34","5336.11","2243042.88","36576.66","318469.79","556301.83","312487.67","842225.48","","","0","0","","","2026","1210","","","1","Tesouro","","","111","REMUNERAÇÃO DE APLICAÇÕES FINANCEIRAS","0","","111.0000","1","1","Banco do Brasil S.A.","2763","4","0000030006","3","BCO BRASIL - CONTA MOVIMENTO","30/01/2026 00:00:00","RENTABILIDADE","1","160","","","Rendimentos","ENTRADA","5336.11"
"2026","1210","","1210","","","","","1","Tesouro","","","","110","GERAL","0","","","1","1","Banco do Brasil S.A.","2763","4","0000030006","3","BCO BRASIL - CONTA MOVIMENTO","20/01/2026 00:00:00","DEBITO_CONTA_CORRENTE","CONTA_BANCARIA","1","","","","","725","ANULACAO CONTAB. AUTOMÁTICA - RECEB. DA GUIA ORÇAMENTÁRIA: 387","SAIDA","28.52","1407","147474.28","20442.16","87627.75","","3595443.34","5336.11","2243042.88","36576.66","318469.79","556301.83","312487.67","842225.48","","","0","0","","","2026","1210","","","1","Tesouro","","","111","REMUNERAÇÃO DE APLICAÇÕES FINANCEIRAS","0","","111.0000","1","1","Banco do Brasil S.A.","2763","4","0000030006","3","BCO BRASIL - CONTA MOVIMENTO","30/01/2026 00:00:00","RENTABILIDADE","1","160","","","Rendimentos","ENTRADA","5336.11"
"2026","1210","","1210","","","","","1","Tesouro","","","","110","GERAL","0","","","1","1","Banco do Brasil S.A.","2763","4","0000030006","3","BCO BRASIL - CONTA MOVIMENTO","20/01/2026 00:00:00","DEBITO_CONTA_CORRENTE","CONTA_BANCARIA","1","","","","","725","ANULACAO CONTAB. AUTOMÁTICA - RECEB. DA GUIA ORÇAMENTÁRIA: 387","SAIDA","4.61","1407","147474.28","20437.55","87627.75","","3595443.34","5336.11","2243042.88","36576.66","318469.79","556301.83","312487.67","842225.48","","","0","0","","","2026","1210","","","1","Tesouro","","","111","REMUNERAÇÃO DE APLICAÇÕES FINANCEIRAS","0","","111.0000","1","1","Banco do Brasil S.A.","2763","4","0000030006","3","BCO BRASIL - CONTA MOVIMENTO","30/01/2026 00:00:00","RENTABILIDADE","1","160","","","Rendimentos","ENTRADA","5336.11"
"2026","1210","","1210","","","","","1","Tesouro","","","","110","GERAL","0","","","1","1","Banco do Brasil S.A.","2763","4","0000030006","3","BCO BRASIL - CONTA MOVIMENTO","20/01/2026 00:00:00","DEBITO_CONTA_CORRENTE","CONTA_BANCARIA","1","","","","","725","ANULACAO CONTAB. AUTOMÁTICA - RECEB. DA GUIA ORÇAMENTÁRIA: 387","SAIDA","756","1407","147474.28","19681.55","87627.75","","3595443.34","5336.11","2243042.88","36576.66","318469.79","556301.83","312487.67","842225.48","","","0","0","","","2026","1210","","","1","Tesouro","","","111","REMUNERAÇÃO DE APLICAÇÕES FINANCEIRAS","0","","111.0000","1","1","Banco do Brasil S.A.","2763","4","0000030006","3","BCO BRASIL - CONTA MOVIMENTO","30/01/2026 00:00:00","RENTABILIDADE","1","160","","","Rendimentos","ENTRADA","5336.11"
"2026","1210","","1210","","","","","1","Tesouro","","","","110","GERAL","0","","","1","1","Banco do Brasil S.A.","2763","4","0000030006","3","BCO BRASIL - CONTA MOVIMENTO","20/01/2026 00:00:00","CREDITO_CONTA_CORRENTE","CONTA_BANCARIA","1","15","","","","","LANÇAMENTO DE GUIA DE TRANSFERÊNCIAS GOVERNAMENTAIS","ENTRADA","496305.48","1407","147474.28","515987.03","87627.75","","3595443.34","5336.11","2243042.88","36576.66","318469.79","556301.83","312487.67","842225.48","","","0","0","","","2026","1210","","","1","Tesouro","","","111","REMUNERAÇÃO DE APLICAÇÕES FINANCEIRAS","0","","111.0000","1","1","Banco do Brasil S.A.","2763","4","0000030006","3","BCO BRASIL - CONTA MOVIMENTO","30/01/2026 00:00:00","RENTABILIDADE","1","160","","","Rendimentos","ENTRADA","5336.11"
"2026","1210","","1210","","","","","1","Tesouro","","","","110","GERAL","0","","","1","1","Banco do Brasil S.A.","2763","4","0000030006","3","BCO BRASIL - CONTA MOVIMENTO","20/01/2026 00:00:00","DEBITO_CONTA_CORRENTE","CONTA_BANCARIA","1","","","","","725","ANULACAO CONTAB. AUTOMÁTICA - RECEB. DA GUIA ORÇAMENTÁRIA: 387","SAIDA","158.83","1407","147474.28","515828.2","87627.75","","3595443.34","5336.11","2243042.88","36576.66","318469.79","556301.83","312487.67","842225.48","","","0","0","","","2026","1210","","","1","Tesouro","","","111","REMUNERAÇÃO DE APLICAÇÕES FINANCEIRAS","0","","111.0000","1","1","Banco do Brasil S.A.","2763","4","0000030006","3","BCO BRASIL - CONTA MOVIMENTO","30/01/2026 00:00:00","RENTABILIDADE","1","160","","","Rendimentos","ENTRADA","5336.11"
"2026","1210","","1210","","","","","1","Tesouro","","","","110","GERAL","0","","","1","1","Banco do Brasil S.A.","2763","4","0000030006","3","BCO BRASIL - CONTA MOVIMENTO","20/01/2026 00:00:00","DEBITO_CONTA_CORRENTE","CONTA_BANCARIA","1","","","","","725","ANULACAO CONTAB. AUTOMÁTICA - RECEB. DA GUIA ORÇAMENTÁRIA: 387","SAIDA","183.42","1407","147474.28","515644.78","87627.75","","3595443.34","5336.11","2243042.88","36576.66","318469.79","556301.83","312487.67","842225.48","","","0","0","","","2026","1210","","","1","Tesouro","","","111","REMUNERAÇÃO DE APLICAÇÕES FINANCEIRAS","0","","111.0000","1","1","Banco do Brasil S.A.","2763","4","0000030006","3","BCO BRASIL - CONTA MOVIMENTO","30/01/2026 00:00:00","RENTABILIDADE","1","160","","","Rendimentos","ENTRADA","5336.11"
"2026","1210","","1210","","","","","1","Tesouro","","","","110","GERAL","0","","","1","1","Banco do Brasil S.A.","2763","4","0000030006","3","BCO BRASIL - CONTA MOVIMENTO","20/01/2026 00:00:00","DEBITO_CONTA_CORRENTE","CONTA_BANCARIA","1","","22","16552","","","NE 571/2026","SAIDA","1703.41","1407","147474.28","513941.37","87627.75","","3595443.34","5336.11","2243042.88","36576.66","318469.79","556301.83","312487.67","842225.48","","","0","0","AutorizacaoPagamento{exercicioContabil=2026, numero=22, Juridicionado=01 - PREFEITURA MUNICIPAL DE VARGEM GRANDE DO SUL}","","2026","1210","","","1","Tesouro","","","111","REMUNERAÇÃO DE APLICAÇÕES FINANCEIRAS","0","","111.0000","1","1","Banco do Brasil S.A.","2763","4","0000030006","3","BCO BRASIL - CONTA MOVIMENTO","30/01/2026 00:00:00","RENTABILIDADE","1","160","","","Rendimentos","ENTRADA","5336.11"
"2026","1210","","1210","","","","","1","Tesouro","","","","110","GERAL","0","","","1","1","Banco do Brasil S.A.","2763","4","0000030006","3","BCO BRASIL - CONTA MOVIMENTO","20/01/2026 00:00:00","DEBITO_CONTA_CORRENTE","CONTA_BANCARIA","1","","","","","725","ANULACAO CONTAB. AUTOMÁTICA - RECEB. DA GUIA ORÇAMENTÁRIA: 387","SAIDA","322.8","1407","147474.28","513618.57","87627.75","","3595443.34","5336.11","2243042.88","36576.66","318469.79","556301.83","312487.67","842225.48","","","0","0","","","2026","1210","","","1","Tesouro","","","111","REMUNERAÇÃO DE APLICAÇÕES FINANCEIRAS","0","","111.0000","1","1","Banco do Brasil S.A.","2763","4","0000030006","3","BCO BRASIL - CONTA MOVIMENTO","30/01/2026 00:00:00","RENTABILIDADE","1","160","","","Rendimentos","ENTRADA","5336.11"
"2026","1210","","1210","","","","","19","RECURSOS EXTRAÓRÇAMENTÁRIOS","","","","190","MOVIMENTAÇÕES EXTRAORÇAMENTÁRIAS GERAL","0","","","1","1","Banco do Brasil S.A.","2763","4","0000030006","3","BCO BRASIL - CONTA MOVIMENTO","20/01/2026 00:00:00","DEBITO_CONTA_CORRENTE","CONTA_BANCARIA","2","","","","","","ANULACAO CONTAB. AUTOMÁTICA - RECEB. DA GUIA EXTRA-ORÇAMENTÁRIA: 37","SAIDA","32.5","1407","147474.28","513586.07","87627.75","","3595443.34","5336.11","2243042.88","36576.66","318469.79","556301.83","312487.67","842225.48","","","0","0","","","2026","1210","","","1","Tesouro","","","111","REMUNERAÇÃO DE APLICAÇÕES FINANCEIRAS","0","","111.0000","1","1","Banco do Brasil S.A.","2763","4","0000030006","3","BCO BRASIL - CONTA MOVIMENTO","30/01/2026 00:00:00","RENTABILIDADE","1","160","","","Rendimentos","ENTRADA","5336.11"
"2026","1210","","1210","","","","","19","RECURSOS EXTRAÓRÇAMENTÁRIOS","","","","190","MOVIMENTAÇÕES EXTRAORÇAMENTÁRIAS GERAL","0","","","1","1","Banco do Brasil S.A.","2763","4","0000030006","3","BCO BRASIL - CONTA MOVIMENTO","20/01/2026 00:00:00","CREDITO_CONTA_CORRENTE","CONTA_BANCARIA","2","37","","","","","CONTAB. AUTOMÁTICA - RECEB. DA GUIA EXTRA-ORÇAMENTÁRIA: 37","ENTRADA","32.5","1407","147474.28","513618.57","87627.75","","3595443.34","5336.11","2243042.88","36576.66","318469.79","556301.83","312487.67","842225.48","","","0","0","","","2026","1210","","","1","Tesouro","","","111","REMUNERAÇÃO DE APLICAÇÕES FINANCEIRAS","0","","111.0000","1","1","Banco do Brasil S.A.","2763","4","0000030006","3","BCO BRASIL - CONTA MOVIMENTO","30/01/2026 00:00:00","RENTABILIDADE","1","160","","","Rendimentos","ENTRADA","5336.11"
"2026","1210","","1210","","","","","1","Tesouro","","","","110","GERAL","0","","","1","1","Banco do Brasil S.A.","2763","4","0000030006","3","BCO BRASIL - CONTA MOVIMENTO","20/01/2026 00:00:00","DEBITO_CONTA_CORRENTE","CONTA_BANCARIA","2","","50","16583","","","NE 560, 561","SAIDA","1507.54","1407","147474.28","512111.03","87627.75","","3595443.34","5336.11","2243042.88","36576.66","318469.79","556301.83","312487.67","842225.48","","","0","0","AutorizacaoPagamento{exercicioContabil=2026, numero=50, Juridicionado=01 - PREFEITURA MUNICIPAL DE VARGEM GRANDE DO SUL}","","2026","1210","","","1","Tesouro","","","111","REMUNERAÇÃO DE APLICAÇÕES FINANCEIRAS","0","","111.0000","1","1","Banco do Brasil S.A.","2763","4","0000030006","3","BCO BRASIL - CONTA MOVIMENTO","30/01/2026 00:00:00","RENTABILIDADE","1","160","","","Rendimentos","ENTRADA","5336.11"
"2026","1210","","1210","","","","","1","Tesouro","","","","110","GERAL","0","","","1","1","Banco do Brasil S.A.","2763","4","0000030006","3","BCO BRASIL - CONTA MOVIMENTO","20/01/2026 00:00:00","CREDITO_CONTA_CORRENTE","CONTA_BANCARIA","2","132","","","","","LANÇAMENTO DE RECEITA","ENTRADA","142.84","1407","147474.28","512253.87","87627.75","","3595443.34","5336.11","2243042.88","36576.66","318469.79","556301.83","312487.67","842225.48","","","0","0","","","2026","1210","","","1","Tesouro","","","111","REMUNERAÇÃO DE APLICAÇÕES FINANCEIRAS","0","","111.0000","1","1","Banco do Brasil S.A.","2763","4","0000030006","3","BCO BRASIL - CONTA MOVIMENTO","30/01/2026 00:00:00","RENTABILIDADE","1","160","","","Rendimentos","ENTRADA","5336.11"
"2026","1210","","1210","","","","","1","Tesouro","","","","110","GERAL","0","","","1","1","Banco do Brasil S.A.","2763","4","0000030006","3","BCO BRASIL - CONTA MOVIMENTO","20/01/2026 00:00:00","DEBITO_CONTA_CORRENTE","CONTA_BANCARIA","3","","51","16584","","","NE 558/2026","SAIDA","287.28","1407","147474.28","511966.59","87627.75","","3595443.34","5336.11","2243042.88","36576.66","318469.79","556301.83","312487.67","842225.48","","","0","0","AutorizacaoPagamento{exercicioContabil=2026, numero=51, Juridicionado=01 - PREFEITURA MUNICIPAL DE VARGEM GRANDE DO SUL}","","2026","1210","","","1","Tesouro","","","111","REMUNERAÇÃO DE APLICAÇÕES FINANCEIRAS","0","","111.0000","1","1","Banco do Brasil S.A.","2763","4","0000030006","3","BCO BRASIL - CONTA MOVIMENTO","30/01/2026 00:00:00","RENTABILIDADE","1","160","","","Rendimentos","ENTRADA","5336.11"
"2026","1210","","1210","","","","","1","Tesouro","","","","110","GERAL","0","","","1","1","Banco do Brasil S.A.","2763","4","0000030006","3","BCO BRASIL - CONTA MOVIMENTO","20/01/2026 00:00:00","CREDITO_CONTA_CORRENTE","CONTA_BANCARIA","3","822","","","","","CONTAB. AUTOMÁTICA - RECEB. DA GUIA ORÇAMENTÁRIA: 822","ENTRADA","7269.5","1407","147474.28","519236.09","87627.75","","3595443.34","5336.11","2243042.88","36576.66","318469.79","556301.83","312487.67","842225.48","","","0","0","","","2026","1210","","","1","Tesouro","","","111","REMUNERAÇÃO DE APLICAÇÕES FINANCEIRAS","0","","111.0000","1","1","Banco do Brasil S.A.","2763","4","0000030006","3","BCO BRASIL - CONTA MOVIMENTO","30/01/2026 00:00:00","RENTABILIDADE","1","160","","","Rendimentos","ENTRADA","5336.11"
"2026","1210","","1210","","","","","19","RECURSOS EXTRAÓRÇAMENTÁRIOS","","","","190","MOVIMENTAÇÕES EXTRAORÇAMENTÁRIAS GERAL","0","","","1","1","Banco do Brasil S.A.","2763","4","0000030006","3","BCO BRASIL - CONTA MOVIMENTO","20/01/2026 00:00:00","CREDITO_CONTA_CORRENTE","CONTA_BANCARIA","4","144","","","","","CONTAB. AUTOMÁTICA - RECEB. DA GUIA EXTRA-ORÇAMENTÁRIA: 144","ENTRADA","32.5","1407","147474.28","519268.59","87627.75","","3595443.34","5336.11","2243042.88","36576.66","318469.79","556301.83","312487.67","842225.48","","","0","0","","","2026","1210","","","1","Tesouro","","","111","REMUNERAÇÃO DE APLICAÇÕES FINANCEIRAS","0","","111.0000","1","1","Banco do Brasil S.A.","2763","4","0000030006","3","BCO BRASIL - CONTA MOVIMENTO","30/01/2026 00:00:00","RENTABILIDADE","1","160","","","Rendimentos","ENTRADA","5336.11"
"2026","1210","","1210","","","","","1","Tesouro","","","","110","GERAL","0","","","1","1","Banco do Brasil S.A.","2763","4","0000030006","3","BCO BRASIL - CONTA MOVIMENTO","20/01/2026 00:00:00","DEBITO_CONTA_CORRENTE","CONTA_BANCARIA","4","","52","16585","","","NE 559/2026","SAIDA","3400.85","1407","147474.28","515867.74","87627.75","","3595443.34","5336.11","2243042.88","36576.66","318469.79","556301.83","312487.67","842225.48","","","0","0","AutorizacaoPagamento{exercicioContabil=2026, numero=52, Juridicionado=01 - PREFEITURA MUNICIPAL DE VARGEM GRANDE DO SUL}","","2026","1210","","","1","Tesouro","","","111","REMUNERAÇÃO DE APLICAÇÕES FINANCEIRAS","0","","111.0000","1","1","Banco do Brasil S.A.","2763","4","0000030006","3","BCO BRASIL - CONTA MOVIMENTO","30/01/2026 00:00:00","RENTABILIDADE","1","160","","","Rendimentos","ENTRADA","5336.11"
"2026","1210","","1210","","","","","1","Tesouro","","","","110","GERAL","0","","","1","1","Banco do Brasil S.A.","2763","4","0000030006","3","BCO BRASIL - CONTA MOVIMENTO","20/01/2026 00:00:00","DEBITO_CONTA_CORRENTE","CONTA_BANCARIA","5","","53","16586","","","NE 555/2026","SAIDA","158.63","1407","147474.28","515709.11","87627.75","","3595443.34","5336.11","2243042.88","36576.66","318469.79","556301.83","312487.67","842225.48","","","0","0","AutorizacaoPagamento{exercicioContabil=2026, numero=53, Juridicionado=01 - PREFEITURA MUNICIPAL DE VARGEM GRANDE DO SUL}","","2026","1210","","","1","Tesouro","","","111","REMUNERAÇÃO DE APLICAÇÕES FINANCEIRAS","0","","111.0000","1","1","Banco do Brasil S.A.","2763","4","0000030006","3","BCO BRASIL - CONTA MOVIMENTO","30/01/2026 00:00:00","RENTABILIDADE","1","160","","","Rendimentos","ENTRADA","5336.11"
"2026","1210","","1210","","","","","1","Tesouro","","","","110","GERAL","0","","","1","1","Banco do Brasil S.A.","2763","4","0000030006","3","BCO BRASIL - CONTA MOVIMENTO","20/01/2026 00:00:00","DEBITO_CONTA_CORRENTE","CONTA_BANCARIA","6","","54","16587","","","NE 557/2026","SAIDA","124","1407","147474.28","515585.11","87627.75","","3595443.34","5336.11","2243042.88","36576.66","318469.79","556301.83","312487.67","842225.48","","","0","0","AutorizacaoPagamento{exercicioContabil=2026, numero=54, Juridicionado=01 - PREFEITURA MUNICIPAL DE VARGEM GRANDE DO SUL}","","2026","1210","","","1","Tesouro","","","111","REMUNERAÇÃO DE APLICAÇÕES FINANCEIRAS","0","","111.0000","1","1","Banco do Brasil S.A.","2763","4","0000030006","3","BCO BRASIL - CONTA MOVIMENTO","30/01/2026 00:00:00","RENTABILIDADE","1","160","","","Rendimentos","ENTRADA","5336.11"
"2026","1210","","1210","","","","","1","Tesouro","","","","110","GERAL","0","","","1","1","Banco do Brasil S.A.","2763","4","0000030006","3","BCO BRASIL - CONTA MOVIMENTO","20/01/2026 00:00:00","DEBITO_CONTA_CORRENTE","CONTA_BANCARIA","7","","55","16588","","","NE 564/2026","SAIDA","356.51","1407","147474.28","515228.6","87627.75","","3595443.34","5336.11","2243042.88","36576.66","318469.79","556301.83","312487.67","842225.48","","","0","0","AutorizacaoPagamento{exercicioContabil=2026, numero=55, Juridicionado=01 - PREFEITURA MUNICIPAL DE VARGEM GRANDE DO SUL}","","2026","1210","","","1","Tesouro","","","111","REMUNERAÇÃO DE APLICAÇÕES FINANCEIRAS","0","","111.0000","1","1","Banco do Brasil S.A.","2763","4","0000030006","3","BCO BRASIL - CONTA MOVIMENTO","30/01/2026 00:00:00","RENTABILIDADE","1","160","","","Rendimentos","ENTRADA","5336.11"
"2026","1210","","1210","","","","","1","Tesouro","","","","510","ASSISTÊNCIA SOCIAL - GERAL","0","","","1","1","Banco do Brasil S.A.","2763","4","0000030006","3","BCO BRASIL - CONTA MOVIMENTO","20/01/2026 00:00:00","DEBITO_CONTA_CORRENTE","CONTA_BANCARIA","8","","71","16604","","","Nório Momoi Ltda","SAIDA","104.08","1407","147474.28","515124.52","87627.75","","3595443.34","5336.11","2243042.88","36576.66","318469.79","556301.83","312487.67","842225.48","","","0","0","AutorizacaoPagamento{exercicioContabil=2026, numero=71, Juridicionado=01 - PREFEITURA MUNICIPAL DE VARGEM GRANDE DO SUL}","","2026","1210","","","1","Tesouro","","","111","REMUNERAÇÃO DE APLICAÇÕES FINANCEIRAS","0","","111.0000","1","1","Banco do Brasil S.A.","2763","4","0000030006","3","BCO BRASIL - CONTA MOVIMENTO","30/01/2026 00:00:00","RENTABILIDADE","1","160","","","Rendimentos","ENTRADA","5336.11"
"2026","1210","","1210","","","","","1","Tesouro","","","","110","GERAL","0","","","1","1","Banco do Brasil S.A.","2763","4","0000030006","3","BCO BRASIL - CONTA MOVIMENTO","20/01/2026 00:00:00","DEBITO_CONTA_CORRENTE","CONTA_BANCARIA","9","","71","16604","","","Nório Momoi Ltda","SAIDA","1040.8","1407","147474.28","514083.72","87627.75","","3595443.34","5336.11","2243042.88","36576.66","318469.79","556301.83","312487.67","842225.48","","","0","0","AutorizacaoPagamento{exercicioContabil=2026, numero=71, Juridicionado=01 - PREFEITURA MUNICIPAL DE VARGEM GRANDE DO SUL}","","2026","1210","","","1","Tesouro","","","111","REMUNERAÇÃO DE APLICAÇÕES FINANCEIRAS","0","","111.0000","1","1","Banco do Brasil S.A.","2763","4","0000030006","3","BCO BRASIL - CONTA MOVIMENTO","30/01/2026 00:00:00","RENTABILIDADE","1","160","","","Rendimentos","ENTRADA","5336.11"
"2026","1210","","1210","","","","","1","Tesouro","","","","410","TRÂNSITO - SINALIZAÇÃO","0","","","1","1","Banco do Brasil S.A.","2763","4","0000030006","3","BCO BRASIL - CONTA MOVIMENTO","20/01/2026 00:00:00","DEBITO_CONTA_CORRENTE","CONTA_BANCARIA","10","","71","16604","","","Nório Momoi Ltda","SAIDA","260.2","1407","147474.28","513823.52","87627.75","","3595443.34","5336.11","2243042.88","36576.66","318469.79","556301.83","312487.67","842225.48","","","0","0","AutorizacaoPagamento{exercicioContabil=2026, numero=71, Juridicionado=01 - PREFEITURA MUNICIPAL DE VARGEM GRANDE DO SUL}","","2026","1210","","","1","Tesouro","","","111","REMUNERAÇÃO DE APLICAÇÕES FINANCEIRAS","0","","111.0000","1","1","Banco do Brasil S.A.","2763","4","0000030006","3","BCO BRASIL - CONTA MOVIMENTO","30/01/2026 00:00:00","RENTABILIDADE","1","160","","","Rendimentos","ENTRADA","5336.11"
"2026","1210","","1210","","","","","1","Tesouro","","","","110","GERAL","0","","","1","1","Banco do Brasil S.A.","2763","4","0000030006","3","BCO BRASIL - CONTA MOVIMENTO","20/01/2026 00:00:00","DEBITO_CONTA_CORRENTE","CONTA_BANCARIA","11","","73","16606","","","NE 16821/2025","SAIDA","917.06","1407","147474.28","512906.46","87627.75","","3595443.34","5336.11","2243042.88","36576.66","318469.79","556301.83","312487.67","842225.48","","","0","0","AutorizacaoPagamento{exercicioContabil=2026, numero=73, Juridicionado=01 - PREFEITURA MUNICIPAL DE VARGEM GRANDE DO SUL}","","2026","1210","","","1","Tesouro","","","111","REMUNERAÇÃO DE APLICAÇÕES FINANCEIRAS","0","","111.0000","1","1","Banco do Brasil S.A.","2763","4","0000030006","3","BCO BRASIL - CONTA MOVIMENTO","30/01/2026 00:00:00","RENTABILIDADE","1","160","","","Rendimentos","ENTRADA","5336.11"
"2026","1210","","1210","","","","","1","Tesouro","","","","110","GERAL","0","","","1","1","Banco do Brasil S.A.","2763","4","0000030006","3","BCO BRASIL - CONTA MOVIMENTO","20/01/2026 00:00:00","DEBITO_CONTA_CORRENTE","CONTA_BANCARIA","12","","74","16607","","","NE 3194/2025","SAIDA","4046","1407","147474.28","508860.46","87627.75","","3595443.34","5336.11","2243042.88","36576.66","318469.79","556301.83","312487.67","842225.48","","","0","0","AutorizacaoPagamento{exercicioContabil=2026, numero=74, Juridicionado=01 - PREFEITURA MUNICIPAL DE VARGEM GRANDE DO SUL}","","2026","1210","","","1","Tesouro","","","111","REMUNERAÇÃO DE APLICAÇÕES FINANCEIRAS","0","","111.0000","1","1","Banco do Brasil S.A.","2763","4","0000030006","3","BCO BRASIL - CONTA MOVIMENTO","30/01/2026 00:00:00","RENTABILIDADE","1","160","","","Rendimentos","ENTRADA","5336.11"
"2026","1210","","1210","","","","","1","Tesouro","","","","110","GERAL","0","","","1","1","Banco do Brasil S.A.","2763","4","0000030006","3","BCO BRASIL - CONTA MOVIMENTO","20/01/2026 00:00:00","DEBITO_CONTA_CORRENTE","CONTA_BANCARIA","13","","75","16608","","","NE 17965, 17981","SAIDA","49.12","1407","147474.28","508811.34","87627.75","","3595443.34","5336.11","2243042.88","36576.66","318469.79","556301.83","312487.67","842225.48","","","0","0","AutorizacaoPagamento{exercicioContabil=2026, numero=75, Juridicionado=01 - PREFEITURA MUNICIPAL DE VARGEM GRANDE DO SUL}","","2026","1210","","","1","Tesouro","","","111","REMUNERAÇÃO DE APLICAÇÕES FINANCEIRAS","0","","111.0000","1","1","Banco do Brasil S.A.","2763","4","0000030006","3","BCO BRASIL - CONTA MOVIMENTO","30/01/2026 00:00:00","RENTABILIDADE","1","160","","","Rendimentos","ENTRADA","5336.11"
"2026","1210","","1210","","","","","1","Tesouro","","","","110","GERAL","0","","","1","1","Banco do Brasil S.A.","2763","4","0000030006","3","BCO BRASIL - CONTA MOVIMENTO","20/01/2026 00:00:00","DEBITO_CONTA_CORRENTE","CONTA_BANCARIA","14","","78","16611","","","NE 17966, 17976, 17988","SAIDA","128.14","1407","147474.28","508683.2","87627.75","","3595443.34","5336.11","2243042.88","36576.66","318469.79","556301.83","312487.67","842225.48","","","0","0","AutorizacaoPagamento{exercicioContabil=2026, numero=78, Juridicionado=01 - PREFEITURA MUNICIPAL DE VARGEM GRANDE DO SUL}","","2026","1210","","","1","Tesouro","","","111","REMUNERAÇÃO DE APLICAÇÕES FINANCEIRAS","0","","111.0000","1","1","Banco do Brasil S.A.","2763","4","0000030006","3","BCO BRASIL - CONTA MOVIMENTO","30/01/2026 00:00:00","RENTABILIDADE","1","160","","","Rendimentos","ENTRADA","5336.11"
"2026","1210","","1210","","","","","1","Tesouro","","","","110","GERAL","0","","","1","1","Banco do Brasil S.A.","2763","4","0000030006","3","BCO BRASIL - CONTA MOVIMENTO","20/01/2026 00:00:00","DEBITO_CONTA_CORRENTE","CONTA_BANCARIA","15","","240","16780","","","NE 12623/2025","SAIDA","6627.48","1407","147474.28","502055.72","87627.75","","3595443.34","5336.11","2243042.88","36576.66","318469.79","556301.83","312487.67","842225.48","","","0","0","AutorizacaoPagamento{exercicioContabil=2026, numero=240, Juridicionado=01 - PREFEITURA MUNICIPAL DE VARGEM GRANDE DO SUL}","","2026","1210","","","1","Tesouro","","","111","REMUNERAÇÃO DE APLICAÇÕES FINANCEIRAS","0","","111.0000","1","1","Banco do Brasil S.A.","2763","4","0000030006","3","BCO BRASIL - CONTA MOVIMENTO","30/01/2026 00:00:00","RENTABILIDADE","1","160","","","Rendimentos","ENTRADA","5336.11"
"2026","1210","","1210","","","","","1","Tesouro","","","","110","GERAL","0","","","1","1","Banco do Brasil S.A.","2763","4","0000030006","3","BCO BRASIL - CONTA MOVIMENTO","20/01/2026 00:00:00","DEBITO_CONTA_CORRENTE","CONTA_BANCARIA","16","","241","16781","","","NE 13914/2025","SAIDA","33.72","1407","147474.28","502022","87627.75","","3595443.34","5336.11","2243042.88","36576.66","318469.79","556301.83","312487.67","842225.48","","","0","0","AutorizacaoPagamento{exercicioContabil=2026, numero=241, Juridicionado=01 - PREFEITURA MUNICIPAL DE VARGEM GRANDE DO SUL}","","2026","1210","","","1","Tesouro","","","111","REMUNERAÇÃO DE APLICAÇÕES FINANCEIRAS","0","","111.0000","1","1","Banco do Brasil S.A.","2763","4","0000030006","3","BCO BRASIL - CONTA MOVIMENTO","30/01/2026 00:00:00","RENTABILIDADE","1","160","","","Rendimentos","ENTRADA","5336.11"
"2026","1210","","1210","","","","","1","Tesouro","","","","110","GERAL","0","","","1","1","Banco do Brasil S.A.","2763","4","0000030006","3","BCO BRASIL - CONTA MOVIMENTO","20/01/2026 00:00:00","DEBITO_CONTA_CORRENTE","CONTA_BANCARIA","17","","242","16782","","","NE 573/2026","SAIDA","570.9","1407","147474.28","501451.1","87627.75","","3595443.34","5336.11","2243042.88","36576.66","318469.79","556301.83","312487.67","842225.48","","","0","0","AutorizacaoPagamento{exercicioContabil=2026, numero=242, Juridicionado=01 - PREFEITURA MUNICIPAL DE VARGEM GRANDE DO SUL}","","2026","1210","","","1","Tesouro","","","111","REMUNERAÇÃO DE APLICAÇÕES FINANCEIRAS","0","","111.0000","1","1","Banco do Brasil S.A.","2763","4","0000030006","3","BCO BRASIL - CONTA MOVIMENTO","30/01/2026 00:00:00","RENTABILIDADE","1","160","","","Rendimentos","ENTRADA","5336.11"
"2026","1210","","1210","","","","","1","Tesouro","","","","110","GERAL","0","","","1","1","Banco do Brasil S.A.","2763","4","0000030006","3","BCO BRASIL - CONTA MOVIMENTO","20/01/2026 00:00:00","DEBITO_CONTA_CORRENTE","CONTA_BANCARIA","19","","249","16789","","","NE 10274/2025","SAIDA","712.31","1407","147474.28","500738.79","87627.75","","3595443.34","5336.11","2243042.88","36576.66","318469.79","556301.83","312487.67","842225.48","","","0","0","AutorizacaoPagamento{exercicioContabil=2026, numero=249, Juridicionado=01 - PREFEITURA MUNICIPAL DE VARGEM GRANDE DO SUL}","","2026","1210","","","1","Tesouro","","","111","REMUNERAÇÃO DE APLICAÇÕES FINANCEIRAS","0","","111.0000","1","1","Banco do Brasil S.A.","2763","4","0000030006","3","BCO BRASIL - CONTA MOVIMENTO","30/01/2026 00:00:00","RENTABILIDADE","1","160","","","Rendimentos","ENTRADA","5336.11"
"2026","1210","","1210","","","","","1","Tesouro","","","","110","GERAL","0","","","1","1","Banco do Brasil S.A.","2763","4","0000030006","3","BCO BRASIL - CONTA MOVIMENTO","20/01/2026 00:00:00","DEBITO_CONTA_CORRENTE","CONTA_BANCARIA","20","15","","","","","LANÇAMENTO DE GUIA DE TRANSFERÊNCIAS GOVERNAMENTAIS","SAIDA","99261.08","1407","147474.28","401477.71","87627.75","","3595443.34","5336.11","2243042.88","36576.66","318469.79","556301.83","312487.67","842225.48","","","0","0","","","2026","1210","","","1","Tesouro","","","111","REMUNERAÇÃO DE APLICAÇÕES FINANCEIRAS","0","","111.0000","1","1","Banco do Brasil S.A.","2763","4","0000030006","3","BCO BRASIL - CONTA MOVIMENTO","30/01/2026 00:00:00","RENTABILIDADE","1","160","","","Rendimentos","ENTRADA","5336.11"
"2026","1210","","1210","","","","","1","Tesouro","","","","110","GERAL","0","","","1","1","Banco do Brasil S.A.","2763","4","0000030006","3","BCO BRASIL - CONTA MOVIMENTO","20/01/2026 00:00:00","DEBITO_CONTA_CORRENTE","CONTA_BANCARIA","21","","873","17541","","","P J Campos Perina","SAIDA","1039.45","1407","147474.28","400438.26","87627.75","","3595443.34","5336.11","2243042.88","36576.66","318469.79","556301.83","312487.67","842225.48","","","0","0","AutorizacaoPagamento{exercicioContabil=2026, numero=873, Juridicionado=01 - PREFEITURA MUNICIPAL DE VARGEM GRANDE DO SUL}","","2026","1210","","","1","Tesouro","","","111","REMUNERAÇÃO DE APLICAÇÕES FINANCEIRAS","0","","111.0000","1","1","Banco do Brasil S.A.","2763","4","0000030006","3","BCO BRASIL - CONTA MOVIMENTO","30/01/2026 00:00:00","RENTABILIDADE","1","160","","","Rendimentos","ENTRADA","5336.11"
"2026","1210","","1210","","","","","1","Tesouro","","","","510","ASSISTÊNCIA SOCIAL - GERAL","0","","","1","1","Banco do Brasil S.A.","2763","4","0000030006","3","BCO BRASIL - CONTA MOVIMENTO","20/01/2026 00:00:00","DEBITO_CONTA_CORRENTE","CONTA_BANCARIA","22","","873","17541","","","P J Campos Perina","SAIDA","114.72","1407","147474.28","400323.54","87627.75","","3595443.34","5336.11","2243042.88","36576.66","318469.79","556301.83","312487.67","842225.48","","","0","0","AutorizacaoPagamento{exercicioContabil=2026, numero=873, Juridicionado=01 - PREFEITURA MUNICIPAL DE VARGEM GRANDE DO SUL}","","2026","1210","","","1","Tesouro","","","111","REMUNERAÇÃO DE APLICAÇÕES FINANCEIRAS","0","","111.0000","1","1","Banco do Brasil S.A.","2763","4","0000030006","3","BCO BRASIL - CONTA MOVIMENTO","30/01/2026 00:00:00","RENTABILIDADE","1","160","","","Rendimentos","ENTRADA","5336.11"
"2026","1210","","1210","","","","","1","Tesouro","","","","110","GERAL","0","","","1","1","Banco do Brasil S.A.","2763","4","0000030006","3","BCO BRASIL - CONTA MOVIMENTO","21/01/2026 00:00:00","DEBITO_CONTA_CORRENTE","CONTA_BANCARIA","1","","","","","721","ANULACAO CONTAB. AUTOMÁTICA - RECEB. DA GUIA ORÇAMENTÁRIA: 391","SAIDA","5.03","1407","147474.28","400318.51","87627.75","","3595443.34","5336.11","2243042.88","36576.66","318469.79","556301.83","312487.67","842225.48","","","0","0","","","2026","1210","","","1","Tesouro","","","111","REMUNERAÇÃO DE APLICAÇÕES FINANCEIRAS","0","","111.0000","1","1","Banco do Brasil S.A.","2763","4","0000030006","3","BCO BRASIL - CONTA MOVIMENTO","30/01/2026 00:00:00","RENTABILIDADE","1","160","","","Rendimentos","ENTRADA","5336.11"
"2026","1210","","1210","","","","","1","Tesouro","","","","110","GERAL","0","","","1","1","Banco do Brasil S.A.","2763","4","0000030006","3","BCO BRASIL - CONTA MOVIMENTO","21/01/2026 00:00:00","DEBITO_CONTA_CORRENTE","CONTA_BANCARIA","1","","","","","721","ANULACAO CONTAB. AUTOMÁTICA - RECEB. DA GUIA ORÇAMENTÁRIA: 391","SAIDA","0.63","1407","147474.28","400317.88","87627.75","","3595443.34","5336.11","2243042.88","36576.66","318469.79","556301.83","312487.67","842225.48","","","0","0","","","2026","1210","","","1","Tesouro","","","111","REMUNERAÇÃO DE APLICAÇÕES FINANCEIRAS","0","","111.0000","1","1","Banco do Brasil S.A.","2763","4","0000030006","3","BCO BRASIL - CONTA MOVIMENTO","30/01/2026 00:00:00","RENTABILIDADE","1","160","","","Rendimentos","ENTRADA","5336.11"
"2026","1210","","1210","","","","","1","Tesouro","","","","110","GERAL","0","","","1","1","Banco do Brasil S.A.","2763","4","0000030006","3","BCO BRASIL - CONTA MOVIMENTO","21/01/2026 00:00:00","DEBITO_CONTA_CORRENTE","CONTA_BANCARIA","1","","","","","721","ANULACAO CONTAB. AUTOMÁTICA - RECEB. DA GUIA ORÇAMENTÁRIA: 391","SAIDA","7.43","1407","147474.28","400310.45","87627.75","","3595443.34","5336.11","2243042.88","36576.66","318469.79","556301.83","312487.67","842225.48","","","0","0","","","2026","1210","","","1","Tesouro","","","111","REMUNERAÇÃO DE APLICAÇÕES FINANCEIRAS","0","","111.0000","1","1","Banco do Brasil S.A.","2763","4","0000030006","3","BCO BRASIL - CONTA MOVIMENTO","30/01/2026 00:00:00","RENTABILIDADE","1","160","","","Rendimentos","ENTRADA","5336.11"
"2026","1210","","1210","","","","","1","Tesouro","","","","110","GERAL","0","","","1","1","Banco do Brasil S.A.","2763","4","0000030006","3","BCO BRASIL - CONTA MOVIMENTO","21/01/2026 00:00:00","DEBITO_CONTA_CORRENTE","CONTA_BANCARIA","1","","","","","721","ANULACAO CONTAB. AUTOMÁTICA - RECEB. DA GUIA ORÇAMENTÁRIA: 391","SAIDA","267.96","1407","147474.28","400042.49","87627.75","","3595443.34","5336.11","2243042.88","36576.66","318469.79","556301.83","312487.67","842225.48","","","0","0","","","2026","1210","","","1","Tesouro","","","111","REMUNERAÇÃO DE APLICAÇÕES FINANCEIRAS","0","","111.0000","1","1","Banco do Brasil S.A.","2763","4","0000030006","3","BCO BRASIL - CONTA MOVIMENTO","30/01/2026 00:00:00","RENTABILIDADE","1","160","","","Rendimentos","ENTRADA","5336.11"
"2026","1210","","1210","","","","","1","Tesouro","","","","110","GERAL","0","","","1","1","Banco do Brasil S.A.","2763","4","0000030006","3","BCO BRASIL - CONTA MOVIMENTO","21/01/2026 00:00:00","DEBITO_CONTA_CORRENTE","CONTA_BANCARIA","1","","84","16617","","","NE 647/2026","SAIDA","4940","1407","147474.28","395102.49","87627.75","","3595443.34","5336.11","2243042.88","36576.66","318469.79","556301.83","312487.67","842225.48","","","0","0","AutorizacaoPagamento{exercicioContabil=2026, numero=84, Juridicionado=01 - PREFEITURA MUNICIPAL DE VARGEM GRANDE DO SUL}","","2026","1210","","","1","Tesouro","","","111","REMUNERAÇÃO DE APLICAÇÕES FINANCEIRAS","0","","111.0000","1","1","Banco do Brasil S.A.","2763","4","0000030006","3","BCO BRASIL - CONTA MOVIMENTO","30/01/2026 00:00:00","RENTABILIDADE","1","160","","","Rendimentos","ENTRADA","5336.11"
"2026","1210","","1210","","","","","1","Tesouro","","","","110","GERAL","0","","","1","1","Banco do Brasil S.A.","2763","4","0000030006","3","BCO BRASIL - CONTA MOVIMENTO","21/01/2026 00:00:00","DEBITO_CONTA_CORRENTE","CONTA_BANCARIA","1","","","","","721","ANULACAO CONTAB. AUTOMÁTICA - RECEB. DA GUIA ORÇAMENTÁRIA: 391","SAIDA","86.6","1407","147474.28","395015.89","87627.75","","3595443.34","5336.11","2243042.88","36576.66","318469.79","556301.83","312487.67","842225.48","","","0","0","","","2026","1210","","","1","Tesouro","","","111","REMUNERAÇÃO DE APLICAÇÕES FINANCEIRAS","0","","111.0000","1","1","Banco do Brasil S.A.","2763","4","0000030006","3","BCO BRASIL - CONTA MOVIMENTO","30/01/2026 00:00:00","RENTABILIDADE","1","160","","","Rendimentos","ENTRADA","5336.11"
"2026","1210","","1210","","","","","1","Tesouro","","","","110","GERAL","0","","","1","1","Banco do Brasil S.A.","2763","4","0000030006","3","BCO BRASIL - CONTA MOVIMENTO","21/01/2026 00:00:00","DEBITO_CONTA_CORRENTE","CONTA_BANCARIA","1","","","","","721","ANULACAO CONTAB. AUTOMÁTICA - RECEB. DA GUIA ORÇAMENTÁRIA: 391","SAIDA","6","1407","147474.28","395009.89","87627.75","","3595443.34","5336.11","2243042.88","36576.66","318469.79","556301.83","312487.67","842225.48","","","0","0","","","2026","1210","","","1","Tesouro","","","111","REMUNERAÇÃO DE APLICAÇÕES FINANCEIRAS","0","","111.0000","1","1","Banco do Brasil S.A.","2763","4","0000030006","3","BCO BRASIL - CONTA MOVIMENTO","30/01/2026 00:00:00","RENTABILIDADE","1","160","","","Rendimentos","ENTRADA","5336.11"
"2026","1210","","1210","","","","","1","Tesouro","","","","110","GERAL","0","","","1","1","Banco do Brasil S.A.","2763","4","0000030006","3","BCO BRASIL - CONTA MOVIMENTO","21/01/2026 00:00:00","DEBITO_CONTA_CORRENTE","CONTA_BANCARIA","1","","","","","721","ANULACAO CONTAB. AUTOMÁTICA - RECEB. DA GUIA ORÇAMENTÁRIA: 391","SAIDA","1827","1407","147474.28","393182.89","87627.75","","3595443.34","5336.11","2243042.88","36576.66","318469.79","556301.83","312487.67","842225.48","","","0","0","","","2026","1210","","","1","Tesouro","","","111","REMUNERAÇÃO DE APLICAÇÕES FINANCEIRAS","0","","111.0000","1","1","Banco do Brasil S.A.","2763","4","0000030006","3","BCO BRASIL - CONTA MOVIMENTO","30/01/2026 00:00:00","RENTABILIDADE","1","160","","","Rendimentos","ENTRADA","5336.11"
"2026","1210","","1210","","","","","1","Tesouro","","","","110","GERAL","0","","","1","1","Banco do Brasil S.A.","2763","4","0000030006","3","BCO BRASIL - CONTA MOVIMENTO","21/01/2026 00:00:00","DEBITO_CONTA_CORRENTE","CONTA_BANCARIA","1","","","","","721","ANULACAO CONTAB. AUTOMÁTICA - RECEB. DA GUIA ORÇAMENTÁRIA: 391","SAIDA","43.92","1407","147474.28","393138.97","87627.75","","3595443.34","5336.11","2243042.88","36576.66","318469.79","556301.83","312487.67","842225.48","","","0","0","","","2026","1210","","","1","Tesouro","","","111","REMUNERAÇÃO DE APLICAÇÕES FINANCEIRAS","0","","111.0000","1","1","Banco do Brasil S.A.","2763","4","0000030006","3","BCO BRASIL - CONTA MOVIMENTO","30/01/2026 00:00:00","RENTABILIDADE","1","160","","","Rendimentos","ENTRADA","5336.11"
"2026","1210","","1210","","","","","1","Tesouro","","","","110","GERAL","0","","","1","1","Banco do Brasil S.A.","2763","4","0000030006","3","BCO BRASIL - CONTA MOVIMENTO","21/01/2026 00:00:00","DEBITO_CONTA_CORRENTE","CONTA_BANCARIA","1","","","","","721","ANULACAO CONTAB. AUTOMÁTICA - RECEB. DA GUIA ORÇAMENTÁRIA: 391","SAIDA","600","1407","147474.28","392538.97","87627.75","","3595443.34","5336.11","2243042.88","36576.66","318469.79","556301.83","312487.67","842225.48","","","0","0","","","2026","1210","","","1","Tesouro","","","111","REMUNERAÇÃO DE APLICAÇÕES FINANCEIRAS","0","","111.0000","1","1","Banco do Brasil S.A.","2763","4","0000030006","3","BCO BRASIL - CONTA MOVIMENTO","30/01/2026 00:00:00","RENTABILIDADE","1","160","","","Rendimentos","ENTRADA","5336.11"
"2026","1210","","1210","","","","","1","Tesouro","","","","110","GERAL","0","","","1","1","Banco do Brasil S.A.","2763","4","0000030006","3","BCO BRASIL - CONTA MOVIMENTO","21/01/2026 00:00:00","DEBITO_CONTA_CORRENTE","CONTA_BANCARIA","1","","","","","721","ANULACAO CONTAB. AUTOMÁTICA - RECEB. DA GUIA ORÇAMENTÁRIA: 391","SAIDA","773.77","1407","147474.28","391765.2","87627.75","","3595443.34","5336.11","2243042.88","36576.66","318469.79","556301.83","312487.67","842225.48","","","0","0","","","2026","1210","","","1","Tesouro","","","111","REMUNERAÇÃO DE APLICAÇÕES FINANCEIRAS","0","","111.0000","1","1","Banco do Brasil S.A.","2763","4","0000030006","3","BCO BRASIL - CONTA MOVIMENTO","30/01/2026 00:00:00","RENTABILIDADE","1","160","","","Rendimentos","ENTRADA","5336.11"
"2026","1210","","1210","","","","","1","Tesouro","","","","110","GERAL","0","","","1","1","Banco do Brasil S.A.","2763","4","0000030006","3","BCO BRASIL - CONTA MOVIMENTO","21/01/2026 00:00:00","CREDITO_CONTA_CORRENTE","CONTA_BANCARIA","1","391","","","","","CONTAB. AUTOMÁTICA - RECEB. DA GUIA ORÇAMENTÁRIA: 391","ENTRADA","12376.6","1407","147474.28","404141.8","87627.75","","3595443.34","5336.11","2243042.88","36576.66","318469.79","556301.83","312487.67","842225.48","","","0","0","","","2026","1210","","","1","Tesouro","","","111","REMUNERAÇÃO DE APLICAÇÕES FINANCEIRAS","0","","111.0000","1","1","Banco do Brasil S.A.","2763","4","0000030006","3","BCO BRASIL - CONTA MOVIMENTO","30/01/2026 00:00:00","RENTABILIDADE","1","160","","","Rendimentos","ENTRADA","5336.11"
"2026","1210","","1210","","","","","1","Tesouro","","","","110","GERAL","0","","","1","1","Banco do Brasil S.A.","2763","4","0000030006","3","BCO BRASIL - CONTA MOVIMENTO","21/01/2026 00:00:00","DEBITO_CONTA_CORRENTE","CONTA_BANCARIA","1","","","","","721","ANULACAO CONTAB. AUTOMÁTICA - RECEB. DA GUIA ORÇAMENTÁRIA: 391","SAIDA","100.49","1407","147474.28","404041.31","87627.75","","3595443.34","5336.11","2243042.88","36576.66","318469.79","556301.83","312487.67","842225.48","","","0","0","","","2026","1210","","","1","Tesouro","","","111","REMUNERAÇÃO DE APLICAÇÕES FINANCEIRAS","0","","111.0000","1","1","Banco do Brasil S.A.","2763","4","0000030006","3","BCO BRASIL - CONTA MOVIMENTO","30/01/2026 00:00:00","RENTABILIDADE","1","160","","","Rendimentos","ENTRADA","5336.11"
"2026","1210","","1210","","","","","1","Tesouro","","","","110","GERAL","0","","","1","1","Banco do Brasil S.A.","2763","4","0000030006","3","BCO BRASIL - CONTA MOVIMENTO","21/01/2026 00:00:00","DEBITO_CONTA_CORRENTE","CONTA_BANCARIA","1","","","","","721","ANULACAO CONTAB. AUTOMÁTICA - RECEB. DA GUIA ORÇAMENTÁRIA: 391","SAIDA","98.29","1407","147474.28","403943.02","87627.75","","3595443.34","5336.11","2243042.88","36576.66","318469.79","556301.83","312487.67","842225.48","","","0","0","","","2026","1210","","","1","Tesouro","","","111","REMUNERAÇÃO DE APLICAÇÕES FINANCEIRAS","0","","111.0000","1","1","Banco do Brasil S.A.","2763","4","0000030006","3","BCO BRASIL - CONTA MOVIMENTO","30/01/2026 00:00:00","RENTABILIDADE","1","160","","","Rendimentos","ENTRADA","5336.11"
"2026","1210","","1210","","","","","1","Tesouro","","","","110","GERAL","0","","","1","1","Banco do Brasil S.A.","2763","4","0000030006","3","BCO BRASIL - CONTA MOVIMENTO","21/01/2026 00:00:00","DEBITO_CONTA_CORRENTE","CONTA_BANCARIA","1","","","","","721","ANULACAO CONTAB. AUTOMÁTICA - RECEB. DA GUIA ORÇAMENTÁRIA: 391","SAIDA","8086.85","1407","147474.28","395856.17","87627.75","","3595443.34","5336.11","2243042.88","36576.66","318469.79","556301.83","312487.67","842225.48","","","0","0","","","2026","1210","","","1","Tesouro","","","111","REMUNERAÇÃO DE APLICAÇÕES FINANCEIRAS","0","","111.0000","1","1","Banco do Brasil S.A.","2763","4","0000030006","3","BCO BRASIL - CONTA MOVIMENTO","30/01/2026 00:00:00","RENTABILIDADE","1","160","","","Rendimentos","ENTRADA","5336.11"
"2026","1210","","1210","","","","","1","Tesouro","","","","110","GERAL","0","","","1","1","Banco do Brasil S.A.","2763","4","0000030006","3","BCO BRASIL - CONTA MOVIMENTO","21/01/2026 00:00:00","DEBITO_CONTA_CORRENTE","CONTA_BANCARIA","1","","","","","721","ANULACAO CONTAB. AUTOMÁTICA - RECEB. DA GUIA ORÇAMENTÁRIA: 391","SAIDA","8.8","1407","147474.28","395847.37","87627.75","","3595443.34","5336.11","2243042.88","36576.66","318469.79","556301.83","312487.67","842225.48","","","0","0","","","2026","1210","","","1","Tesouro","","","111","REMUNERAÇÃO DE APLICAÇÕES FINANCEIRAS","0","","111.0000","1","1","Banco do Brasil S.A.","2763","4","0000030006","3","BCO BRASIL - CONTA MOVIMENTO","30/01/2026 00:00:00","RENTABILIDADE","1","160","","","Rendimentos","ENTRADA","5336.11"
"2026","1210","","1210","","","","","1","Tesouro","","","","110","GERAL","0","","","1","1","Banco do Brasil S.A.","2763","4","0000030006","3","BCO BRASIL - CONTA MOVIMENTO","21/01/2026 00:00:00","CREDITO_CONTA_CORRENTE","CONTA_BANCARIA","1","","","","10","","Transf ref ISS RLG Construtora Ltda (NF 97)","ENTRADA","2376.7","1407","147474.28","398224.07","87627.75","","3595443.34","5336.11","2243042.88","36576.66","318469.79","556301.83","312487.67","842225.48","","","0","0","","","2026","1210","","","1","Tesouro","","","111","REMUNERAÇÃO DE APLICAÇÕES FINANCEIRAS","0","","111.0000","1","1","Banco do Brasil S.A.","2763","4","0000030006","3","BCO BRASIL - CONTA MOVIMENTO","30/01/2026 00:00:00","RENTABILIDADE","1","160","","","Rendimentos","ENTRADA","5336.11"
"2026","1210","","1210","","","","","1","Tesouro","","","","110","GERAL","0","","","1","1","Banco do Brasil S.A.","2763","4","0000030006","3","BCO BRASIL - CONTA MOVIMENTO","21/01/2026 00:00:00","DEBITO_CONTA_CORRENTE","CONTA_BANCARIA","1","","","","","721","ANULACAO CONTAB. AUTOMÁTICA - RECEB. DA GUIA ORÇAMENTÁRIA: 391","SAIDA","463.83","1407","147474.28","397760.24","87627.75","","3595443.34","5336.11","2243042.88","36576.66","318469.79","556301.83","312487.67","842225.48","","","0","0","","","2026","1210","","","1","Tesouro","","","111","REMUNERAÇÃO DE APLICAÇÕES FINANCEIRAS","0","","111.0000","1","1","Banco do Brasil S.A.","2763","4","0000030006","3","BCO BRASIL - CONTA MOVIMENTO","30/01/2026 00:00:00","RENTABILIDADE","1","160","","","Rendimentos","ENTRADA","5336.11"
"2026","1210","","1210","","","","","1","Tesouro","","","","110","GERAL","0","","","1","1","Banco do Brasil S.A.","2763","4","0000030006","3","BCO BRASIL - CONTA MOVIMENTO","21/01/2026 00:00:00","DEBITO_CONTA_CORRENTE","CONTA_BANCARIA","2","","119","16652","","","NE 17957/2025","SAIDA","18.54","1407","147474.28","397741.7","87627.75","","3595443.34","5336.11","2243042.88","36576.66","318469.79","556301.83","312487.67","842225.48","","","0","0","AutorizacaoPagamento{exercicioContabil=2026, numero=119, Juridicionado=01 - PREFEITURA MUNICIPAL DE VARGEM GRANDE DO SUL}","","2026","1210","","","1","Tesouro","","","111","REMUNERAÇÃO DE APLICAÇÕES FINANCEIRAS","0","","111.0000","1","1","Banco do Brasil S.A.","2763","4","0000030006","3","BCO BRASIL - CONTA MOVIMENTO","30/01/2026 00:00:00","RENTABILIDADE","1","160","","","Rendimentos","ENTRADA","5336.11"
"2026","1210","","1210","","","","","19","RECURSOS EXTRAÓRÇAMENTÁRIOS","","","","190","MOVIMENTAÇÕES EXTRAORÇAMENTÁRIAS GERAL","0","","","1","1","Banco do Brasil S.A.","2763","4","0000030006","3","BCO BRASIL - CONTA MOVIMENTO","21/01/2026 00:00:00","CREDITO_CONTA_CORRENTE","CONTA_BANCARIA","2","40","","","","","CONTAB. AUTOMÁTICA - RECEB. DA GUIA EXTRA-ORÇAMENTÁRIA: 40","ENTRADA","54.01","1407","147474.28","397795.71","87627.75","","3595443.34","5336.11","2243042.88","36576.66","318469.79","556301.83","312487.67","842225.48","","","0","0","","","2026","1210","","","1","Tesouro","","","111","REMUNERAÇÃO DE APLICAÇÕES FINANCEIRAS","0","","111.0000","1","1","Banco do Brasil S.A.","2763","4","0000030006","3","BCO BRASIL - CONTA MOVIMENTO","30/01/2026 00:00:00","RENTABILIDADE","1","160","","","Rendimentos","ENTRADA","5336.11"
"2026","1210","","1210","","","","","19","RECURSOS EXTRAÓRÇAMENTÁRIOS","","","","190","MOVIMENTAÇÕES EXTRAORÇAMENTÁRIAS GERAL","0","","","1","1","Banco do Brasil S.A.","2763","4","0000030006","3","BCO BRASIL - CONTA MOVIMENTO","21/01/2026 00:00:00","DEBITO_CONTA_CORRENTE","CONTA_BANCARIA","2","","","","","","ANULACAO CONTAB. AUTOMÁTICA - RECEB. DA GUIA EXTRA-ORÇAMENTÁRIA: 40","SAIDA","54.01","1407","147474.28","397741.7","87627.75","","3595443.34","5336.11","2243042.88","36576.66","318469.79","556301.83","312487.67","842225.48","","","0","0","","","2026","1210","","","1","Tesouro","","","111","REMUNERAÇÃO DE APLICAÇÕES FINANCEIRAS","0","","111.0000","1","1","Banco do Brasil S.A.","2763","4","0000030006","3","BCO BRASIL - CONTA MOVIMENTO","30/01/2026 00:00:00","RENTABILIDADE","1","160","","","Rendimentos","ENTRADA","5336.11"
"2026","1210","","1210","","","","","1","Tesouro","","","","110","GERAL","0","","","1","1","Banco do Brasil S.A.","2763","4","0000030006","3","BCO BRASIL - CONTA MOVIMENTO","21/01/2026 00:00:00","CREDITO_CONTA_CORRENTE","CONTA_BANCARIA","2","","","","15","","Transferência Aut. para compensação de Descontos de parcelas: Aut. Pagto.[124/2026].","ENTRADA","3.48","1407","147474.28","397745.18","87627.75","","3595443.34","5336.11","2243042.88","36576.66","318469.79","556301.83","312487.67","842225.48","","","0","0","","","2026","1210","","","1","Tesouro","","","111","REMUNERAÇÃO DE APLICAÇÕES FINANCEIRAS","0","","111.0000","1","1","Banco do Brasil S.A.","2763","4","0000030006","3","BCO BRASIL - CONTA MOVIMENTO","30/01/2026 00:00:00","RENTABILIDADE","1","160","","","Rendimentos","ENTRADA","5336.11"
"2026","1210","","1210","","","","","1","Tesouro","","","","110","GERAL","0","","","1","1","Banco do Brasil S.A.","2763","4","0000030006","3","BCO BRASIL - CONTA MOVIMENTO","21/01/2026 00:00:00","CREDITO_CONTA_CORRENTE","CONTA_BANCARIA","3","133","","","","","LANÇAMENTO DE RECEITA","ENTRADA","10542.92","1407","147474.28","408288.1","87627.75","","3595443.34","5336.11","2243042.88","36576.66","318469.79","556301.83","312487.67","842225.48","","","0","0","","","2026","1210","","","1","Tesouro","","","111","REMUNERAÇÃO DE APLICAÇÕES FINANCEIRAS","0","","111.0000","1","1","Banco do Brasil S.A.","2763","4","0000030006","3","BCO BRASIL - CONTA MOVIMENTO","30/01/2026 00:00:00","RENTABILIDADE","1","160","","","Rendimentos","ENTRADA","5336.11"
"2026","1210","","1210","","","","","1","Tesouro","","","","110","GERAL","0","","","1","1","Banco do Brasil S.A.","2763","4","0000030006","3","BCO BRASIL - CONTA MOVIMENTO","21/01/2026 00:00:00","DEBITO_CONTA_CORRENTE","CONTA_BANCARIA","3","","120","16653","","","NE 14508/2025","SAIDA","44.16","1407","147474.28","408243.94","87627.75","","3595443.34","5336.11","2243042.88","36576.66","318469.79","556301.83","312487.67","842225.48","","","0","0","AutorizacaoPagamento{exercicioContabil=2026, numero=120, Juridicionado=01 - PREFEITURA MUNICIPAL DE VARGEM GRANDE DO SUL}","","2026","1210","","","1","Tesouro","","","111","REMUNERAÇÃO DE APLICAÇÕES FINANCEIRAS","0","","111.0000","1","1","Banco do Brasil S.A.","2763","4","0000030006","3","BCO BRASIL - CONTA MOVIMENTO","30/01/2026 00:00:00","RENTABILIDADE","1","160","","","Rendimentos","ENTRADA","5336.11"
"2026","1210","","1210","","","","","1","Tesouro","","","","110","GERAL","0","","","1","1","Banco do Brasil S.A.","2763","4","0000030006","3","BCO BRASIL - CONTA MOVIMENTO","21/01/2026 00:00:00","CREDITO_CONTA_CORRENTE","CONTA_BANCARIA","3","823","","","","","CONTAB. AUTOMÁTICA - RECEB. DA GUIA ORÇAMENTÁRIA: 823","ENTRADA","12376.6","1407","147474.28","420620.54","87627.75","","3595443.34","5336.11","2243042.88","36576.66","318469.79","556301.83","312487.67","842225.48","","","0","0","","","2026","1210","","","1","Tesouro","","","111","REMUNERAÇÃO DE APLICAÇÕES FINANCEIRAS","0","","111.0000","1","1","Banco do Brasil S.A.","2763","4","0000030006","3","BCO BRASIL - CONTA MOVIMENTO","30/01/2026 00:00:00","RENTABILIDADE","1","160","","","Rendimentos","ENTRADA","5336.11"
"2026","1210","","1210","","","","","8","EMENDAS PARLAMENTARES INDIVIDUAIS - LEGISLATIVO MUNICIPAL","","","","110","GERAL","0","","","1","1","Banco do Brasil S.A.","2763","4","0000030006","3","BCO BRASIL - CONTA MOVIMENTO","21/01/2026 00:00:00","DEBITO_CONTA_CORRENTE","CONTA_BANCARIA","4","","121","16654","","","NE 17894/2025","SAIDA","2580","1407","147474.28","418040.54","87627.75","","3595443.34","5336.11","2243042.88","36576.66","318469.79","556301.83","312487.67","842225.48","","","0","0","AutorizacaoPagamento{exercicioContabil=2026, numero=121, Juridicionado=01 - PREFEITURA MUNICIPAL DE VARGEM GRANDE DO SUL}","","2026","1210","","","1","Tesouro","","","111","REMUNERAÇÃO DE APLICAÇÕES FINANCEIRAS","0","","111.0000","1","1","Banco do Brasil S.A.","2763","4","0000030006","3","BCO BRASIL - CONTA MOVIMENTO","30/01/2026 00:00:00","RENTABILIDADE","1","160","","","Rendimentos","ENTRADA","5336.11"
"2026","1210","","1210","","","","","19","RECURSOS EXTRAÓRÇAMENTÁRIOS","","","","190","MOVIMENTAÇÕES EXTRAORÇAMENTÁRIAS GERAL","0","","","1","1","Banco do Brasil S.A.","2763","4","0000030006","3","BCO BRASIL - CONTA MOVIMENTO","21/01/2026 00:00:00","CREDITO_CONTA_CORRENTE","CONTA_BANCARIA","4","145","","","","","CONTAB. AUTOMÁTICA - RECEB. DA GUIA EXTRA-ORÇAMENTÁRIA: 145","ENTRADA","54.01","1407","147474.28","418094.55","87627.75","","3595443.34","5336.11","2243042.88","36576.66","318469.79","556301.83","312487.67","842225.48","","","0","0","","","2026","1210","","","1","Tesouro","","","111","REMUNERAÇÃO DE APLICAÇÕES FINANCEIRAS","0","","111.0000","1","1","Banco do Brasil S.A.","2763","4","0000030006","3","BCO BRASIL - CONTA MOVIMENTO","30/01/2026 00:00:00","RENTABILIDADE","1","160","","","Rendimentos","ENTRADA","5336.11"
"2026","1210","","1210","","","","","8","EMENDAS PARLAMENTARES INDIVIDUAIS - LEGISLATIVO MUNICIPAL","","","","110","GERAL","0","","","1","1","Banco do Brasil S.A.","2763","4","0000030006","3","BCO BRASIL - CONTA MOVIMENTO","21/01/2026 00:00:00","DEBITO_CONTA_CORRENTE","CONTA_BANCARIA","5","","123","16656","","","NE 17900, 17911","SAIDA","869.9","1407","147474.28","417224.65","87627.75","","3595443.34","5336.11","2243042.88","36576.66","318469.79","556301.83","312487.67","842225.48","","","0","0","AutorizacaoPagamento{exercicioContabil=2026, numero=123, Juridicionado=01 - PREFEITURA MUNICIPAL DE VARGEM GRANDE DO SUL}","","2026","1210","","","1","Tesouro","","","111","REMUNERAÇÃO DE APLICAÇÕES FINANCEIRAS","0","","111.0000","1","1","Banco do Brasil S.A.","2763","4","0000030006","3","BCO BRASIL - CONTA MOVIMENTO","30/01/2026 00:00:00","RENTABILIDADE","1","160","","","Rendimentos","ENTRADA","5336.11"
"2026","1210","","1210","","","","","8","EMENDAS PARLAMENTARES INDIVIDUAIS - LEGISLATIVO MUNICIPAL","","","","110","GERAL","0","","","1","1","Banco do Brasil S.A.","2763","4","0000030006","3","BCO BRASIL - CONTA MOVIMENTO","21/01/2026 00:00:00","DEBITO_CONTA_CORRENTE","CONTA_BANCARIA","6","","124","16657","","","NE 17901/2025","SAIDA","286.52","1407","147474.28","416938.13","87627.75","","3595443.34","5336.11","2243042.88","36576.66","318469.79","556301.83","312487.67","842225.48","","","0","0","AutorizacaoPagamento{exercicioContabil=2026, numero=124, Juridicionado=01 - PREFEITURA MUNICIPAL DE VARGEM GRANDE DO SUL}","","2026","1210","","","1","Tesouro","","","111","REMUNERAÇÃO DE APLICAÇÕES FINANCEIRAS","0","","111.0000","1","1","Banco do Brasil S.A.","2763","4","0000030006","3","BCO BRASIL - CONTA MOVIMENTO","30/01/2026 00:00:00","RENTABILIDADE","1","160","","","Rendimentos","ENTRADA","5336.11"
"2026","1210","","1210","","","","","8","EMENDAS PARLAMENTARES INDIVIDUAIS - LEGISLATIVO MUNICIPAL","","","","110","GERAL","0","","","1","1","Banco do Brasil S.A.","2763","4","0000030006","3","BCO BRASIL - CONTA MOVIMENTO","21/01/2026 00:00:00","DEBITO_CONTA_CORRENTE","CONTA_BANCARIA","7","","","","15","","Transferência Aut. para compensação de Descontos de parcelas: Aut. Pagto.[124/2026].","SAIDA","3.48","1407","147474.28","416934.65","87627.75","","3595443.34","5336.11","2243042.88","36576.66","318469.79","556301.83","312487.67","842225.48","","","0","0","","","2026","1210","","","1","Tesouro","","","111","REMUNERAÇÃO DE APLICAÇÕES FINANCEIRAS","0","","111.0000","1","1","Banco do Brasil S.A.","2763","4","0000030006","3","BCO BRASIL - CONTA MOVIMENTO","30/01/2026 00:00:00","RENTABILIDADE","1","160","","","Rendimentos","ENTRADA","5336.11"
"2026","1210","","1210","","","","","1","Tesouro","","","","110","GERAL","0","","","1","1","Banco do Brasil S.A.","2763","4","0000030006","3","BCO BRASIL - CONTA MOVIMENTO","21/01/2026 00:00:00","DEBITO_CONTA_CORRENTE","CONTA_BANCARIA","8","","125","16658","","","NE 18668/2025, 15/2026","SAIDA","309.93","1407","147474.28","416624.72","87627.75","","3595443.34","5336.11","2243042.88","36576.66","318469.79","556301.83","312487.67","842225.48","","","0","0","AutorizacaoPagamento{exercicioContabil=2026, numero=125, Juridicionado=01 - PREFEITURA MUNICIPAL DE VARGEM GRANDE DO SUL}","","2026","1210","","","1","Tesouro","","","111","REMUNERAÇÃO DE APLICAÇÕES FINANCEIRAS","0","","111.0000","1","1","Banco do Brasil S.A.","2763","4","0000030006","3","BCO BRASIL - CONTA MOVIMENTO","30/01/2026 00:00:00","RENTABILIDADE","1","160","","","Rendimentos","ENTRADA","5336.11"
"2026","1210","","1210","","","","","8","EMENDAS PARLAMENTARES INDIVIDUAIS - LEGISLATIVO MUNICIPAL","","","","110","GERAL","0","","","1","1","Banco do Brasil S.A.","2763","4","0000030006","3","BCO BRASIL - CONTA MOVIMENTO","21/01/2026 00:00:00","DEBITO_CONTA_CORRENTE","CONTA_BANCARIA","9","","128","16661","","","NE 17896/2025","SAIDA","327.6","1407","147474.28","416297.12","87627.75","","3595443.34","5336.11","2243042.88","36576.66","318469.79","556301.83","312487.67","842225.48","","","0","0","AutorizacaoPagamento{exercicioContabil=2026, numero=128, Juridicionado=01 - PREFEITURA MUNICIPAL DE VARGEM GRANDE DO SUL}","","2026","1210","","","1","Tesouro","","","111","REMUNERAÇÃO DE APLICAÇÕES FINANCEIRAS","0","","111.0000","1","1","Banco do Brasil S.A.","2763","4","0000030006","3","BCO BRASIL - CONTA MOVIMENTO","30/01/2026 00:00:00","RENTABILIDADE","1","160","","","Rendimentos","ENTRADA","5336.11"
"2026","1210","","1210","","","","","8","EMENDAS PARLAMENTARES INDIVIDUAIS - LEGISLATIVO MUNICIPAL","","","","110","GERAL","0","","","1","1","Banco do Brasil S.A.","2763","4","0000030006","3","BCO BRASIL - CONTA MOVIMENTO","21/01/2026 00:00:00","DEBITO_CONTA_CORRENTE","CONTA_BANCARIA","10","","132","16665","","","NE 17903, 17909, 17912, 18500","SAIDA","2558.94","1407","147474.28","413738.18","87627.75","","3595443.34","5336.11","2243042.88","36576.66","318469.79","556301.83","312487.67","842225.48","","","0","0","AutorizacaoPagamento{exercicioContabil=2026, numero=132, Juridicionado=01 - PREFEITURA MUNICIPAL DE VARGEM GRANDE DO SUL}","","2026","1210","","","1","Tesouro","","","111","REMUNERAÇÃO DE APLICAÇÕES FINANCEIRAS","0","","111.0000","1","1","Banco do Brasil S.A.","2763","4","0000030006","3","BCO BRASIL - CONTA MOVIMENTO","30/01/2026 00:00:00","RENTABILIDADE","1","160","","","Rendimentos","ENTRADA","5336.11"
"2026","1210","","1210","","","","","1","Tesouro","","","","110","GERAL","0","","","1","1","Banco do Brasil S.A.","2763","4","0000030006","3","BCO BRASIL - CONTA MOVIMENTO","21/01/2026 00:00:00","DEBITO_CONTA_CORRENTE","CONTA_BANCARIA","11","","132","16665","","","NE 17903, 17909, 17912, 18500","SAIDA","391.99","1407","147474.28","413346.19","87627.75","","3595443.34","5336.11","2243042.88","36576.66","318469.79","556301.83","312487.67","842225.48","","","0","0","AutorizacaoPagamento{exercicioContabil=2026, numero=132, Juridicionado=01 - PREFEITURA MUNICIPAL DE VARGEM GRANDE DO SUL}","","2026","1210","","","1","Tesouro","","","111","REMUNERAÇÃO DE APLICAÇÕES FINANCEIRAS","0","","111.0000","1","1","Banco do Brasil S.A.","2763","4","0000030006","3","BCO BRASIL - CONTA MOVIMENTO","30/01/2026 00:00:00","RENTABILIDADE","1","160","","","Rendimentos","ENTRADA","5336.11"
"2026","1210","","1210","","","","","1","Tesouro","","","","510","ASSISTÊNCIA SOCIAL - GERAL","0","","","1","1","Banco do Brasil S.A.","2763","4","0000030006","3","BCO BRASIL - CONTA MOVIMENTO","21/01/2026 00:00:00","DEBITO_CONTA_CORRENTE","CONTA_BANCARIA","12","","146","16679","","","NE 10908/2025","SAIDA","8144.2","1407","147474.28","405201.99","87627.75","","3595443.34","5336.11","2243042.88","36576.66","318469.79","556301.83","312487.67","842225.48","","","0","0","AutorizacaoPagamento{exercicioContabil=2026, numero=146, Juridicionado=01 - PREFEITURA MUNICIPAL DE VARGEM GRANDE DO SUL}","","2026","1210","","","1","Tesouro","","","111","REMUNERAÇÃO DE APLICAÇÕES FINANCEIRAS","0","","111.0000","1","1","Banco do Brasil S.A.","2763","4","0000030006","3","BCO BRASIL - CONTA MOVIMENTO","30/01/2026 00:00:00","RENTABILIDADE","1","160","","","Rendimentos","ENTRADA","5336.11"
"2026","1210","","1210","","","","","1","Tesouro","","","","110","GERAL","0","","","1","1","Banco do Brasil S.A.","2763","4","0000030006","3","BCO BRASIL - CONTA MOVIMENTO","21/01/2026 00:00:00","DEBITO_CONTA_CORRENTE","CONTA_BANCARIA","13","","149","16682","","","NE 19222/2025","SAIDA","174339.84","1407","147474.28","230862.15","87627.75","","3595443.34","5336.11","2243042.88","36576.66","318469.79","556301.83","312487.67","842225.48","","","0","0","AutorizacaoPagamento{exercicioContabil=2026, numero=149, Juridicionado=01 - PREFEITURA MUNICIPAL DE VARGEM GRANDE DO SUL}","","2026","1210","","","1","Tesouro","","","111","REMUNERAÇÃO DE APLICAÇÕES FINANCEIRAS","0","","111.0000","1","1","Banco do Brasil S.A.","2763","4","0000030006","3","BCO BRASIL - CONTA MOVIMENTO","30/01/2026 00:00:00","RENTABILIDADE","1","160","","","Rendimentos","ENTRADA","5336.11"
"2026","1210","","1210","","","","","1","Tesouro","","","","110","GERAL","0","","","1","1","Banco do Brasil S.A.","2763","4","0000030006","3","BCO BRASIL - CONTA MOVIMENTO","21/01/2026 00:00:00","DEBITO_CONTA_CORRENTE","CONTA_BANCARIA","14","","181","16715","","","GOVTEC Sistemas de Informática Ltda ","SAIDA","40246.41","1407","147474.28","190615.74","87627.75","","3595443.34","5336.11","2243042.88","36576.66","318469.79","556301.83","312487.67","842225.48","","","0","0","AutorizacaoPagamento{exercicioContabil=2026, numero=181, Juridicionado=01 - PREFEITURA MUNICIPAL DE VARGEM GRANDE DO SUL}","","2026","1210","","","1","Tesouro","","","111","REMUNERAÇÃO DE APLICAÇÕES FINANCEIRAS","0","","111.0000","1","1","Banco do Brasil S.A.","2763","4","0000030006","3","BCO BRASIL - CONTA MOVIMENTO","30/01/2026 00:00:00","RENTABILIDADE","1","160","","","Rendimentos","ENTRADA","5336.11"
"2026","1210","","1210","","","","","1","Tesouro","","","","110","GERAL","0","","","1","1","Banco do Brasil S.A.","2763","4","0000030006","3","BCO BRASIL - CONTA MOVIMENTO","21/01/2026 00:00:00","DEBITO_CONTA_CORRENTE","CONTA_BANCARIA","15","","206","16743","","","NE 781/2026","SAIDA","43.13","1407","147474.28","190572.61","87627.75","","3595443.34","5336.11","2243042.88","36576.66","318469.79","556301.83","312487.67","842225.48","","","0","0","AutorizacaoPagamento{exercicioContabil=2026, numero=206, Juridicionado=01 - PREFEITURA MUNICIPAL DE VARGEM GRANDE DO SUL}","","2026","1210","","","1","Tesouro","","","111","REMUNERAÇÃO DE APLICAÇÕES FINANCEIRAS","0","","111.0000","1","1","Banco do Brasil S.A.","2763","4","0000030006","3","BCO BRASIL - CONTA MOVIMENTO","30/01/2026 00:00:00","RENTABILIDADE","1","160","","","Rendimentos","ENTRADA","5336.11"
"2026","1210","","1210","","","","","1","Tesouro","","","","110","GERAL","0","","","1","1","Banco do Brasil S.A.","2763","4","0000030006","3","BCO BRASIL - CONTA MOVIMENTO","21/01/2026 00:00:00","DEBITO_CONTA_CORRENTE","CONTA_BANCARIA","16","","279","16825","","","NE 904/2026","SAIDA","43.41","1407","147474.28","190529.2","87627.75","","3595443.34","5336.11","2243042.88","36576.66","318469.79","556301.83","312487.67","842225.48","","","0","0","AutorizacaoPagamento{exercicioContabil=2026, numero=279, Juridicionado=01 - PREFEITURA MUNICIPAL DE VARGEM GRANDE DO SUL}","","2026","1210","","","1","Tesouro","","","111","REMUNERAÇÃO DE APLICAÇÕES FINANCEIRAS","0","","111.0000","1","1","Banco do Brasil S.A.","2763","4","0000030006","3","BCO BRASIL - CONTA MOVIMENTO","30/01/2026 00:00:00","RENTABILIDADE","1","160","","","Rendimentos","ENTRADA","5336.11"
"2026","1210","","1210","","","","","19","RECURSOS EXTRAÓRÇAMENTÁRIOS","","","","190","MOVIMENTAÇÕES EXTRAORÇAMENTÁRIAS GERAL","0","","","1","1","Banco do Brasil S.A.","2763","4","0000030006","3","BCO BRASIL - CONTA MOVIMENTO","21/01/2026 00:00:00","DEBITO_CONTA_CORRENTE","CONTA_BANCARIA","17","","281","16827","","","I.N.S.S","SAIDA","16405.24","1407","147474.28","174123.96","87627.75","","3595443.34","5336.11","2243042.88","36576.66","318469.79","556301.83","312487.67","842225.48","","","0","0","AutorizacaoPagamento{exercicioContabil=2026, numero=281, Juridicionado=01 - PREFEITURA MUNICIPAL DE VARGEM GRANDE DO SUL}","","2026","1210","","","1","Tesouro","","","111","REMUNERAÇÃO DE APLICAÇÕES FINANCEIRAS","0","","111.0000","1","1","Banco do Brasil S.A.","2763","4","0000030006","3","BCO BRASIL - CONTA MOVIMENTO","30/01/2026 00:00:00","RENTABILIDADE","1","160","","","Rendimentos","ENTRADA","5336.11"
"2026","1210","","1210","","","","","1","Tesouro","","","","110","GERAL","0","","","1","1","Banco do Brasil S.A.","2763","4","0000030006","3","BCO BRASIL - CONTA MOVIMENTO","21/01/2026 00:00:00","DEBITO_CONTA_CORRENTE","CONTA_BANCARIA","18","","281","16827","","","I.N.S.S","SAIDA","24723.8","1407","147474.28","149400.16","87627.75","","3595443.34","5336.11","2243042.88","36576.66","318469.79","556301.83","312487.67","842225.48","","","0","0","AutorizacaoPagamento{exercicioContabil=2026, numero=281, Juridicionado=01 - PREFEITURA MUNICIPAL DE VARGEM GRANDE DO SUL}","","2026","1210","","","1","Tesouro","","","111","REMUNERAÇÃO DE APLICAÇÕES FINANCEIRAS","0","","111.0000","1","1","Banco do Brasil S.A.","2763","4","0000030006","3","BCO BRASIL - CONTA MOVIMENTO","30/01/2026 00:00:00","RENTABILIDADE","1","160","","","Rendimentos","ENTRADA","5336.11"
"2026","1210","","1210","","","","","1","Tesouro","","","","110","GERAL","0","","","1","1","Banco do Brasil S.A.","2763","4","0000030006","3","BCO BRASIL - CONTA MOVIMENTO","22/01/2026 00:00:00","DEBITO_CONTA_CORRENTE","CONTA_BANCARIA","1","","","","","717","ANULACAO CONTAB. AUTOMÁTICA - RECEB. DA GUIA ORÇAMENTÁRIA: 395","SAIDA","334.32","1407","147474.28","149065.84","87627.75","","3595443.34","5336.11","2243042.88","36576.66","318469.79","556301.83","312487.67","842225.48","","","0","0","","","2026","1210","","","1","Tesouro","","","111","REMUNERAÇÃO DE APLICAÇÕES FINANCEIRAS","0","","111.0000","1","1","Banco do Brasil S.A.","2763","4","0000030006","3","BCO BRASIL - CONTA MOVIMENTO","30/01/2026 00:00:00","RENTABILIDADE","1","160","","","Rendimentos","ENTRADA","5336.11"
"2026","1210","","1210","","","","","1","Tesouro","","","","110","GERAL","0","","","1","1","Banco do Brasil S.A.","2763","4","0000030006","3","BCO BRASIL - CONTA MOVIMENTO","22/01/2026 00:00:00","CREDITO_CONTA_CORRENTE","CONTA_BANCARIA","1","","","","48","","Transf ref ISS Marques & Marques Construtora Ltda (NF 14)","ENTRADA","4286.85","1407","147474.28","153352.69","87627.75","","3595443.34","5336.11","2243042.88","36576.66","318469.79","556301.83","312487.67","842225.48","","","0","0","","","2026","1210","","","1","Tesouro","","","111","REMUNERAÇÃO DE APLICAÇÕES FINANCEIRAS","0","","111.0000","1","1","Banco do Brasil S.A.","2763","4","0000030006","3","BCO BRASIL - CONTA MOVIMENTO","30/01/2026 00:00:00","RENTABILIDADE","1","160","","","Rendimentos","ENTRADA","5336.11"
"2026","1210","","1210","","","","","1","Tesouro","","","","110","GERAL","0","","","1","1","Banco do Brasil S.A.","2763","4","0000030006","3","BCO BRASIL - CONTA MOVIMENTO","22/01/2026 00:00:00","DEBITO_CONTA_CORRENTE","CONTA_BANCARIA","1","","","","","717","ANULACAO CONTAB. AUTOMÁTICA - RECEB. DA GUIA ORÇAMENTÁRIA: 395","SAIDA","86.6","1407","147474.28","153266.09","87627.75","","3595443.34","5336.11","2243042.88","36576.66","318469.79","556301.83","312487.67","842225.48","","","0","0","","","2026","1210","","","1","Tesouro","","","111","REMUNERAÇÃO DE APLICAÇÕES FINANCEIRAS","0","","111.0000","1","1","Banco do Brasil S.A.","2763","4","0000030006","3","BCO BRASIL - CONTA MOVIMENTO","30/01/2026 00:00:00","RENTABILIDADE","1","160","","","Rendimentos","ENTRADA","5336.11"
"2026","1210","","1210","","","","","1","Tesouro","","","","110","GERAL","0","","","1","1","Banco do Brasil S.A.","2763","4","0000030006","3","BCO BRASIL - CONTA MOVIMENTO","22/01/2026 00:00:00","DEBITO_CONTA_CORRENTE","CONTA_BANCARIA","1","","","","","717","ANULACAO CONTAB. AUTOMÁTICA - RECEB. DA GUIA ORÇAMENTÁRIA: 395","SAIDA","0.02","1407","147474.28","153266.07","87627.75","","3595443.34","5336.11","2243042.88","36576.66","318469.79","556301.83","312487.67","842225.48","","","0","0","","","2026","1210","","","1","Tesouro","","","111","REMUNERAÇÃO DE APLICAÇÕES FINANCEIRAS","0","","111.0000","1","1","Banco do Brasil S.A.","2763","4","0000030006","3","BCO BRASIL - CONTA MOVIMENTO","30/01/2026 00:00:00","RENTABILIDADE","1","160","","","Rendimentos","ENTRADA","5336.11"
"2026","1210","","1210","","","","","1","Tesouro","","","","110","GERAL","0","","","1","1","Banco do Brasil S.A.","2763","4","0000030006","3","BCO BRASIL - CONTA MOVIMENTO","22/01/2026 00:00:00","DEBITO_CONTA_CORRENTE","CONTA_BANCARIA","1","","211","16748","","","NE 645, 787, 18590, 18647, 18694, 18949","SAIDA","3369","1407","147474.28","149897.07","87627.75","","3595443.34","5336.11","2243042.88","36576.66","318469.79","556301.83","312487.67","842225.48","","","0","0","AutorizacaoPagamento{exercicioContabil=2026, numero=211, Juridicionado=01 - PREFEITURA MUNICIPAL DE VARGEM GRANDE DO SUL}","","2026","1210","","","1","Tesouro","","","111","REMUNERAÇÃO DE APLICAÇÕES FINANCEIRAS","0","","111.0000","1","1","Banco do Brasil S.A.","2763","4","0000030006","3","BCO BRASIL - CONTA MOVIMENTO","30/01/2026 00:00:00","RENTABILIDADE","1","160","","","Rendimentos","ENTRADA","5336.11"
"2026","1210","","1210","","","","","1","Tesouro","","","","110","GERAL","0","","","1","1","Banco do Brasil S.A.","2763","4","0000030006","3","BCO BRASIL - CONTA MOVIMENTO","22/01/2026 00:00:00","DEBITO_CONTA_CORRENTE","CONTA_BANCARIA","1","","","","","717","ANULACAO CONTAB. AUTOMÁTICA - RECEB. DA GUIA ORÇAMENTÁRIA: 395","SAIDA","169.47","1407","147474.28","149727.6","87627.75","","3595443.34","5336.11","2243042.88","36576.66","318469.79","556301.83","312487.67","842225.48","","","0","0","","","2026","1210","","","1","Tesouro","","","111","REMUNERAÇÃO DE APLICAÇÕES FINANCEIRAS","0","","111.0000","1","1","Banco do Brasil S.A.","2763","4","0000030006","3","BCO BRASIL - CONTA MOVIMENTO","30/01/2026 00:00:00","RENTABILIDADE","1","160","","","Rendimentos","ENTRADA","5336.11"
"2026","1210","","1210","","","","","1","Tesouro","","","","110","GERAL","0","","","1","1","Banco do Brasil S.A.","2763","4","0000030006","3","BCO BRASIL - CONTA MOVIMENTO","22/01/2026 00:00:00","DEBITO_CONTA_CORRENTE","CONTA_BANCARIA","1","","","","","717","ANULACAO CONTAB. AUTOMÁTICA - RECEB. DA GUIA ORÇAMENTÁRIA: 395","SAIDA","12305.62","1407","147474.28","137421.98","87627.75","","3595443.34","5336.11","2243042.88","36576.66","318469.79","556301.83","312487.67","842225.48","","","0","0","","","2026","1210","","","1","Tesouro","","","111","REMUNERAÇÃO DE APLICAÇÕES FINANCEIRAS","0","","111.0000","1","1","Banco do Brasil S.A.","2763","4","0000030006","3","BCO BRASIL - CONTA MOVIMENTO","30/01/2026 00:00:00","RENTABILIDADE","1","160","","","Rendimentos","ENTRADA","5336.11"
"2026","1210","","1210","","","","","1","Tesouro","","","","110","GERAL","0","","","1","1","Banco do Brasil S.A.","2763","4","0000030006","3","BCO BRASIL - CONTA MOVIMENTO","22/01/2026 00:00:00","DEBITO_CONTA_CORRENTE","CONTA_BANCARIA","1","","","","","717","ANULACAO CONTAB. AUTOMÁTICA - RECEB. DA GUIA ORÇAMENTÁRIA: 395","SAIDA","72.08","1407","147474.28","137349.9","87627.75","","3595443.34","5336.11","2243042.88","36576.66","318469.79","556301.83","312487.67","842225.48","","","0","0","","","2026","1210","","","1","Tesouro","","","111","REMUNERAÇÃO DE APLICAÇÕES FINANCEIRAS","0","","111.0000","1","1","Banco do Brasil S.A.","2763","4","0000030006","3","BCO BRASIL - CONTA MOVIMENTO","30/01/2026 00:00:00","RENTABILIDADE","1","160","","","Rendimentos","ENTRADA","5336.11"
"2026","1210","","1210","","","","","1","Tesouro","","","","110","GERAL","0","","","1","1","Banco do Brasil S.A.","2763","4","0000030006","3","BCO BRASIL - CONTA MOVIMENTO","22/01/2026 00:00:00","DEBITO_CONTA_CORRENTE","CONTA_BANCARIA","1","","","","","717","ANULACAO CONTAB. AUTOMÁTICA - RECEB. DA GUIA ORÇAMENTÁRIA: 395","SAIDA","108","1407","147474.28","137241.9","87627.75","","3595443.34","5336.11","2243042.88","36576.66","318469.79","556301.83","312487.67","842225.48","","","0","0","","","2026","1210","","","1","Tesouro","","","111","REMUNERAÇÃO DE APLICAÇÕES FINANCEIRAS","0","","111.0000","1","1","Banco do Brasil S.A.","2763","4","0000030006","3","BCO BRASIL - CONTA MOVIMENTO","30/01/2026 00:00:00","RENTABILIDADE","1","160","","","Rendimentos","ENTRADA","5336.11"
"2026","1210","","1210","","","","","1","Tesouro","","","","110","GERAL","0","","","1","1","Banco do Brasil S.A.","2763","4","0000030006","3","BCO BRASIL - CONTA MOVIMENTO","22/01/2026 00:00:00","DEBITO_CONTA_CORRENTE","CONTA_BANCARIA","1","","","","","717","ANULACAO CONTAB. AUTOMÁTICA - RECEB. DA GUIA ORÇAMENTÁRIA: 395","SAIDA","513","1407","147474.28","136728.9","87627.75","","3595443.34","5336.11","2243042.88","36576.66","318469.79","556301.83","312487.67","842225.48","","","0","0","","","2026","1210","","","1","Tesouro","","","111","REMUNERAÇÃO DE APLICAÇÕES FINANCEIRAS","0","","111.0000","1","1","Banco do Brasil S.A.","2763","4","0000030006","3","BCO BRASIL - CONTA MOVIMENTO","30/01/2026 00:00:00","RENTABILIDADE","1","160","","","Rendimentos","ENTRADA","5336.11"
"2026","1210","","1210","","","","","1","Tesouro","","","","110","GERAL","0","","","1","1","Banco do Brasil S.A.","2763","4","0000030006","3","BCO BRASIL - CONTA MOVIMENTO","22/01/2026 00:00:00","DEBITO_CONTA_CORRENTE","CONTA_BANCARIA","1","","","","","717","ANULACAO CONTAB. AUTOMÁTICA - RECEB. DA GUIA ORÇAMENTÁRIA: 395","SAIDA","85.84","1407","147474.28","136643.06","87627.75","","3595443.34","5336.11","2243042.88","36576.66","318469.79","556301.83","312487.67","842225.48","","","0","0","","","2026","1210","","","1","Tesouro","","","111","REMUNERAÇÃO DE APLICAÇÕES FINANCEIRAS","0","","111.0000","1","1","Banco do Brasil S.A.","2763","4","0000030006","3","BCO BRASIL - CONTA MOVIMENTO","30/01/2026 00:00:00","RENTABILIDADE","1","160","","","Rendimentos","ENTRADA","5336.11"
"2026","1210","","1210","","","","","1","Tesouro","","","","110","GERAL","0","","","1","1","Banco do Brasil S.A.","2763","4","0000030006","3","BCO BRASIL - CONTA MOVIMENTO","22/01/2026 00:00:00","CREDITO_CONTA_CORRENTE","CONTA_BANCARIA","1","395","","","","","CONTAB. AUTOMÁTICA - RECEB. DA GUIA ORÇAMENTÁRIA: 395","ENTRADA","15053.6","1407","147474.28","151696.66","87627.75","","3595443.34","5336.11","2243042.88","36576.66","318469.79","556301.83","312487.67","842225.48","","","0","0","","","2026","1210","","","1","Tesouro","","","111","REMUNERAÇÃO DE APLICAÇÕES FINANCEIRAS","0","","111.0000","1","1","Banco do Brasil S.A.","2763","4","0000030006","3","BCO BRASIL - CONTA MOVIMENTO","30/01/2026 00:00:00","RENTABILIDADE","1","160","","","Rendimentos","ENTRADA","5336.11"
"2026","1210","","1210","","","","","1","Tesouro","","","","110","GERAL","0","","","1","1","Banco do Brasil S.A.","2763","4","0000030006","3","BCO BRASIL - CONTA MOVIMENTO","22/01/2026 00:00:00","DEBITO_CONTA_CORRENTE","CONTA_BANCARIA","1","","","","","717","ANULACAO CONTAB. AUTOMÁTICA - RECEB. DA GUIA ORÇAMENTÁRIA: 395","SAIDA","12.83","1407","147474.28","151683.83","87627.75","","3595443.34","5336.11","2243042.88","36576.66","318469.79","556301.83","312487.67","842225.48","","","0","0","","","2026","1210","","","1","Tesouro","","","111","REMUNERAÇÃO DE APLICAÇÕES FINANCEIRAS","0","","111.0000","1","1","Banco do Brasil S.A.","2763","4","0000030006","3","BCO BRASIL - CONTA MOVIMENTO","30/01/2026 00:00:00","RENTABILIDADE","1","160","","","Rendimentos","ENTRADA","5336.11"
"2026","1210","","1210","","","","","1","Tesouro","","","","110","GERAL","0","","","1","1","Banco do Brasil S.A.","2763","4","0000030006","3","BCO BRASIL - CONTA MOVIMENTO","22/01/2026 00:00:00","DEBITO_CONTA_CORRENTE","CONTA_BANCARIA","1","","","","","717","ANULACAO CONTAB. AUTOMÁTICA - RECEB. DA GUIA ORÇAMENTÁRIA: 395","SAIDA","75","1407","147474.28","151608.83","87627.75","","3595443.34","5336.11","2243042.88","36576.66","318469.79","556301.83","312487.67","842225.48","","","0","0","","","2026","1210","","","1","Tesouro","","","111","REMUNERAÇÃO DE APLICAÇÕES FINANCEIRAS","0","","111.0000","1","1","Banco do Brasil S.A.","2763","4","0000030006","3","BCO BRASIL - CONTA MOVIMENTO","30/01/2026 00:00:00","RENTABILIDADE","1","160","","","Rendimentos","ENTRADA","5336.11"
"2026","1210","","1210","","","","","1","Tesouro","","","","110","GERAL","0","","","1","1","Banco do Brasil S.A.","2763","4","0000030006","3","BCO BRASIL - CONTA MOVIMENTO","22/01/2026 00:00:00","DEBITO_CONTA_CORRENTE","CONTA_BANCARIA","1","","","","","717","ANULACAO CONTAB. AUTOMÁTICA - RECEB. DA GUIA ORÇAMENTÁRIA: 395","SAIDA","975.4","1407","147474.28","150633.43","87627.75","","3595443.34","5336.11","2243042.88","36576.66","318469.79","556301.83","312487.67","842225.48","","","0","0","","","2026","1210","","","1","Tesouro","","","111","REMUNERAÇÃO DE APLICAÇÕES FINANCEIRAS","0","","111.0000","1","1","Banco do Brasil S.A.","2763","4","0000030006","3","BCO BRASIL - CONTA MOVIMENTO","30/01/2026 00:00:00","RENTABILIDADE","1","160","","","Rendimentos","ENTRADA","5336.11"
"2026","1210","","1210","","","","","1","Tesouro","","","","110","GERAL","0","","","1","1","Banco do Brasil S.A.","2763","4","0000030006","3","BCO BRASIL - CONTA MOVIMENTO","22/01/2026 00:00:00","DEBITO_CONTA_CORRENTE","CONTA_BANCARIA","1","","","","","717","ANULACAO CONTAB. AUTOMÁTICA - RECEB. DA GUIA ORÇAMENTÁRIA: 395","SAIDA","315.42","1407","147474.28","150318.01","87627.75","","3595443.34","5336.11","2243042.88","36576.66","318469.79","556301.83","312487.67","842225.48","","","0","0","","","2026","1210","","","1","Tesouro","","","111","REMUNERAÇÃO DE APLICAÇÕES FINANCEIRAS","0","","111.0000","1","1","Banco do Brasil S.A.","2763","4","0000030006","3","BCO BRASIL - CONTA MOVIMENTO","30/01/2026 00:00:00","RENTABILIDADE","1","160","","","Rendimentos","ENTRADA","5336.11"
"2026","1210","","1210","","","","","19","RECURSOS EXTRAÓRÇAMENTÁRIOS","","","","190","MOVIMENTAÇÕES EXTRAORÇAMENTÁRIAS GERAL","0","","","1","1","Banco do Brasil S.A.","2763","4","0000030006","3","BCO BRASIL - CONTA MOVIMENTO","22/01/2026 00:00:00","DEBITO_CONTA_CORRENTE","CONTA_BANCARIA","2","","","","","","ANULACAO CONTAB. AUTOMÁTICA - RECEB. DA GUIA EXTRA-ORÇAMENTÁRIA: 43","SAIDA","59.26","1407","147474.28","150258.75","87627.75","","3595443.34","5336.11","2243042.88","36576.66","318469.79","556301.83","312487.67","842225.48","","","0","0","","","2026","1210","","","1","Tesouro","","","111","REMUNERAÇÃO DE APLICAÇÕES FINANCEIRAS","0","","111.0000","1","1","Banco do Brasil S.A.","2763","4","0000030006","3","BCO BRASIL - CONTA MOVIMENTO","30/01/2026 00:00:00","RENTABILIDADE","1","160","","","Rendimentos","ENTRADA","5336.11"
"2026","1210","","1210","","","","","19","RECURSOS EXTRAÓRÇAMENTÁRIOS","","","","190","MOVIMENTAÇÕES EXTRAORÇAMENTÁRIAS GERAL","0","","","1","1","Banco do Brasil S.A.","2763","4","0000030006","3","BCO BRASIL - CONTA MOVIMENTO","22/01/2026 00:00:00","CREDITO_CONTA_CORRENTE","CONTA_BANCARIA","2","43","","","","","CONTAB. AUTOMÁTICA - RECEB. DA GUIA EXTRA-ORÇAMENTÁRIA: 43","ENTRADA","59.26","1407","147474.28","150318.01","87627.75","","3595443.34","5336.11","2243042.88","36576.66","318469.79","556301.83","312487.67","842225.48","","","0","0","","","2026","1210","","","1","Tesouro","","","111","REMUNERAÇÃO DE APLICAÇÕES FINANCEIRAS","0","","111.0000","1","1","Banco do Brasil S.A.","2763","4","0000030006","3","BCO BRASIL - CONTA MOVIMENTO","30/01/2026 00:00:00","RENTABILIDADE","1","160","","","Rendimentos","ENTRADA","5336.11"
"2026","1210","","1210","","","","","1","Tesouro","","","","110","GERAL","0","","","1","1","Banco do Brasil S.A.","2763","4","0000030006","3","BCO BRASIL - CONTA MOVIMENTO","22/01/2026 00:00:00","CREDITO_CONTA_CORRENTE","CONTA_BANCARIA","2","","","","59","","Transf ref ISS MMR Serviços Médicos e Gestão em Saúde Ltda (NF 103)","ENTRADA","1166.37","1407","147474.28","151484.38","87627.75","","3595443.34","5336.11","2243042.88","36576.66","318469.79","556301.83","312487.67","842225.48","","","0","0","","","2026","1210","","","1","Tesouro","","","111","REMUNERAÇÃO DE APLICAÇÕES FINANCEIRAS","0","","111.0000","1","1","Banco do Brasil S.A.","2763","4","0000030006","3","BCO BRASIL - CONTA MOVIMENTO","30/01/2026 00:00:00","RENTABILIDADE","1","160","","","Rendimentos","ENTRADA","5336.11"
"2026","1210","","1210","","","","","1","Tesouro","","","","110","GERAL","0","","","1","1","Banco do Brasil S.A.","2763","4","0000030006","3","BCO BRASIL - CONTA MOVIMENTO","22/01/2026 00:00:00","DEBITO_CONTA_CORRENTE","CONTA_BANCARIA","2","","266","16809","","","NE 717/2025","SAIDA","685.93","1407","147474.28","150798.45","87627.75","","3595443.34","5336.11","2243042.88","36576.66","318469.79","556301.83","312487.67","842225.48","","","0","0","AutorizacaoPagamento{exercicioContabil=2026, numero=266, Juridicionado=01 - PREFEITURA MUNICIPAL DE VARGEM GRANDE DO SUL}","","2026","1210","","","1","Tesouro","","","111","REMUNERAÇÃO DE APLICAÇÕES FINANCEIRAS","0","","111.0000","1","1","Banco do Brasil S.A.","2763","4","0000030006","3","BCO BRASIL - CONTA MOVIMENTO","30/01/2026 00:00:00","RENTABILIDADE","1","160","","","Rendimentos","ENTRADA","5336.11"
"2026","1210","","1210","","","","","1","Tesouro","","","","110","GERAL","0","","","1","1","Banco do Brasil S.A.","2763","4","0000030006","3","BCO BRASIL - CONTA MOVIMENTO","22/01/2026 00:00:00","CREDITO_CONTA_CORRENTE","CONTA_BANCARIA","3","824","","","","","CONTAB. AUTOMÁTICA - RECEB. DA GUIA ORÇAMENTÁRIA: 824","ENTRADA","15053.6","1407","147474.28","165852.05","87627.75","","3595443.34","5336.11","2243042.88","36576.66","318469.79","556301.83","312487.67","842225.48","","","0","0","","","2026","1210","","","1","Tesouro","","","111","REMUNERAÇÃO DE APLICAÇÕES FINANCEIRAS","0","","111.0000","1","1","Banco do Brasil S.A.","2763","4","0000030006","3","BCO BRASIL - CONTA MOVIMENTO","30/01/2026 00:00:00","RENTABILIDADE","1","160","","","Rendimentos","ENTRADA","5336.11"
"2026","1210","","1210","","","","","1","Tesouro","","","","110","GERAL","0","","","1","1","Banco do Brasil S.A.","2763","4","0000030006","3","BCO BRASIL - CONTA MOVIMENTO","22/01/2026 00:00:00","CREDITO_CONTA_CORRENTE","CONTA_BANCARIA","3","","","","60","","Transf ref IR MMR Serviços Médicos e Gestão em Saúde Ltda (NF 103)","ENTRADA","466.55","1407","147474.28","166318.6","87627.75","","3595443.34","5336.11","2243042.88","36576.66","318469.79","556301.83","312487.67","842225.48","","","0","0","","","2026","1210","","","1","Tesouro","","","111","REMUNERAÇÃO DE APLICAÇÕES FINANCEIRAS","0","","111.0000","1","1","Banco do Brasil S.A.","2763","4","0000030006","3","BCO BRASIL - CONTA MOVIMENTO","30/01/2026 00:00:00","RENTABILIDADE","1","160","","","Rendimentos","ENTRADA","5336.11"
"2026","1210","","1210","","","","","1","Tesouro","","","","110","GERAL","0","","","1","1","Banco do Brasil S.A.","2763","4","0000030006","3","BCO BRASIL - CONTA MOVIMENTO","22/01/2026 00:00:00","CREDITO_CONTA_CORRENTE","CONTA_BANCARIA","4","","","","64","","Transf ref IR Contro-Lab Análises Clínicas S/C Ltda (NF 827)","ENTRADA","1996.63","1407","147474.28","168315.23","87627.75","","3595443.34","5336.11","2243042.88","36576.66","318469.79","556301.83","312487.67","842225.48","","","0","0","","","2026","1210","","","1","Tesouro","","","111","REMUNERAÇÃO DE APLICAÇÕES FINANCEIRAS","0","","111.0000","1","1","Banco do Brasil S.A.","2763","4","0000030006","3","BCO BRASIL - CONTA MOVIMENTO","30/01/2026 00:00:00","RENTABILIDADE","1","160","","","Rendimentos","ENTRADA","5336.11"
"2026","1210","","1210","","","","","19","RECURSOS EXTRAÓRÇAMENTÁRIOS","","","","190","MOVIMENTAÇÕES EXTRAORÇAMENTÁRIAS GERAL","0","","","1","1","Banco do Brasil S.A.","2763","4","0000030006","3","BCO BRASIL - CONTA MOVIMENTO","22/01/2026 00:00:00","CREDITO_CONTA_CORRENTE","CONTA_BANCARIA","4","146","","","","","CONTAB. AUTOMÁTICA - RECEB. DA GUIA EXTRA-ORÇAMENTÁRIA: 146","ENTRADA","59.26","1407","147474.28","168374.49","87627.75","","3595443.34","5336.11","2243042.88","36576.66","318469.79","556301.83","312487.67","842225.48","","","0","0","","","2026","1210","","","1","Tesouro","","","111","REMUNERAÇÃO DE APLICAÇÕES FINANCEIRAS","0","","111.0000","1","1","Banco do Brasil S.A.","2763","4","0000030006","3","BCO BRASIL - CONTA MOVIMENTO","30/01/2026 00:00:00","RENTABILIDADE","1","160","","","Rendimentos","ENTRADA","5336.11"
"2026","1210","","1210","","","","","1","Tesouro","","","","110","GERAL","0","","","1","1","Banco do Brasil S.A.","2763","4","0000030006","3","BCO BRASIL - CONTA MOVIMENTO","22/01/2026 00:00:00","CREDITO_CONTA_CORRENTE","CONTA_BANCARIA","5","","","","65","","Transf ref ISS Contro-Lab Análises Clínicas S/C Ltda (NF 827)","ENTRADA","4991.58","1407","147474.28","173366.07","87627.75","","3595443.34","5336.11","2243042.88","36576.66","318469.79","556301.83","312487.67","842225.48","","","0","0","","","2026","1210","","","1","Tesouro","","","111","REMUNERAÇÃO DE APLICAÇÕES FINANCEIRAS","0","","111.0000","1","1","Banco do Brasil S.A.","2763","4","0000030006","3","BCO BRASIL - CONTA MOVIMENTO","30/01/2026 00:00:00","RENTABILIDADE","1","160","","","Rendimentos","ENTRADA","5336.11"
"2026","1210","","1210","","","","","1","Tesouro","","","","110","GERAL","0","","","1","1","Banco do Brasil S.A.","2763","4","0000030006","3","BCO BRASIL - CONTA MOVIMENTO","22/01/2026 00:00:00","CREDITO_CONTA_CORRENTE","CONTA_BANCARIA","6","","","","68","","Transf ref IR BR Dezena Hortifruti (NF 3109)","ENTRADA","1.26","1407","147474.28","173367.33","87627.75","","3595443.34","5336.11","2243042.88","36576.66","318469.79","556301.83","312487.67","842225.48","","","0","0","","","2026","1210","","","1","Tesouro","","","111","REMUNERAÇÃO DE APLICAÇÕES FINANCEIRAS","0","","111.0000","1","1","Banco do Brasil S.A.","2763","4","0000030006","3","BCO BRASIL - CONTA MOVIMENTO","30/01/2026 00:00:00","RENTABILIDADE","1","160","","","Rendimentos","ENTRADA","5336.11"
"2026","1210","","1210","","","","","1","Tesouro","","","","110","GERAL","0","","","1","1","Banco do Brasil S.A.","2763","4","0000030006","3","BCO BRASIL - CONTA MOVIMENTO","22/01/2026 00:00:00","CREDITO_CONTA_CORRENTE","CONTA_BANCARIA","7","","","","70","","Transf ref ISS Luis A Modena ME (NF 1877, 1878) ","ENTRADA","95.94","1407","147474.28","173463.27","87627.75","","3595443.34","5336.11","2243042.88","36576.66","318469.79","556301.83","312487.67","842225.48","","","0","0","","","2026","1210","","","1","Tesouro","","","111","REMUNERAÇÃO DE APLICAÇÕES FINANCEIRAS","0","","111.0000","1","1","Banco do Brasil S.A.","2763","4","0000030006","3","BCO BRASIL - CONTA MOVIMENTO","30/01/2026 00:00:00","RENTABILIDADE","1","160","","","Rendimentos","ENTRADA","5336.11"
"2026","1210","","1210","","","","","1","Tesouro","","","","110","GERAL","0","","","1","1","Banco do Brasil S.A.","2763","4","0000030006","3","BCO BRASIL - CONTA MOVIMENTO","22/01/2026 00:00:00","CREDITO_CONTA_CORRENTE","CONTA_BANCARIA","8","","","","74","","Transf ref IR Distrib de Alimentos Nagib Ltda (NF 19589) ","ENTRADA","0.06","1407","147474.28","173463.33","87627.75","","3595443.34","5336.11","2243042.88","36576.66","318469.79","556301.83","312487.67","842225.48","","","0","0","","","2026","1210","","","1","Tesouro","","","111","REMUNERAÇÃO DE APLICAÇÕES FINANCEIRAS","0","","111.0000","1","1","Banco do Brasil S.A.","2763","4","0000030006","3","BCO BRASIL - CONTA MOVIMENTO","30/01/2026 00:00:00","RENTABILIDADE","1","160","","","Rendimentos","ENTRADA","5336.11"
"2026","1210","","1210","","","","","1","Tesouro","","","","110","GERAL","0","","","1","1","Banco do Brasil S.A.","2763","4","0000030006","3","BCO BRASIL - CONTA MOVIMENTO","22/01/2026 00:00:00","CREDITO_CONTA_CORRENTE","CONTA_BANCARIA","9","","","","78","","Transf ref IR Lumar Com de Prods Farmacêuticos Ltda (NF 280225) ","ENTRADA","10.2","1407","147474.28","173473.53","87627.75","","3595443.34","5336.11","2243042.88","36576.66","318469.79","556301.83","312487.67","842225.48","","","0","0","","","2026","1210","","","1","Tesouro","","","111","REMUNERAÇÃO DE APLICAÇÕES FINANCEIRAS","0","","111.0000","1","1","Banco do Brasil S.A.","2763","4","0000030006","3","BCO BRASIL - CONTA MOVIMENTO","30/01/2026 00:00:00","RENTABILIDADE","1","160","","","Rendimentos","ENTRADA","5336.11"
"2026","1210","","1210","","","","","1","Tesouro","","","","110","GERAL","0","","","1","1","Banco do Brasil S.A.","2763","4","0000030006","3","BCO BRASIL - CONTA MOVIMENTO","22/01/2026 00:00:00","CREDITO_CONTA_CORRENTE","CONTA_BANCARIA","10","","","","80","","Transf ref IR Diagcenter - Medicina Diagnóstica Ltda (NF 2821)","ENTRADA","27.22","1407","147474.28","173500.75","87627.75","","3595443.34","5336.11","2243042.88","36576.66","318469.79","556301.83","312487.67","842225.48","","","0","0","","","2026","1210","","","1","Tesouro","","","111","REMUNERAÇÃO DE APLICAÇÕES FINANCEIRAS","0","","111.0000","1","1","Banco do Brasil S.A.","2763","4","0000030006","3","BCO BRASIL - CONTA MOVIMENTO","30/01/2026 00:00:00","RENTABILIDADE","1","160","","","Rendimentos","ENTRADA","5336.11"
"2026","1210","","1210","","","","","1","Tesouro","","","","110","GERAL","0","","","1","1","Banco do Brasil S.A.","2763","4","0000030006","3","BCO BRASIL - CONTA MOVIMENTO","22/01/2026 00:00:00","CREDITO_CONTA_CORRENTE","CONTA_BANCARIA","11","","","","81","","Transf ref ISS Diagcenter - Medicina Diagnóstica Ltda (NF 2821)","ENTRADA","68.04","1407","147474.28","173568.79","87627.75","","3595443.34","5336.11","2243042.88","36576.66","318469.79","556301.83","312487.67","842225.48","","","0","0","","","2026","1210","","","1","Tesouro","","","111","REMUNERAÇÃO DE APLICAÇÕES FINANCEIRAS","0","","111.0000","1","1","Banco do Brasil S.A.","2763","4","0000030006","3","BCO BRASIL - CONTA MOVIMENTO","30/01/2026 00:00:00","RENTABILIDADE","1","160","","","Rendimentos","ENTRADA","5336.11"
"2026","1210","","1210","","","","","1","Tesouro","","","","110","GERAL","0","","","1","1","Banco do Brasil S.A.","2763","4","0000030006","3","BCO BRASIL - CONTA MOVIMENTO","22/01/2026 00:00:00","CREDITO_CONTA_CORRENTE","CONTA_BANCARIA","12","134","","","","","LANÇAMENTO DE RECEITA","ENTRADA","1050.54","1407","147474.28","174619.33","87627.75","","3595443.34","5336.11","2243042.88","36576.66","318469.79","556301.83","312487.67","842225.48","","","0","0","","","2026","1210","","","1","Tesouro","","","111","REMUNERAÇÃO DE APLICAÇÕES FINANCEIRAS","0","","111.0000","1","1","Banco do Brasil S.A.","2763","4","0000030006","3","BCO BRASIL - CONTA MOVIMENTO","30/01/2026 00:00:00","RENTABILIDADE","1","160","","","Rendimentos","ENTRADA","5336.11"
"2026","1210","","1210","","","","","1","Tesouro","","","","110","GERAL","0","","","1","1","Banco do Brasil S.A.","2763","4","0000030006","3","BCO BRASIL - CONTA MOVIMENTO","23/01/2026 00:00:00","DEBITO_CONTA_CORRENTE","CONTA_BANCARIA","1","","","","","710","ANULACAO CONTAB. AUTOMÁTICA - RECEB. DA GUIA ORÇAMENTÁRIA: 399","SAIDA","1.76","1407","147474.28","174617.57","87627.75","","3595443.34","5336.11","2243042.88","36576.66","318469.79","556301.83","312487.67","842225.48","","","0","0","","","2026","1210","","","1","Tesouro","","","111","REMUNERAÇÃO DE APLICAÇÕES FINANCEIRAS","0","","111.0000","1","1","Banco do Brasil S.A.","2763","4","0000030006","3","BCO BRASIL - CONTA MOVIMENTO","30/01/2026 00:00:00","RENTABILIDADE","1","160","","","Rendimentos","ENTRADA","5336.11"
"2026","1210","","1210","","","","","1","Tesouro","","","","110","GERAL","0","","","1","1","Banco do Brasil S.A.","2763","4","0000030006","3","BCO BRASIL - CONTA MOVIMENTO","23/01/2026 00:00:00","DEBITO_CONTA_CORRENTE","CONTA_BANCARIA","1","","","","","710","ANULACAO CONTAB. AUTOMÁTICA - RECEB. DA GUIA ORÇAMENTÁRIA: 399","SAIDA","385.74","1407","147474.28","174231.83","87627.75","","3595443.34","5336.11","2243042.88","36576.66","318469.79","556301.83","312487.67","842225.48","","","0","0","","","2026","1210","","","1","Tesouro","","","111","REMUNERAÇÃO DE APLICAÇÕES FINANCEIRAS","0","","111.0000","1","1","Banco do Brasil S.A.","2763","4","0000030006","3","BCO BRASIL - CONTA MOVIMENTO","30/01/2026 00:00:00","RENTABILIDADE","1","160","","","Rendimentos","ENTRADA","5336.11"
"2026","1210","","1210","","","","","1","Tesouro","","","","110","GERAL","0","","","1","1","Banco do Brasil S.A.","2763","4","0000030006","3","BCO BRASIL - CONTA MOVIMENTO","23/01/2026 00:00:00","DEBITO_CONTA_CORRENTE","CONTA_BANCARIA","1","","","","","710","ANULACAO CONTAB. AUTOMÁTICA - RECEB. DA GUIA ORÇAMENTÁRIA: 399","SAIDA","14.12","1407","147474.28","174217.71","87627.75","","3595443.34","5336.11","2243042.88","36576.66","318469.79","556301.83","312487.67","842225.48","","","0","0","","","2026","1210","","","1","Tesouro","","","111","REMUNERAÇÃO DE APLICAÇÕES FINANCEIRAS","0","","111.0000","1","1","Banco do Brasil S.A.","2763","4","0000030006","3","BCO BRASIL - CONTA MOVIMENTO","30/01/2026 00:00:00","RENTABILIDADE","1","160","","","Rendimentos","ENTRADA","5336.11"
"2026","1210","","1210","","","","","1","Tesouro","","","","110","GERAL","0","","","1","1","Banco do Brasil S.A.","2763","4","0000030006","3","BCO BRASIL - CONTA MOVIMENTO","23/01/2026 00:00:00","DEBITO_CONTA_CORRENTE","CONTA_BANCARIA","1","","","","","710","ANULACAO CONTAB. AUTOMÁTICA - RECEB. DA GUIA ORÇAMENTÁRIA: 399","SAIDA","4428.82","1407","147474.28","169788.89","87627.75","","3595443.34","5336.11","2243042.88","36576.66","318469.79","556301.83","312487.67","842225.48","","","0","0","","","2026","1210","","","1","Tesouro","","","111","REMUNERAÇÃO DE APLICAÇÕES FINANCEIRAS","0","","111.0000","1","1","Banco do Brasil S.A.","2763","4","0000030006","3","BCO BRASIL - CONTA MOVIMENTO","30/01/2026 00:00:00","RENTABILIDADE","1","160","","","Rendimentos","ENTRADA","5336.11"
"2026","1210","","1210","","","","","1","Tesouro","","","","110","GERAL","0","","","1","1","Banco do Brasil S.A.","2763","4","0000030006","3","BCO BRASIL - CONTA MOVIMENTO","23/01/2026 00:00:00","DEBITO_CONTA_CORRENTE","CONTA_BANCARIA","1","","","","","710","ANULACAO CONTAB. AUTOMÁTICA - RECEB. DA GUIA ORÇAMENTÁRIA: 399","SAIDA","2234.31","1407","147474.28","167554.58","87627.75","","3595443.34","5336.11","2243042.88","36576.66","318469.79","556301.83","312487.67","842225.48","","","0","0","","","2026","1210","","","1","Tesouro","","","111","REMUNERAÇÃO DE APLICAÇÕES FINANCEIRAS","0","","111.0000","1","1","Banco do Brasil S.A.","2763","4","0000030006","3","BCO BRASIL - CONTA MOVIMENTO","30/01/2026 00:00:00","RENTABILIDADE","1","160","","","Rendimentos","ENTRADA","5336.11"
"2026","1210","","1210","","","","","1","Tesouro","","","","110","GERAL","0","","","1","1","Banco do Brasil S.A.","2763","4","0000030006","3","BCO BRASIL - CONTA MOVIMENTO","23/01/2026 00:00:00","CREDITO_CONTA_CORRENTE","CONTA_BANCARIA","1","","","","86","","Transf ref IR Zagonel Iluminação SA (NF 39388)","ENTRADA","622.8","1407","147474.28","168177.38","87627.75","","3595443.34","5336.11","2243042.88","36576.66","318469.79","556301.83","312487.67","842225.48","","","0","0","","","2026","1210","","","1","Tesouro","","","111","REMUNERAÇÃO DE APLICAÇÕES FINANCEIRAS","0","","111.0000","1","1","Banco do Brasil S.A.","2763","4","0000030006","3","BCO BRASIL - CONTA MOVIMENTO","30/01/2026 00:00:00","RENTABILIDADE","1","160","","","Rendimentos","ENTRADA","5336.11"
"2026","1210","","1210","","","","","1","Tesouro","","","","110","GERAL","0","","","1","1","Banco do Brasil S.A.","2763","4","0000030006","3","BCO BRASIL - CONTA MOVIMENTO","23/01/2026 00:00:00","DEBITO_CONTA_CORRENTE","CONTA_BANCARIA","1","","","","","710","ANULACAO CONTAB. AUTOMÁTICA - RECEB. DA GUIA ORÇAMENTÁRIA: 399","SAIDA","86.6","1407","147474.28","168090.78","87627.75","","3595443.34","5336.11","2243042.88","36576.66","318469.79","556301.83","312487.67","842225.48","","","0","0","","","2026","1210","","","1","Tesouro","","","111","REMUNERAÇÃO DE APLICAÇÕES FINANCEIRAS","0","","111.0000","1","1","Banco do Brasil S.A.","2763","4","0000030006","3","BCO BRASIL - CONTA MOVIMENTO","30/01/2026 00:00:00","RENTABILIDADE","1","160","","","Rendimentos","ENTRADA","5336.11"
"2026","1210","","1210","","","","","1","Tesouro","","","","110","GERAL","0","","","1","1","Banco do Brasil S.A.","2763","4","0000030006","3","BCO BRASIL - CONTA MOVIMENTO","23/01/2026 00:00:00","DEBITO_CONTA_CORRENTE","CONTA_BANCARIA","1","","","","","710","ANULACAO CONTAB. AUTOMÁTICA - RECEB. DA GUIA ORÇAMENTÁRIA: 399","SAIDA","8.83","1407","147474.28","168081.95","87627.75","","3595443.34","5336.11","2243042.88","36576.66","318469.79","556301.83","312487.67","842225.48","","","0","0","","","2026","1210","","","1","Tesouro","","","111","REMUNERAÇÃO DE APLICAÇÕES FINANCEIRAS","0","","111.0000","1","1","Banco do Brasil S.A.","2763","4","0000030006","3","BCO BRASIL - CONTA MOVIMENTO","30/01/2026 00:00:00","RENTABILIDADE","1","160","","","Rendimentos","ENTRADA","5336.11"
"2026","1210","","1210","","","","","1","Tesouro","","","","110","GERAL","0","","","1","1","Banco do Brasil S.A.","2763","4","0000030006","3","BCO BRASIL - CONTA MOVIMENTO","23/01/2026 00:00:00","DEBITO_CONTA_CORRENTE","CONTA_BANCARIA","1","","","","","710","ANULACAO CONTAB. AUTOMÁTICA - RECEB. DA GUIA ORÇAMENTÁRIA: 399","SAIDA","15.75","1407","147474.28","168066.2","87627.75","","3595443.34","5336.11","2243042.88","36576.66","318469.79","556301.83","312487.67","842225.48","","","0","0","","","2026","1210","","","1","Tesouro","","","111","REMUNERAÇÃO DE APLICAÇÕES FINANCEIRAS","0","","111.0000","1","1","Banco do Brasil S.A.","2763","4","0000030006","3","BCO BRASIL - CONTA MOVIMENTO","30/01/2026 00:00:00","RENTABILIDADE","1","160","","","Rendimentos","ENTRADA","5336.11"
"2026","1210","","1210","","","","","1","Tesouro","","","","110","GERAL","0","","","1","1","Banco do Brasil S.A.","2763","4","0000030006","3","BCO BRASIL - CONTA MOVIMENTO","23/01/2026 00:00:00","DEBITO_CONTA_CORRENTE","CONTA_BANCARIA","1","","","","","710","ANULACAO CONTAB. AUTOMÁTICA - RECEB. DA GUIA ORÇAMENTÁRIA: 399","SAIDA","76.6","1407","147474.28","167989.6","87627.75","","3595443.34","5336.11","2243042.88","36576.66","318469.79","556301.83","312487.67","842225.48","","","0","0","","","2026","1210","","","1","Tesouro","","","111","REMUNERAÇÃO DE APLICAÇÕES FINANCEIRAS","0","","111.0000","1","1","Banco do Brasil S.A.","2763","4","0000030006","3","BCO BRASIL - CONTA MOVIMENTO","30/01/2026 00:00:00","RENTABILIDADE","1","160","","","Rendimentos","ENTRADA","5336.11"
"2026","1210","","1210","","","","","1","Tesouro","","","","110","GERAL","0","","","1","1","Banco do Brasil S.A.","2763","4","0000030006","3","BCO BRASIL - CONTA MOVIMENTO","23/01/2026 00:00:00","DEBITO_CONTA_CORRENTE","CONTA_BANCARIA","1","","285","16831","","","NE 5485/2025","SAIDA","1170","1407","147474.28","166819.6","87627.75","","3595443.34","5336.11","2243042.88","36576.66","318469.79","556301.83","312487.67","842225.48","","","0","0","AutorizacaoPagamento{exercicioContabil=2026, numero=285, Juridicionado=01 - PREFEITURA MUNICIPAL DE VARGEM GRANDE DO SUL}","","2026","1210","","","1","Tesouro","","","111","REMUNERAÇÃO DE APLICAÇÕES FINANCEIRAS","0","","111.0000","1","1","Banco do Brasil S.A.","2763","4","0000030006","3","BCO BRASIL - CONTA MOVIMENTO","30/01/2026 00:00:00","RENTABILIDADE","1","160","","","Rendimentos","ENTRADA","5336.11"
"2026","1210","","1210","","","","","1","Tesouro","","","","110","GERAL","0","","","1","1","Banco do Brasil S.A.","2763","4","0000030006","3","BCO BRASIL - CONTA MOVIMENTO","23/01/2026 00:00:00","DEBITO_CONTA_CORRENTE","CONTA_BANCARIA","1","","","","","710","ANULACAO CONTAB. AUTOMÁTICA - RECEB. DA GUIA ORÇAMENTÁRIA: 399","SAIDA","86.63","1407","147474.28","166732.97","87627.75","","3595443.34","5336.11","2243042.88","36576.66","318469.79","556301.83","312487.67","842225.48","","","0","0","","","2026","1210","","","1","Tesouro","","","111","REMUNERAÇÃO DE APLICAÇÕES FINANCEIRAS","0","","111.0000","1","1","Banco do Brasil S.A.","2763","4","0000030006","3","BCO BRASIL - CONTA MOVIMENTO","30/01/2026 00:00:00","RENTABILIDADE","1","160","","","Rendimentos","ENTRADA","5336.11"
"2026","1210","","1210","","","","","1","Tesouro","","","","110","GERAL","0","","","1","1","Banco do Brasil S.A.","2763","4","0000030006","3","BCO BRASIL - CONTA MOVIMENTO","23/01/2026 00:00:00","DEBITO_CONTA_CORRENTE","CONTA_BANCARIA","1","","","","","710","ANULACAO CONTAB. AUTOMÁTICA - RECEB. DA GUIA ORÇAMENTÁRIA: 399","SAIDA","1885.91","1407","147474.28","164847.06","87627.75","","3595443.34","5336.11","2243042.88","36576.66","318469.79","556301.83","312487.67","842225.48","","","0","0","","","2026","1210","","","1","Tesouro","","","111","REMUNERAÇÃO DE APLICAÇÕES FINANCEIRAS","0","","111.0000","1","1","Banco do Brasil S.A.","2763","4","0000030006","3","BCO BRASIL - CONTA MOVIMENTO","30/01/2026 00:00:00","RENTABILIDADE","1","160","","","Rendimentos","ENTRADA","5336.11"
"2026","1210","","1210","","","","","1","Tesouro","","","","110","GERAL","0","","","1","1","Banco do Brasil S.A.","2763","4","0000030006","3","BCO BRASIL - CONTA MOVIMENTO","23/01/2026 00:00:00","DEBITO_CONTA_CORRENTE","CONTA_BANCARIA","1","","","","","710","ANULACAO CONTAB. AUTOMÁTICA - RECEB. DA GUIA ORÇAMENTÁRIA: 399","SAIDA","454.04","1407","147474.28","164393.02","87627.75","","3595443.34","5336.11","2243042.88","36576.66","318469.79","556301.83","312487.67","842225.48","","","0","0","","","2026","1210","","","1","Tesouro","","","111","REMUNERAÇÃO DE APLICAÇÕES FINANCEIRAS","0","","111.0000","1","1","Banco do Brasil S.A.","2763","4","0000030006","3","BCO BRASIL - CONTA MOVIMENTO","30/01/2026 00:00:00","RENTABILIDADE","1","160","","","Rendimentos","ENTRADA","5336.11"
"2026","1210","","1210","","","","","1","Tesouro","","","","110","GERAL","0","","","1","1","Banco do Brasil S.A.","2763","4","0000030006","3","BCO BRASIL - CONTA MOVIMENTO","23/01/2026 00:00:00","DEBITO_CONTA_CORRENTE","CONTA_BANCARIA","1","","","","","710","ANULACAO CONTAB. AUTOMÁTICA - RECEB. DA GUIA ORÇAMENTÁRIA: 399","SAIDA","1.98","1407","147474.28","164391.04","87627.75","","3595443.34","5336.11","2243042.88","36576.66","318469.79","556301.83","312487.67","842225.48","","","0","0","","","2026","1210","","","1","Tesouro","","","111","REMUNERAÇÃO DE APLICAÇÕES FINANCEIRAS","0","","111.0000","1","1","Banco do Brasil S.A.","2763","4","0000030006","3","BCO BRASIL - CONTA MOVIMENTO","30/01/2026 00:00:00","RENTABILIDADE","1","160","","","Rendimentos","ENTRADA","5336.11"
"2026","1210","","1210","","","","","1","Tesouro","","","","110","GERAL","0","","","1","1","Banco do Brasil S.A.","2763","4","0000030006","3","BCO BRASIL - CONTA MOVIMENTO","23/01/2026 00:00:00","CREDITO_CONTA_CORRENTE","CONTA_BANCARIA","1","399","","","","","CONTAB. AUTOMÁTICA - RECEB. DA GUIA ORÇAMENTÁRIA: 399","ENTRADA","9771.93","1407","147474.28","174162.97","87627.75","","3595443.34","5336.11","2243042.88","36576.66","318469.79","556301.83","312487.67","842225.48","","","0","0","","","2026","1210","","","1","Tesouro","","","111","REMUNERAÇÃO DE APLICAÇÕES FINANCEIRAS","0","","111.0000","1","1","Banco do Brasil S.A.","2763","4","0000030006","3","BCO BRASIL - CONTA MOVIMENTO","30/01/2026 00:00:00","RENTABILIDADE","1","160","","","Rendimentos","ENTRADA","5336.11"
"2026","1210","","1210","","","","","1","Tesouro","","","","110","GERAL","0","","","1","1","Banco do Brasil S.A.","2763","4","0000030006","3","BCO BRASIL - CONTA MOVIMENTO","23/01/2026 00:00:00","DEBITO_CONTA_CORRENTE","CONTA_BANCARIA","1","","","","","710","ANULACAO CONTAB. AUTOMÁTICA - RECEB. DA GUIA ORÇAMENTÁRIA: 399","SAIDA","90.84","1407","147474.28","174072.13","87627.75","","3595443.34","5336.11","2243042.88","36576.66","318469.79","556301.83","312487.67","842225.48","","","0","0","","","2026","1210","","","1","Tesouro","","","111","REMUNERAÇÃO DE APLICAÇÕES FINANCEIRAS","0","","111.0000","1","1","Banco do Brasil S.A.","2763","4","0000030006","3","BCO BRASIL - CONTA MOVIMENTO","30/01/2026 00:00:00","RENTABILIDADE","1","160","","","Rendimentos","ENTRADA","5336.11"
"2026","1210","","1210","","","","","1","Tesouro","","","","110","GERAL","0","","","1","1","Banco do Brasil S.A.","2763","4","0000030006","3","BCO BRASIL - CONTA MOVIMENTO","23/01/2026 00:00:00","CREDITO_CONTA_CORRENTE","CONTA_BANCARIA","2","825","","","","","CONTAB. AUTOMÁTICA - RECEB. DA GUIA ORÇAMENTÁRIA: 825","ENTRADA","9771.93","1407","147474.28","183844.06","87627.75","","3595443.34","5336.11","2243042.88","36576.66","318469.79","556301.83","312487.67","842225.48","","","0","0","","","2026","1210","","","1","Tesouro","","","111","REMUNERAÇÃO DE APLICAÇÕES FINANCEIRAS","0","","111.0000","1","1","Banco do Brasil S.A.","2763","4","0000030006","3","BCO BRASIL - CONTA MOVIMENTO","30/01/2026 00:00:00","RENTABILIDADE","1","160","","","Rendimentos","ENTRADA","5336.11"
"2026","1210","","1210","","","","","1","Tesouro","","","","110","GERAL","0","","","1","1","Banco do Brasil S.A.","2763","4","0000030006","3","BCO BRASIL - CONTA MOVIMENTO","23/01/2026 00:00:00","CREDITO_CONTA_CORRENTE","CONTA_BANCARIA","2","","","","88","","Transf ref IR Nutrivet Com de Rações e Prods Veterinário Ltda (NF 660473)","ENTRADA","8.77","1407","147474.28","183852.83","87627.75","","3595443.34","5336.11","2243042.88","36576.66","318469.79","556301.83","312487.67","842225.48","","","0","0","","","2026","1210","","","1","Tesouro","","","111","REMUNERAÇÃO DE APLICAÇÕES FINANCEIRAS","0","","111.0000","1","1","Banco do Brasil S.A.","2763","4","0000030006","3","BCO BRASIL - CONTA MOVIMENTO","30/01/2026 00:00:00","RENTABILIDADE","1","160","","","Rendimentos","ENTRADA","5336.11"
"2026","1210","","1210","","","","","1","Tesouro","","","","110","GERAL","0","","","1","1","Banco do Brasil S.A.","2763","4","0000030006","3","BCO BRASIL - CONTA MOVIMENTO","23/01/2026 00:00:00","DEBITO_CONTA_CORRENTE","CONTA_BANCARIA","2","","288","16834","","","NE 18578/2025","SAIDA","36","1407","147474.28","183816.83","87627.75","","3595443.34","5336.11","2243042.88","36576.66","318469.79","556301.83","312487.67","842225.48","","","0","0","AutorizacaoPagamento{exercicioContabil=2026, numero=288, Juridicionado=01 - PREFEITURA MUNICIPAL DE VARGEM GRANDE DO SUL}","","2026","1210","","","1","Tesouro","","","111","REMUNERAÇÃO DE APLICAÇÕES FINANCEIRAS","0","","111.0000","1","1","Banco do Brasil S.A.","2763","4","0000030006","3","BCO BRASIL - CONTA MOVIMENTO","30/01/2026 00:00:00","RENTABILIDADE","1","160","","","Rendimentos","ENTRADA","5336.11"
"2026","1210","","1210","","","","","1","Tesouro","","","","110","GERAL","0","","","1","1","Banco do Brasil S.A.","2763","4","0000030006","3","BCO BRASIL - CONTA MOVIMENTO","23/01/2026 00:00:00","DEBITO_CONTA_CORRENTE","CONTA_BANCARIA","3","","289","16835","","","NE 16586/2025","SAIDA","5340","1407","147474.28","178476.83","87627.75","","3595443.34","5336.11","2243042.88","36576.66","318469.79","556301.83","312487.67","842225.48","","","0","0","AutorizacaoPagamento{exercicioContabil=2026, numero=289, Juridicionado=01 - PREFEITURA MUNICIPAL DE VARGEM GRANDE DO SUL}","","2026","1210","","","1","Tesouro","","","111","REMUNERAÇÃO DE APLICAÇÕES FINANCEIRAS","0","","111.0000","1","1","Banco do Brasil S.A.","2763","4","0000030006","3","BCO BRASIL - CONTA MOVIMENTO","30/01/2026 00:00:00","RENTABILIDADE","1","160","","","Rendimentos","ENTRADA","5336.11"
"2026","1210","","1210","","","","","1","Tesouro","","","","110","GERAL","0","","","1","1","Banco do Brasil S.A.","2763","4","0000030006","3","BCO BRASIL - CONTA MOVIMENTO","23/01/2026 00:00:00","CREDITO_CONTA_CORRENTE","CONTA_BANCARIA","3","","","","91","","Transf ref IR Diagcenter - Med Diagnóstica Ltda (NF 2816) ","ENTRADA","82.56","1407","147474.28","178559.39","87627.75","","3595443.34","5336.11","2243042.88","36576.66","318469.79","556301.83","312487.67","842225.48","","","0","0","","","2026","1210","","","1","Tesouro","","","111","REMUNERAÇÃO DE APLICAÇÕES FINANCEIRAS","0","","111.0000","1","1","Banco do Brasil S.A.","2763","4","0000030006","3","BCO BRASIL - CONTA MOVIMENTO","30/01/2026 00:00:00","RENTABILIDADE","1","160","","","Rendimentos","ENTRADA","5336.11"
"2026","1210","","1210","","","","","1","Tesouro","","","","110","GERAL","0","","","1","1","Banco do Brasil S.A.","2763","4","0000030006","3","BCO BRASIL - CONTA MOVIMENTO","23/01/2026 00:00:00","CREDITO_CONTA_CORRENTE","CONTA_BANCARIA","4","","","","92","","Transf ref ISS Diagcenter - Med Diagnóstica Ltda (NF 2816) ","ENTRADA","206.4","1407","147474.28","178765.79","87627.75","","3595443.34","5336.11","2243042.88","36576.66","318469.79","556301.83","312487.67","842225.48","","","0","0","","","2026","1210","","","1","Tesouro","","","111","REMUNERAÇÃO DE APLICAÇÕES FINANCEIRAS","0","","111.0000","1","1","Banco do Brasil S.A.","2763","4","0000030006","3","BCO BRASIL - CONTA MOVIMENTO","30/01/2026 00:00:00","RENTABILIDADE","1","160","","","Rendimentos","ENTRADA","5336.11"
"2026","1210","","1210","","","","","1","Tesouro","","","","510","ASSISTÊNCIA SOCIAL - GERAL","0","","","1","1","Banco do Brasil S.A.","2763","4","0000030006","3","BCO BRASIL - CONTA MOVIMENTO","23/01/2026 00:00:00","DEBITO_CONTA_CORRENTE","CONTA_BANCARIA","4","","298","16844","","","NE 22/2026","SAIDA","8144.2","1407","147474.28","170621.59","87627.75","","3595443.34","5336.11","2243042.88","36576.66","318469.79","556301.83","312487.67","842225.48","","","0","0","AutorizacaoPagamento{exercicioContabil=2026, numero=298, Juridicionado=01 - PREFEITURA MUNICIPAL DE VARGEM GRANDE DO SUL}","","2026","1210","","","1","Tesouro","","","111","REMUNERAÇÃO DE APLICAÇÕES FINANCEIRAS","0","","111.0000","1","1","Banco do Brasil S.A.","2763","4","0000030006","3","BCO BRASIL - CONTA MOVIMENTO","30/01/2026 00:00:00","RENTABILIDADE","1","160","","","Rendimentos","ENTRADA","5336.11"
"2026","1210","","1210","","","","","8","EMENDAS PARLAMENTARES INDIVIDUAIS - LEGISLATIVO MUNICIPAL","","","","110","GERAL","0","","","1","1","Banco do Brasil S.A.","2763","4","0000030006","3","BCO BRASIL - CONTA MOVIMENTO","23/01/2026 00:00:00","DEBITO_CONTA_CORRENTE","CONTA_BANCARIA","5","","316","16865","","","NE 17898/2025","SAIDA","11097.21","1407","147474.28","159524.38","87627.75","","3595443.34","5336.11","2243042.88","36576.66","318469.79","556301.83","312487.67","842225.48","","","0","0","AutorizacaoPagamento{exercicioContabil=2026, numero=316, Juridicionado=01 - PREFEITURA MUNICIPAL DE VARGEM GRANDE DO SUL}","","2026","1210","","","1","Tesouro","","","111","REMUNERAÇÃO DE APLICAÇÕES FINANCEIRAS","0","","111.0000","1","1","Banco do Brasil S.A.","2763","4","0000030006","3","BCO BRASIL - CONTA MOVIMENTO","30/01/2026 00:00:00","RENTABILIDADE","1","160","","","Rendimentos","ENTRADA","5336.11"
"2026","1210","","1210","","","","","1","Tesouro","","","","110","GERAL","0","","","1","1","Banco do Brasil S.A.","2763","4","0000030006","3","BCO BRASIL - CONTA MOVIMENTO","23/01/2026 00:00:00","CREDITO_CONTA_CORRENTE","CONTA_BANCARIA","5","","","","94","","Transf ref IR LM Serviços Médicos Ltda (NF 31)","ENTRADA","472.32","1407","147474.28","159996.7","87627.75","","3595443.34","5336.11","2243042.88","36576.66","318469.79","556301.83","312487.67","842225.48","","","0","0","","","2026","1210","","","1","Tesouro","","","111","REMUNERAÇÃO DE APLICAÇÕES FINANCEIRAS","0","","111.0000","1","1","Banco do Brasil S.A.","2763","4","0000030006","3","BCO BRASIL - CONTA MOVIMENTO","30/01/2026 00:00:00","RENTABILIDADE","1","160","","","Rendimentos","ENTRADA","5336.11"
"2026","1210","","1210","","","","","8","EMENDAS PARLAMENTARES INDIVIDUAIS - LEGISLATIVO MUNICIPAL","","","","110","GERAL","0","","","1","1","Banco do Brasil S.A.","2763","4","0000030006","3","BCO BRASIL - CONTA MOVIMENTO","23/01/2026 00:00:00","DEBITO_CONTA_CORRENTE","CONTA_BANCARIA","6","","","","100","","Transferência Aut. para compensação de Descontos de parcelas: Aut. Pagto.[316/2026].","SAIDA","134.79","1407","147474.28","159861.91","87627.75","","3595443.34","5336.11","2243042.88","36576.66","318469.79","556301.83","312487.67","842225.48","","","0","0","","","2026","1210","","","1","Tesouro","","","111","REMUNERAÇÃO DE APLICAÇÕES FINANCEIRAS","0","","111.0000","1","1","Banco do Brasil S.A.","2763","4","0000030006","3","BCO BRASIL - CONTA MOVIMENTO","30/01/2026 00:00:00","RENTABILIDADE","1","160","","","Rendimentos","ENTRADA","5336.11"
"2026","1210","","1210","","","","","1","Tesouro","","","","110","GERAL","0","","","1","1","Banco do Brasil S.A.","2763","4","0000030006","3","BCO BRASIL - CONTA MOVIMENTO","23/01/2026 00:00:00","CREDITO_CONTA_CORRENTE","CONTA_BANCARIA","6","","","","96","","Transf ref IR IRRP - Instituto Ressonância Rio Pardo Ltda (NF 2197)","ENTRADA","647.65","1407","147474.28","160509.56","87627.75","","3595443.34","5336.11","2243042.88","36576.66","318469.79","556301.83","312487.67","842225.48","","","0","0","","","2026","1210","","","1","Tesouro","","","111","REMUNERAÇÃO DE APLICAÇÕES FINANCEIRAS","0","","111.0000","1","1","Banco do Brasil S.A.","2763","4","0000030006","3","BCO BRASIL - CONTA MOVIMENTO","30/01/2026 00:00:00","RENTABILIDADE","1","160","","","Rendimentos","ENTRADA","5336.11"
"2026","1210","","1210","","","","","1","Tesouro","","","","110","GERAL","0","","","1","1","Banco do Brasil S.A.","2763","4","0000030006","3","BCO BRASIL - CONTA MOVIMENTO","23/01/2026 00:00:00","CREDITO_CONTA_CORRENTE","CONTA_BANCARIA","7","","","","98","","Transf ref IR Diagcenter - Medic Diagnóstica Ltda (NF 2817, 2818, 2815, 2820, 2814, 2819)","ENTRADA","10193.57","1407","147474.28","170703.13","87627.75","","3595443.34","5336.11","2243042.88","36576.66","318469.79","556301.83","312487.67","842225.48","","","0","0","","","2026","1210","","","1","Tesouro","","","111","REMUNERAÇÃO DE APLICAÇÕES FINANCEIRAS","0","","111.0000","1","1","Banco do Brasil S.A.","2763","4","0000030006","3","BCO BRASIL - CONTA MOVIMENTO","30/01/2026 00:00:00","RENTABILIDADE","1","160","","","Rendimentos","ENTRADA","5336.11"
"2026","1210","","1210","","","","","1","Tesouro","","","","410","TRÂNSITO - SINALIZAÇÃO","0","","","1","1","Banco do Brasil S.A.","2763","4","0000030006","3","BCO BRASIL - CONTA MOVIMENTO","23/01/2026 00:00:00","DEBITO_CONTA_CORRENTE","CONTA_BANCARIA","7","","327","16877","","","NE 18950/2025","SAIDA","2151","1407","147474.28","168552.13","87627.75","","3595443.34","5336.11","2243042.88","36576.66","318469.79","556301.83","312487.67","842225.48","","","0","0","AutorizacaoPagamento{exercicioContabil=2026, numero=327, Juridicionado=01 - PREFEITURA MUNICIPAL DE VARGEM GRANDE DO SUL}","","2026","1210","","","1","Tesouro","","","111","REMUNERAÇÃO DE APLICAÇÕES FINANCEIRAS","0","","111.0000","1","1","Banco do Brasil S.A.","2763","4","0000030006","3","BCO BRASIL - CONTA MOVIMENTO","30/01/2026 00:00:00","RENTABILIDADE","1","160","","","Rendimentos","ENTRADA","5336.11"
"2026","1210","","1210","","","","","1","Tesouro","","","","110","GERAL","0","","","1","1","Banco do Brasil S.A.","2763","4","0000030006","3","BCO BRASIL - CONTA MOVIMENTO","23/01/2026 00:00:00","CREDITO_CONTA_CORRENTE","CONTA_BANCARIA","8","","","","100","","Transferência Aut. para compensação de Descontos de parcelas: Aut. Pagto.[316/2026].","ENTRADA","134.79","1407","147474.28","168686.92","87627.75","","3595443.34","5336.11","2243042.88","36576.66","318469.79","556301.83","312487.67","842225.48","","","0","0","","","2026","1210","","","1","Tesouro","","","111","REMUNERAÇÃO DE APLICAÇÕES FINANCEIRAS","0","","111.0000","1","1","Banco do Brasil S.A.","2763","4","0000030006","3","BCO BRASIL - CONTA MOVIMENTO","30/01/2026 00:00:00","RENTABILIDADE","1","160","","","Rendimentos","ENTRADA","5336.11"
"2026","1210","","1210","","","","","1","Tesouro","","","","110","GERAL","0","","","1","1","Banco do Brasil S.A.","2763","4","0000030006","3","BCO BRASIL - CONTA MOVIMENTO","23/01/2026 00:00:00","DEBITO_CONTA_CORRENTE","CONTA_BANCARIA","8","","110","16643","","","Baixa realizada via Retorno de Arquivo Bancário","SAIDA","1175.88","1407","147474.28","167511.04","87627.75","","3595443.34","5336.11","2243042.88","36576.66","318469.79","556301.83","312487.67","842225.48","","","0","0","AutorizacaoPagamento{exercicioContabil=2026, numero=110, Juridicionado=01 - PREFEITURA MUNICIPAL DE VARGEM GRANDE DO SUL}","","2026","1210","","","1","Tesouro","","","111","REMUNERAÇÃO DE APLICAÇÕES FINANCEIRAS","0","","111.0000","1","1","Banco do Brasil S.A.","2763","4","0000030006","3","BCO BRASIL - CONTA MOVIMENTO","30/01/2026 00:00:00","RENTABILIDADE","1","160","","","Rendimentos","ENTRADA","5336.11"
"2026","1210","","1210","","","","","1","Tesouro","","","","110","GERAL","0","","","1","1","Banco do Brasil S.A.","2763","4","0000030006","3","BCO BRASIL - CONTA MOVIMENTO","23/01/2026 00:00:00","CREDITO_CONTA_CORRENTE","CONTA_BANCARIA","9","135","","","","","LANÇAMENTO DE RECEITA","ENTRADA","7737.33","1407","147474.28","175248.37","87627.75","","3595443.34","5336.11","2243042.88","36576.66","318469.79","556301.83","312487.67","842225.48","","","0","0","","","2026","1210","","","1","Tesouro","","","111","REMUNERAÇÃO DE APLICAÇÕES FINANCEIRAS","0","","111.0000","1","1","Banco do Brasil S.A.","2763","4","0000030006","3","BCO BRASIL - CONTA MOVIMENTO","30/01/2026 00:00:00","RENTABILIDADE","1","160","","","Rendimentos","ENTRADA","5336.11"
"2026","1210","","1210","","","","","1","Tesouro","","","","110","GERAL","0","","","1","1","Banco do Brasil S.A.","2763","4","0000030006","3","BCO BRASIL - CONTA MOVIMENTO","23/01/2026 00:00:00","DEBITO_CONTA_CORRENTE","CONTA_BANCARIA","9","","110","16643","","","Baixa realizada via Retorno de Arquivo Bancário","SAIDA","210","1407","147474.28","175038.37","87627.75","","3595443.34","5336.11","2243042.88","36576.66","318469.79","556301.83","312487.67","842225.48","","","0","0","AutorizacaoPagamento{exercicioContabil=2026, numero=110, Juridicionado=01 - PREFEITURA MUNICIPAL DE VARGEM GRANDE DO SUL}","","2026","1210","","","1","Tesouro","","","111","REMUNERAÇÃO DE APLICAÇÕES FINANCEIRAS","0","","111.0000","1","1","Banco do Brasil S.A.","2763","4","0000030006","3","BCO BRASIL - CONTA MOVIMENTO","30/01/2026 00:00:00","RENTABILIDADE","1","160","","","Rendimentos","ENTRADA","5336.11"
"2026","1210","","1210","","","","","1","Tesouro","","","","110","GERAL","0","","","1","1","Banco do Brasil S.A.","2763","4","0000030006","3","BCO BRASIL - CONTA MOVIMENTO","23/01/2026 00:00:00","DEBITO_CONTA_CORRENTE","CONTA_BANCARIA","10","","110","16643","","","Baixa realizada via Retorno de Arquivo Bancário","SAIDA","407.66","1407","147474.28","174630.71","87627.75","","3595443.34","5336.11","2243042.88","36576.66","318469.79","556301.83","312487.67","842225.48","","","0","0","AutorizacaoPagamento{exercicioContabil=2026, numero=110, Juridicionado=01 - PREFEITURA MUNICIPAL DE VARGEM GRANDE DO SUL}","","2026","1210","","","1","Tesouro","","","111","REMUNERAÇÃO DE APLICAÇÕES FINANCEIRAS","0","","111.0000","1","1","Banco do Brasil S.A.","2763","4","0000030006","3","BCO BRASIL - CONTA MOVIMENTO","30/01/2026 00:00:00","RENTABILIDADE","1","160","","","Rendimentos","ENTRADA","5336.11"
"2026","1210","","1210","","","","","1","Tesouro","","","","110","GERAL","0","","","1","1","Banco do Brasil S.A.","2763","4","0000030006","3","BCO BRASIL - CONTA MOVIMENTO","23/01/2026 00:00:00","DEBITO_CONTA_CORRENTE","CONTA_BANCARIA","11","","110","16643","","","Baixa realizada via Retorno de Arquivo Bancário","SAIDA","300","1407","147474.28","174330.71","87627.75","","3595443.34","5336.11","2243042.88","36576.66","318469.79","556301.83","312487.67","842225.48","","","0","0","AutorizacaoPagamento{exercicioContabil=2026, numero=110, Juridicionado=01 - PREFEITURA MUNICIPAL DE VARGEM GRANDE DO SUL}","","2026","1210","","","1","Tesouro","","","111","REMUNERAÇÃO DE APLICAÇÕES FINANCEIRAS","0","","111.0000","1","1","Banco do Brasil S.A.","2763","4","0000030006","3","BCO BRASIL - CONTA MOVIMENTO","30/01/2026 00:00:00","RENTABILIDADE","1","160","","","Rendimentos","ENTRADA","5336.11"
"2026","1210","","1210","","","","","1","Tesouro","","","","110","GERAL","0","","","1","1","Banco do Brasil S.A.","2763","4","0000030006","3","BCO BRASIL - CONTA MOVIMENTO","23/01/2026 00:00:00","DEBITO_CONTA_CORRENTE","CONTA_BANCARIA","12","","110","16643","","","Baixa realizada via Retorno de Arquivo Bancário","SAIDA","198.36","1407","147474.28","174132.35","87627.75","","3595443.34","5336.11","2243042.88","36576.66","318469.79","556301.83","312487.67","842225.48","","","0","0","AutorizacaoPagamento{exercicioContabil=2026, numero=110, Juridicionado=01 - PREFEITURA MUNICIPAL DE VARGEM GRANDE DO SUL}","","2026","1210","","","1","Tesouro","","","111","REMUNERAÇÃO DE APLICAÇÕES FINANCEIRAS","0","","111.0000","1","1","Banco do Brasil S.A.","2763","4","0000030006","3","BCO BRASIL - CONTA MOVIMENTO","30/01/2026 00:00:00","RENTABILIDADE","1","160","","","Rendimentos","ENTRADA","5336.11"
"2026","1210","","1210","","","","","1","Tesouro","","","","110","GERAL","0","","","1","1","Banco do Brasil S.A.","2763","4","0000030006","3","BCO BRASIL - CONTA MOVIMENTO","23/01/2026 00:00:00","DEBITO_CONTA_CORRENTE","CONTA_BANCARIA","13","","110","16643","","","Baixa realizada via Retorno de Arquivo Bancário","SAIDA","304.15","1407","147474.28","173828.2","87627.75","","3595443.34","5336.11","2243042.88","36576.66","318469.79","556301.83","312487.67","842225.48","","","0","0","AutorizacaoPagamento{exercicioContabil=2026, numero=110, Juridicionado=01 - PREFEITURA MUNICIPAL DE VARGEM GRANDE DO SUL}","","2026","1210","","","1","Tesouro","","","111","REMUNERAÇÃO DE APLICAÇÕES FINANCEIRAS","0","","111.0000","1","1","Banco do Brasil S.A.","2763","4","0000030006","3","BCO BRASIL - CONTA MOVIMENTO","30/01/2026 00:00:00","RENTABILIDADE","1","160","","","Rendimentos","ENTRADA","5336.11"
"2026","1210","","1210","","","","","1","Tesouro","","","","410","TRÂNSITO - SINALIZAÇÃO","0","","","1","1","Banco do Brasil S.A.","2763","4","0000030006","3","BCO BRASIL - CONTA MOVIMENTO","23/01/2026 00:00:00","DEBITO_CONTA_CORRENTE","CONTA_BANCARIA","14","","110","16643","","","Baixa realizada via Retorno de Arquivo Bancário","SAIDA","185.8","1407","147474.28","173642.4","87627.75","","3595443.34","5336.11","2243042.88","36576.66","318469.79","556301.83","312487.67","842225.48","","","0","0","AutorizacaoPagamento{exercicioContabil=2026, numero=110, Juridicionado=01 - PREFEITURA MUNICIPAL DE VARGEM GRANDE DO SUL}","","2026","1210","","","1","Tesouro","","","111","REMUNERAÇÃO DE APLICAÇÕES FINANCEIRAS","0","","111.0000","1","1","Banco do Brasil S.A.","2763","4","0000030006","3","BCO BRASIL - CONTA MOVIMENTO","30/01/2026 00:00:00","RENTABILIDADE","1","160","","","Rendimentos","ENTRADA","5336.11"
"2026","1210","","1210","","","","","1","Tesouro","","","","110","GERAL","0","","","1","1","Banco do Brasil S.A.","2763","4","0000030006","3","BCO BRASIL - CONTA MOVIMENTO","23/01/2026 00:00:00","DEBITO_CONTA_CORRENTE","CONTA_BANCARIA","15","","110","16643","","","Baixa realizada via Retorno de Arquivo Bancário","SAIDA","428","1407","147474.28","173214.4","87627.75","","3595443.34","5336.11","2243042.88","36576.66","318469.79","556301.83","312487.67","842225.48","","","0","0","AutorizacaoPagamento{exercicioContabil=2026, numero=110, Juridicionado=01 - PREFEITURA MUNICIPAL DE VARGEM GRANDE DO SUL}","","2026","1210","","","1","Tesouro","","","111","REMUNERAÇÃO DE APLICAÇÕES FINANCEIRAS","0","","111.0000","1","1","Banco do Brasil S.A.","2763","4","0000030006","3","BCO BRASIL - CONTA MOVIMENTO","30/01/2026 00:00:00","RENTABILIDADE","1","160","","","Rendimentos","ENTRADA","5336.11"
"2026","1210","","1210","","","","","1","Tesouro","","","","110","GERAL","0","","","1","1","Banco do Brasil S.A.","2763","4","0000030006","3","BCO BRASIL - CONTA MOVIMENTO","23/01/2026 00:00:00","DEBITO_CONTA_CORRENTE","CONTA_BANCARIA","16","","110","16643","","","Baixa realizada via Retorno de Arquivo Bancário","SAIDA","703","1407","147474.28","172511.4","87627.75","","3595443.34","5336.11","2243042.88","36576.66","318469.79","556301.83","312487.67","842225.48","","","0","0","AutorizacaoPagamento{exercicioContabil=2026, numero=110, Juridicionado=01 - PREFEITURA MUNICIPAL DE VARGEM GRANDE DO SUL}","","2026","1210","","","1","Tesouro","","","111","REMUNERAÇÃO DE APLICAÇÕES FINANCEIRAS","0","","111.0000","1","1","Banco do Brasil S.A.","2763","4","0000030006","3","BCO BRASIL - CONTA MOVIMENTO","30/01/2026 00:00:00","RENTABILIDADE","1","160","","","Rendimentos","ENTRADA","5336.11"
"2026","1210","","1210","","","","","1","Tesouro","","","","110","GERAL","0","","","1","1","Banco do Brasil S.A.","2763","4","0000030006","3","BCO BRASIL - CONTA MOVIMENTO","23/01/2026 00:00:00","DEBITO_CONTA_CORRENTE","CONTA_BANCARIA","17","","110","16643","","","Baixa realizada via Retorno de Arquivo Bancário","SAIDA","59.8","1407","147474.28","172451.6","87627.75","","3595443.34","5336.11","2243042.88","36576.66","318469.79","556301.83","312487.67","842225.48","","","0","0","AutorizacaoPagamento{exercicioContabil=2026, numero=110, Juridicionado=01 - PREFEITURA MUNICIPAL DE VARGEM GRANDE DO SUL}","","2026","1210","","","1","Tesouro","","","111","REMUNERAÇÃO DE APLICAÇÕES FINANCEIRAS","0","","111.0000","1","1","Banco do Brasil S.A.","2763","4","0000030006","3","BCO BRASIL - CONTA MOVIMENTO","30/01/2026 00:00:00","RENTABILIDADE","1","160","","","Rendimentos","ENTRADA","5336.11"
"2026","1210","","1210","","","","","1","Tesouro","","","","110","GERAL","0","","","1","1","Banco do Brasil S.A.","2763","4","0000030006","3","BCO BRASIL - CONTA MOVIMENTO","23/01/2026 00:00:00","DEBITO_CONTA_CORRENTE","CONTA_BANCARIA","18","","110","16643","","","Baixa realizada via Retorno de Arquivo Bancário","SAIDA","182.72","1407","147474.28","172268.88","87627.75","","3595443.34","5336.11","2243042.88","36576.66","318469.79","556301.83","312487.67","842225.48","","","0","0","AutorizacaoPagamento{exercicioContabil=2026, numero=110, Juridicionado=01 - PREFEITURA MUNICIPAL DE VARGEM GRANDE DO SUL}","","2026","1210","","","1","Tesouro","","","111","REMUNERAÇÃO DE APLICAÇÕES FINANCEIRAS","0","","111.0000","1","1","Banco do Brasil S.A.","2763","4","0000030006","3","BCO BRASIL - CONTA MOVIMENTO","30/01/2026 00:00:00","RENTABILIDADE","1","160","","","Rendimentos","ENTRADA","5336.11"
"2026","1210","","1210","","","","","1","Tesouro","","","","110","GERAL","0","","","1","1","Banco do Brasil S.A.","2763","4","0000030006","3","BCO BRASIL - CONTA MOVIMENTO","23/01/2026 00:00:00","DEBITO_CONTA_CORRENTE","CONTA_BANCARIA","19","","110","16643","","","Baixa realizada via Retorno de Arquivo Bancário","SAIDA","572","1407","147474.28","171696.88","87627.75","","3595443.34","5336.11","2243042.88","36576.66","318469.79","556301.83","312487.67","842225.48","","","0","0","AutorizacaoPagamento{exercicioContabil=2026, numero=110, Juridicionado=01 - PREFEITURA MUNICIPAL DE VARGEM GRANDE DO SUL}","","2026","1210","","","1","Tesouro","","","111","REMUNERAÇÃO DE APLICAÇÕES FINANCEIRAS","0","","111.0000","1","1","Banco do Brasil S.A.","2763","4","0000030006","3","BCO BRASIL - CONTA MOVIMENTO","30/01/2026 00:00:00","RENTABILIDADE","1","160","","","Rendimentos","ENTRADA","5336.11"
"2026","1210","","1210","","","","","1","Tesouro","","","","110","GERAL","0","","","1","1","Banco do Brasil S.A.","2763","4","0000030006","3","BCO BRASIL - CONTA MOVIMENTO","23/01/2026 00:00:00","DEBITO_CONTA_CORRENTE","CONTA_BANCARIA","20","","110","16643","","","Baixa realizada via Retorno de Arquivo Bancário","SAIDA","713.04","1407","147474.28","170983.84","87627.75","","3595443.34","5336.11","2243042.88","36576.66","318469.79","556301.83","312487.67","842225.48","","","0","0","AutorizacaoPagamento{exercicioContabil=2026, numero=110, Juridicionado=01 - PREFEITURA MUNICIPAL DE VARGEM GRANDE DO SUL}","","2026","1210","","","1","Tesouro","","","111","REMUNERAÇÃO DE APLICAÇÕES FINANCEIRAS","0","","111.0000","1","1","Banco do Brasil S.A.","2763","4","0000030006","3","BCO BRASIL - CONTA MOVIMENTO","30/01/2026 00:00:00","RENTABILIDADE","1","160","","","Rendimentos","ENTRADA","5336.11"
"2026","1210","","1210","","","","","1","Tesouro","","","","110","GERAL","0","","","1","1","Banco do Brasil S.A.","2763","4","0000030006","3","BCO BRASIL - CONTA MOVIMENTO","23/01/2026 00:00:00","DEBITO_CONTA_CORRENTE","CONTA_BANCARIA","21","","110","16643","","","Baixa realizada via Retorno de Arquivo Bancário","SAIDA","371.28","1407","147474.28","170612.56","87627.75","","3595443.34","5336.11","2243042.88","36576.66","318469.79","556301.83","312487.67","842225.48","","","0","0","AutorizacaoPagamento{exercicioContabil=2026, numero=110, Juridicionado=01 - PREFEITURA MUNICIPAL DE VARGEM GRANDE DO SUL}","","2026","1210","","","1","Tesouro","","","111","REMUNERAÇÃO DE APLICAÇÕES FINANCEIRAS","0","","111.0000","1","1","Banco do Brasil S.A.","2763","4","0000030006","3","BCO BRASIL - CONTA MOVIMENTO","30/01/2026 00:00:00","RENTABILIDADE","1","160","","","Rendimentos","ENTRADA","5336.11"
"2026","1210","","1210","","","","","1","Tesouro","","","","110","GERAL","0","","","1","1","Banco do Brasil S.A.","2763","4","0000030006","3","BCO BRASIL - CONTA MOVIMENTO","23/01/2026 00:00:00","DEBITO_CONTA_CORRENTE","CONTA_BANCARIA","22","","110","16643","","","Baixa realizada via Retorno de Arquivo Bancário","SAIDA","4690","1407","147474.28","165922.56","87627.75","","3595443.34","5336.11","2243042.88","36576.66","318469.79","556301.83","312487.67","842225.48","","","0","0","AutorizacaoPagamento{exercicioContabil=2026, numero=110, Juridicionado=01 - PREFEITURA MUNICIPAL DE VARGEM GRANDE DO SUL}","","2026","1210","","","1","Tesouro","","","111","REMUNERAÇÃO DE APLICAÇÕES FINANCEIRAS","0","","111.0000","1","1","Banco do Brasil S.A.","2763","4","0000030006","3","BCO BRASIL - CONTA MOVIMENTO","30/01/2026 00:00:00","RENTABILIDADE","1","160","","","Rendimentos","ENTRADA","5336.11"
"2026","1210","","1210","","","","","1","Tesouro","","","","110","GERAL","0","","","1","1","Banco do Brasil S.A.","2763","4","0000030006","3","BCO BRASIL - CONTA MOVIMENTO","23/01/2026 00:00:00","DEBITO_CONTA_CORRENTE","CONTA_BANCARIA","23","","110","16643","","","Baixa realizada via Retorno de Arquivo Bancário","SAIDA","1300","1407","147474.28","164622.56","87627.75","","3595443.34","5336.11","2243042.88","36576.66","318469.79","556301.83","312487.67","842225.48","","","0","0","AutorizacaoPagamento{exercicioContabil=2026, numero=110, Juridicionado=01 - PREFEITURA MUNICIPAL DE VARGEM GRANDE DO SUL}","","2026","1210","","","1","Tesouro","","","111","REMUNERAÇÃO DE APLICAÇÕES FINANCEIRAS","0","","111.0000","1","1","Banco do Brasil S.A.","2763","4","0000030006","3","BCO BRASIL - CONTA MOVIMENTO","30/01/2026 00:00:00","RENTABILIDADE","1","160","","","Rendimentos","ENTRADA","5336.11"
"2026","1210","","1210","","","","","1","Tesouro","","","","110","GERAL","0","","","1","1","Banco do Brasil S.A.","2763","4","0000030006","3","BCO BRASIL - CONTA MOVIMENTO","23/01/2026 00:00:00","DEBITO_CONTA_CORRENTE","CONTA_BANCARIA","24","","110","16643","","","Baixa realizada via Retorno de Arquivo Bancário","SAIDA","202","1407","147474.28","164420.56","87627.75","","3595443.34","5336.11","2243042.88","36576.66","318469.79","556301.83","312487.67","842225.48","","","0","0","AutorizacaoPagamento{exercicioContabil=2026, numero=110, Juridicionado=01 - PREFEITURA MUNICIPAL DE VARGEM GRANDE DO SUL}","","2026","1210","","","1","Tesouro","","","111","REMUNERAÇÃO DE APLICAÇÕES FINANCEIRAS","0","","111.0000","1","1","Banco do Brasil S.A.","2763","4","0000030006","3","BCO BRASIL - CONTA MOVIMENTO","30/01/2026 00:00:00","RENTABILIDADE","1","160","","","Rendimentos","ENTRADA","5336.11"
"2026","1210","","1210","","","","","1","Tesouro","","","","110","GERAL","0","","","1","1","Banco do Brasil S.A.","2763","4","0000030006","3","BCO BRASIL - CONTA MOVIMENTO","23/01/2026 00:00:00","DEBITO_CONTA_CORRENTE","CONTA_BANCARIA","25","","110","16643","","","Baixa realizada via Retorno de Arquivo Bancário","SAIDA","44.12","1407","147474.28","164376.44","87627.75","","3595443.34","5336.11","2243042.88","36576.66","318469.79","556301.83","312487.67","842225.48","","","0","0","AutorizacaoPagamento{exercicioContabil=2026, numero=110, Juridicionado=01 - PREFEITURA MUNICIPAL DE VARGEM GRANDE DO SUL}","","2026","1210","","","1","Tesouro","","","111","REMUNERAÇÃO DE APLICAÇÕES FINANCEIRAS","0","","111.0000","1","1","Banco do Brasil S.A.","2763","4","0000030006","3","BCO BRASIL - CONTA MOVIMENTO","30/01/2026 00:00:00","RENTABILIDADE","1","160","","","Rendimentos","ENTRADA","5336.11"
"2026","1210","","1210","","","","","1","Tesouro","","","","110","GERAL","0","","","1","1","Banco do Brasil S.A.","2763","4","0000030006","3","BCO BRASIL - CONTA MOVIMENTO","23/01/2026 00:00:00","DEBITO_CONTA_CORRENTE","CONTA_BANCARIA","26","","110","16643","","","Baixa realizada via Retorno de Arquivo Bancário","SAIDA","399.6","1407","147474.28","163976.84","87627.75","","3595443.34","5336.11","2243042.88","36576.66","318469.79","556301.83","312487.67","842225.48","","","0","0","AutorizacaoPagamento{exercicioContabil=2026, numero=110, Juridicionado=01 - PREFEITURA MUNICIPAL DE VARGEM GRANDE DO SUL}","","2026","1210","","","1","Tesouro","","","111","REMUNERAÇÃO DE APLICAÇÕES FINANCEIRAS","0","","111.0000","1","1","Banco do Brasil S.A.","2763","4","0000030006","3","BCO BRASIL - CONTA MOVIMENTO","30/01/2026 00:00:00","RENTABILIDADE","1","160","","","Rendimentos","ENTRADA","5336.11"
"2026","1210","","1210","","","","","1","Tesouro","","","","110","GERAL","0","","","1","1","Banco do Brasil S.A.","2763","4","0000030006","3","BCO BRASIL - CONTA MOVIMENTO","23/01/2026 00:00:00","DEBITO_CONTA_CORRENTE","CONTA_BANCARIA","27","","110","16643","","","Baixa realizada via Retorno de Arquivo Bancário","SAIDA","519","1407","147474.28","163457.84","87627.75","","3595443.34","5336.11","2243042.88","36576.66","318469.79","556301.83","312487.67","842225.48","","","0","0","AutorizacaoPagamento{exercicioContabil=2026, numero=110, Juridicionado=01 - PREFEITURA MUNICIPAL DE VARGEM GRANDE DO SUL}","","2026","1210","","","1","Tesouro","","","111","REMUNERAÇÃO DE APLICAÇÕES FINANCEIRAS","0","","111.0000","1","1","Banco do Brasil S.A.","2763","4","0000030006","3","BCO BRASIL - CONTA MOVIMENTO","30/01/2026 00:00:00","RENTABILIDADE","1","160","","","Rendimentos","ENTRADA","5336.11"
"2026","1210","","1210","","","","","1","Tesouro","","","","110","GERAL","0","","","1","1","Banco do Brasil S.A.","2763","4","0000030006","3","BCO BRASIL - CONTA MOVIMENTO","23/01/2026 00:00:00","DEBITO_CONTA_CORRENTE","CONTA_BANCARIA","28","","534","17115","","","NE 13083/2025","SAIDA","818.3","1407","147474.28","162639.54","87627.75","","3595443.34","5336.11","2243042.88","36576.66","318469.79","556301.83","312487.67","842225.48","","","0","0","AutorizacaoPagamento{exercicioContabil=2026, numero=534, Juridicionado=01 - PREFEITURA MUNICIPAL DE VARGEM GRANDE DO SUL}","","2026","1210","","","1","Tesouro","","","111","REMUNERAÇÃO DE APLICAÇÕES FINANCEIRAS","0","","111.0000","1","1","Banco do Brasil S.A.","2763","4","0000030006","3","BCO BRASIL - CONTA MOVIMENTO","30/01/2026 00:00:00","RENTABILIDADE","1","160","","","Rendimentos","ENTRADA","5336.11"
"2026","1210","","1210","","","","","1","Tesouro","","","","110","GERAL","0","","","1","1","Banco do Brasil S.A.","2763","4","0000030006","3","BCO BRASIL - CONTA MOVIMENTO","26/01/2026 00:00:00","DEBITO_CONTA_CORRENTE","CONTA_BANCARIA","1","","","","","702","ANULACAO CONTAB. AUTOMÁTICA - RECEB. DA GUIA ORÇAMENTÁRIA: 406","SAIDA","221.02","1407","147474.28","162418.52","87627.75","","3595443.34","5336.11","2243042.88","36576.66","318469.79","556301.83","312487.67","842225.48","","","0","0","","","2026","1210","","","1","Tesouro","","","111","REMUNERAÇÃO DE APLICAÇÕES FINANCEIRAS","0","","111.0000","1","1","Banco do Brasil S.A.","2763","4","0000030006","3","BCO BRASIL - CONTA MOVIMENTO","30/01/2026 00:00:00","RENTABILIDADE","1","160","","","Rendimentos","ENTRADA","5336.11"
"2026","1210","","1210","","","","","1","Tesouro","","","","110","GERAL","0","","","1","1","Banco do Brasil S.A.","2763","4","0000030006","3","BCO BRASIL - CONTA MOVIMENTO","26/01/2026 00:00:00","CREDITO_CONTA_CORRENTE","CONTA_BANCARIA","1","","","","111","","Transf ref IR Special Med Comercial Hospitalar Ltda (NF 4884)","ENTRADA","192.66","1407","147474.28","162611.18","87627.75","","3595443.34","5336.11","2243042.88","36576.66","318469.79","556301.83","312487.67","842225.48","","","0","0","","","2026","1210","","","1","Tesouro","","","111","REMUNERAÇÃO DE APLICAÇÕES FINANCEIRAS","0","","111.0000","1","1","Banco do Brasil S.A.","2763","4","0000030006","3","BCO BRASIL - CONTA MOVIMENTO","30/01/2026 00:00:00","RENTABILIDADE","1","160","","","Rendimentos","ENTRADA","5336.11"
"2026","1210","","1210","","","","","1","Tesouro","","","","110","GERAL","0","","","1","1","Banco do Brasil S.A.","2763","4","0000030006","3","BCO BRASIL - CONTA MOVIMENTO","26/01/2026 00:00:00","DEBITO_CONTA_CORRENTE","CONTA_BANCARIA","1","","","","","702","ANULACAO CONTAB. AUTOMÁTICA - RECEB. DA GUIA ORÇAMENTÁRIA: 406","SAIDA","664.08","1407","147474.28","161947.1","87627.75","","3595443.34","5336.11","2243042.88","36576.66","318469.79","556301.83","312487.67","842225.48","","","0","0","","","2026","1210","","","1","Tesouro","","","111","REMUNERAÇÃO DE APLICAÇÕES FINANCEIRAS","0","","111.0000","1","1","Banco do Brasil S.A.","2763","4","0000030006","3","BCO BRASIL - CONTA MOVIMENTO","30/01/2026 00:00:00","RENTABILIDADE","1","160","","","Rendimentos","ENTRADA","5336.11"
"2026","1210","","1210","","","","","1","Tesouro","","","","110","GERAL","0","","","1","1","Banco do Brasil S.A.","2763","4","0000030006","3","BCO BRASIL - CONTA MOVIMENTO","26/01/2026 00:00:00","DEBITO_CONTA_CORRENTE","CONTA_BANCARIA","1","","","","","702","ANULACAO CONTAB. AUTOMÁTICA - RECEB. DA GUIA ORÇAMENTÁRIA: 406","SAIDA","9.49","1407","147474.28","161937.61","87627.75","","3595443.34","5336.11","2243042.88","36576.66","318469.79","556301.83","312487.67","842225.48","","","0","0","","","2026","1210","","","1","Tesouro","","","111","REMUNERAÇÃO DE APLICAÇÕES FINANCEIRAS","0","","111.0000","1","1","Banco do Brasil S.A.","2763","4","0000030006","3","BCO BRASIL - CONTA MOVIMENTO","30/01/2026 00:00:00","RENTABILIDADE","1","160","","","Rendimentos","ENTRADA","5336.11"
"2026","1210","","1210","","","","","1","Tesouro","","","","110","GERAL","0","","","1","1","Banco do Brasil S.A.","2763","4","0000030006","3","BCO BRASIL - CONTA MOVIMENTO","26/01/2026 00:00:00","DEBITO_CONTA_CORRENTE","CONTA_BANCARIA","1","","","","","702","ANULACAO CONTAB. AUTOMÁTICA - RECEB. DA GUIA ORÇAMENTÁRIA: 406","SAIDA","47","1407","147474.28","161890.61","87627.75","","3595443.34","5336.11","2243042.88","36576.66","318469.79","556301.83","312487.67","842225.48","","","0","0","","","2026","1210","","","1","Tesouro","","","111","REMUNERAÇÃO DE APLICAÇÕES FINANCEIRAS","0","","111.0000","1","1","Banco do Brasil S.A.","2763","4","0000030006","3","BCO BRASIL - CONTA MOVIMENTO","30/01/2026 00:00:00","RENTABILIDADE","1","160","","","Rendimentos","ENTRADA","5336.11"
"2026","1210","","1210","","","","","1","Tesouro","","","","110","GERAL","0","","","1","1","Banco do Brasil S.A.","2763","4","0000030006","3","BCO BRASIL - CONTA MOVIMENTO","26/01/2026 00:00:00","DEBITO_CONTA_CORRENTE","CONTA_BANCARIA","1","","332","16882","","","NE 906/2026","SAIDA","68.7","1407","147474.28","161821.91","87627.75","","3595443.34","5336.11","2243042.88","36576.66","318469.79","556301.83","312487.67","842225.48","","","0","0","AutorizacaoPagamento{exercicioContabil=2026, numero=332, Juridicionado=01 - PREFEITURA MUNICIPAL DE VARGEM GRANDE DO SUL}","","2026","1210","","","1","Tesouro","","","111","REMUNERAÇÃO DE APLICAÇÕES FINANCEIRAS","0","","111.0000","1","1","Banco do Brasil S.A.","2763","4","0000030006","3","BCO BRASIL - CONTA MOVIMENTO","30/01/2026 00:00:00","RENTABILIDADE","1","160","","","Rendimentos","ENTRADA","5336.11"
"2026","1210","","1210","","","","","1","Tesouro","","","","110","GERAL","0","","","1","1","Banco do Brasil S.A.","2763","4","0000030006","3","BCO BRASIL - CONTA MOVIMENTO","26/01/2026 00:00:00","CREDITO_CONTA_CORRENTE","CONTA_BANCARIA","1","406","","","","","CONTAB. AUTOMÁTICA - RECEB. DA GUIA ORÇAMENTÁRIA: 406","ENTRADA","1616.96","1407","147474.28","163438.87","87627.75","","3595443.34","5336.11","2243042.88","36576.66","318469.79","556301.83","312487.67","842225.48","","","0","0","","","2026","1210","","","1","Tesouro","","","111","REMUNERAÇÃO DE APLICAÇÕES FINANCEIRAS","0","","111.0000","1","1","Banco do Brasil S.A.","2763","4","0000030006","3","BCO BRASIL - CONTA MOVIMENTO","30/01/2026 00:00:00","RENTABILIDADE","1","160","","","Rendimentos","ENTRADA","5336.11"
"2026","1210","","1210","","","","","1","Tesouro","","","","110","GERAL","0","","","1","1","Banco do Brasil S.A.","2763","4","0000030006","3","BCO BRASIL - CONTA MOVIMENTO","26/01/2026 00:00:00","DEBITO_CONTA_CORRENTE","CONTA_BANCARIA","1","","","","","702","ANULACAO CONTAB. AUTOMÁTICA - RECEB. DA GUIA ORÇAMENTÁRIA: 406","SAIDA","359.94","1407","147474.28","163078.93","87627.75","","3595443.34","5336.11","2243042.88","36576.66","318469.79","556301.83","312487.67","842225.48","","","0","0","","","2026","1210","","","1","Tesouro","","","111","REMUNERAÇÃO DE APLICAÇÕES FINANCEIRAS","0","","111.0000","1","1","Banco do Brasil S.A.","2763","4","0000030006","3","BCO BRASIL - CONTA MOVIMENTO","30/01/2026 00:00:00","RENTABILIDADE","1","160","","","Rendimentos","ENTRADA","5336.11"
"2026","1210","","1210","","","","","1","Tesouro","","","","110","GERAL","0","","","1","1","Banco do Brasil S.A.","2763","4","0000030006","3","BCO BRASIL - CONTA MOVIMENTO","26/01/2026 00:00:00","DEBITO_CONTA_CORRENTE","CONTA_BANCARIA","1","","","","","702","ANULACAO CONTAB. AUTOMÁTICA - RECEB. DA GUIA ORÇAMENTÁRIA: 406","SAIDA","187.5","1407","147474.28","162891.43","87627.75","","3595443.34","5336.11","2243042.88","36576.66","318469.79","556301.83","312487.67","842225.48","","","0","0","","","2026","1210","","","1","Tesouro","","","111","REMUNERAÇÃO DE APLICAÇÕES FINANCEIRAS","0","","111.0000","1","1","Banco do Brasil S.A.","2763","4","0000030006","3","BCO BRASIL - CONTA MOVIMENTO","30/01/2026 00:00:00","RENTABILIDADE","1","160","","","Rendimentos","ENTRADA","5336.11"
"2026","1210","","1210","","","","","1","Tesouro","","","","110","GERAL","0","","","1","1","Banco do Brasil S.A.","2763","4","0000030006","3","BCO BRASIL - CONTA MOVIMENTO","26/01/2026 00:00:00","DEBITO_CONTA_CORRENTE","CONTA_BANCARIA","1","","","","","702","ANULACAO CONTAB. AUTOMÁTICA - RECEB. DA GUIA ORÇAMENTÁRIA: 406","SAIDA","55.2","1407","147474.28","162836.23","87627.75","","3595443.34","5336.11","2243042.88","36576.66","318469.79","556301.83","312487.67","842225.48","","","0","0","","","2026","1210","","","1","Tesouro","","","111","REMUNERAÇÃO DE APLICAÇÕES FINANCEIRAS","0","","111.0000","1","1","Banco do Brasil S.A.","2763","4","0000030006","3","BCO BRASIL - CONTA MOVIMENTO","30/01/2026 00:00:00","RENTABILIDADE","1","160","","","Rendimentos","ENTRADA","5336.11"
"2026","1210","","1210","","","","","1","Tesouro","","","","110","GERAL","0","","","1","1","Banco do Brasil S.A.","2763","4","0000030006","3","BCO BRASIL - CONTA MOVIMENTO","26/01/2026 00:00:00","DEBITO_CONTA_CORRENTE","CONTA_BANCARIA","1","","","","","702","ANULACAO CONTAB. AUTOMÁTICA - RECEB. DA GUIA ORÇAMENTÁRIA: 406","SAIDA","72.73","1407","147474.28","162763.5","87627.75","","3595443.34","5336.11","2243042.88","36576.66","318469.79","556301.83","312487.67","842225.48","","","0","0","","","2026","1210","","","1","Tesouro","","","111","REMUNERAÇÃO DE APLICAÇÕES FINANCEIRAS","0","","111.0000","1","1","Banco do Brasil S.A.","2763","4","0000030006","3","BCO BRASIL - CONTA MOVIMENTO","30/01/2026 00:00:00","RENTABILIDADE","1","160","","","Rendimentos","ENTRADA","5336.11"
"2026","1210","","1210","","","","","1","Tesouro","","","","110","GERAL","0","","","1","1","Banco do Brasil S.A.","2763","4","0000030006","3","BCO BRASIL - CONTA MOVIMENTO","26/01/2026 00:00:00","CREDITO_CONTA_CORRENTE","CONTA_BANCARIA","2","","","","114","","Transf ref IR New Med Importadora e Distrib de Mat Médicos Ltda (NF 5321)","ENTRADA","2.92","1407","147474.28","162766.42","87627.75","","3595443.34","5336.11","2243042.88","36576.66","318469.79","556301.83","312487.67","842225.48","","","0","0","","","2026","1210","","","1","Tesouro","","","111","REMUNERAÇÃO DE APLICAÇÕES FINANCEIRAS","0","","111.0000","1","1","Banco do Brasil S.A.","2763","4","0000030006","3","BCO BRASIL - CONTA MOVIMENTO","30/01/2026 00:00:00","RENTABILIDADE","1","160","","","Rendimentos","ENTRADA","5336.11"
"2026","1210","","1210","","","","","1","Tesouro","","","","110","GERAL","0","","","1","1","Banco do Brasil S.A.","2763","4","0000030006","3","BCO BRASIL - CONTA MOVIMENTO","26/01/2026 00:00:00","CREDITO_CONTA_CORRENTE","CONTA_BANCARIA","2","826","","","","","CONTAB. AUTOMÁTICA - RECEB. DA GUIA ORÇAMENTÁRIA: 826","ENTRADA","1616.96","1407","147474.28","164383.38","87627.75","","3595443.34","5336.11","2243042.88","36576.66","318469.79","556301.83","312487.67","842225.48","","","0","0","","","2026","1210","","","1","Tesouro","","","111","REMUNERAÇÃO DE APLICAÇÕES FINANCEIRAS","0","","111.0000","1","1","Banco do Brasil S.A.","2763","4","0000030006","3","BCO BRASIL - CONTA MOVIMENTO","30/01/2026 00:00:00","RENTABILIDADE","1","160","","","Rendimentos","ENTRADA","5336.11"
"2026","1210","","1210","","","","","1","Tesouro","","","","110","GERAL","0","","","1","1","Banco do Brasil S.A.","2763","4","0000030006","3","BCO BRASIL - CONTA MOVIMENTO","26/01/2026 00:00:00","DEBITO_CONTA_CORRENTE","CONTA_BANCARIA","2","","333","16883","","","NE 909/2026","SAIDA","357","1407","147474.28","164026.38","87627.75","","3595443.34","5336.11","2243042.88","36576.66","318469.79","556301.83","312487.67","842225.48","","","0","0","AutorizacaoPagamento{exercicioContabil=2026, numero=333, Juridicionado=01 - PREFEITURA MUNICIPAL DE VARGEM GRANDE DO SUL}","","2026","1210","","","1","Tesouro","","","111","REMUNERAÇÃO DE APLICAÇÕES FINANCEIRAS","0","","111.0000","1","1","Banco do Brasil S.A.","2763","4","0000030006","3","BCO BRASIL - CONTA MOVIMENTO","30/01/2026 00:00:00","RENTABILIDADE","1","160","","","Rendimentos","ENTRADA","5336.11"
"2026","1210","","1210","","","","","1","Tesouro","","","","110","GERAL","0","","","1","1","Banco do Brasil S.A.","2763","4","0000030006","3","BCO BRASIL - CONTA MOVIMENTO","26/01/2026 00:00:00","CREDITO_CONTA_CORRENTE","CONTA_BANCARIA","3","","","","116","","Transf ref ISS Gráfica Vargem Grande Ltda (NF 5695, 5687)","ENTRADA","88.64","1407","147474.28","164115.02","87627.75","","3595443.34","5336.11","2243042.88","36576.66","318469.79","556301.83","312487.67","842225.48","","","0","0","","","2026","1210","","","1","Tesouro","","","111","REMUNERAÇÃO DE APLICAÇÕES FINANCEIRAS","0","","111.0000","1","1","Banco do Brasil S.A.","2763","4","0000030006","3","BCO BRASIL - CONTA MOVIMENTO","30/01/2026 00:00:00","RENTABILIDADE","1","160","","","Rendimentos","ENTRADA","5336.11"
"2026","1210","","1210","","","","","1","Tesouro","","","","110","GERAL","0","","","1","1","Banco do Brasil S.A.","2763","4","0000030006","3","BCO BRASIL - CONTA MOVIMENTO","26/01/2026 00:00:00","DEBITO_CONTA_CORRENTE","CONTA_BANCARIA","3","","334","16884","","","AP 907/2026","SAIDA","60.32","1407","147474.28","164054.7","87627.75","","3595443.34","5336.11","2243042.88","36576.66","318469.79","556301.83","312487.67","842225.48","","","0","0","AutorizacaoPagamento{exercicioContabil=2026, numero=334, Juridicionado=01 - PREFEITURA MUNICIPAL DE VARGEM GRANDE DO SUL}","","2026","1210","","","1","Tesouro","","","111","REMUNERAÇÃO DE APLICAÇÕES FINANCEIRAS","0","","111.0000","1","1","Banco do Brasil S.A.","2763","4","0000030006","3","BCO BRASIL - CONTA MOVIMENTO","30/01/2026 00:00:00","RENTABILIDADE","1","160","","","Rendimentos","ENTRADA","5336.11"
"2026","1210","","1210","","","","","1","Tesouro","","","","110","GERAL","0","","","1","1","Banco do Brasil S.A.","2763","4","0000030006","3","BCO BRASIL - CONTA MOVIMENTO","26/01/2026 00:00:00","DEBITO_CONTA_CORRENTE","CONTA_BANCARIA","4","","335","16885","","","NE 908/2026","SAIDA","360","1407","147474.28","163694.7","87627.75","","3595443.34","5336.11","2243042.88","36576.66","318469.79","556301.83","312487.67","842225.48","","","0","0","AutorizacaoPagamento{exercicioContabil=2026, numero=335, Juridicionado=01 - PREFEITURA MUNICIPAL DE VARGEM GRANDE DO SUL}","","2026","1210","","","1","Tesouro","","","111","REMUNERAÇÃO DE APLICAÇÕES FINANCEIRAS","0","","111.0000","1","1","Banco do Brasil S.A.","2763","4","0000030006","3","BCO BRASIL - CONTA MOVIMENTO","30/01/2026 00:00:00","RENTABILIDADE","1","160","","","Rendimentos","ENTRADA","5336.11"
"2026","1210","","1210","","","","","1","Tesouro","","","","110","GERAL","0","","","1","1","Banco do Brasil S.A.","2763","4","0000030006","3","BCO BRASIL - CONTA MOVIMENTO","26/01/2026 00:00:00","CREDITO_CONTA_CORRENTE","CONTA_BANCARIA","4","","","","118","","Transf ref IR Sbardelini, Gabricho & Cia Ltda (NF 31125)","ENTRADA","1.8","1407","147474.28","163696.5","87627.75","","3595443.34","5336.11","2243042.88","36576.66","318469.79","556301.83","312487.67","842225.48","","","0","0","","","2026","1210","","","1","Tesouro","","","111","REMUNERAÇÃO DE APLICAÇÕES FINANCEIRAS","0","","111.0000","1","1","Banco do Brasil S.A.","2763","4","0000030006","3","BCO BRASIL - CONTA MOVIMENTO","30/01/2026 00:00:00","RENTABILIDADE","1","160","","","Rendimentos","ENTRADA","5336.11"
"2026","1210","","1210","","","","","1","Tesouro","","","","110","GERAL","0","","","1","1","Banco do Brasil S.A.","2763","4","0000030006","3","BCO BRASIL - CONTA MOVIMENTO","26/01/2026 00:00:00","DEBITO_CONTA_CORRENTE","CONTA_BANCARIA","5","","362","16914","","","NE 545/2026","SAIDA","71.85","1407","147474.28","163624.65","87627.75","","3595443.34","5336.11","2243042.88","36576.66","318469.79","556301.83","312487.67","842225.48","","","0","0","AutorizacaoPagamento{exercicioContabil=2026, numero=362, Juridicionado=01 - PREFEITURA MUNICIPAL DE VARGEM GRANDE DO SUL}","","2026","1210","","","1","Tesouro","","","111","REMUNERAÇÃO DE APLICAÇÕES FINANCEIRAS","0","","111.0000","1","1","Banco do Brasil S.A.","2763","4","0000030006","3","BCO BRASIL - CONTA MOVIMENTO","30/01/2026 00:00:00","RENTABILIDADE","1","160","","","Rendimentos","ENTRADA","5336.11"
"2026","1210","","1210","","","","","1","Tesouro","","","","110","GERAL","0","","","1","1","Banco do Brasil S.A.","2763","4","0000030006","3","BCO BRASIL - CONTA MOVIMENTO","26/01/2026 00:00:00","CREDITO_CONTA_CORRENTE","CONTA_BANCARIA","5","","","","121","","Transf ref IR CRF Alimentos Ltda (NF 13274)","ENTRADA","13.2","1407","147474.28","163637.85","87627.75","","3595443.34","5336.11","2243042.88","36576.66","318469.79","556301.83","312487.67","842225.48","","","0","0","","","2026","1210","","","1","Tesouro","","","111","REMUNERAÇÃO DE APLICAÇÕES FINANCEIRAS","0","","111.0000","1","1","Banco do Brasil S.A.","2763","4","0000030006","3","BCO BRASIL - CONTA MOVIMENTO","30/01/2026 00:00:00","RENTABILIDADE","1","160","","","Rendimentos","ENTRADA","5336.11"
"2026","1210","","1210","","","","","1","Tesouro","","","","110","GERAL","0","","","1","1","Banco do Brasil S.A.","2763","4","0000030006","3","BCO BRASIL - CONTA MOVIMENTO","26/01/2026 00:00:00","CREDITO_CONTA_CORRENTE","CONTA_BANCARIA","6","","","","122","","Transf ref IR Edvaldo D Callegari EPP (NF 13614, 13616, 13705, 13617, 13615, 13706)","ENTRADA","17.14","1407","147474.28","163654.99","87627.75","","3595443.34","5336.11","2243042.88","36576.66","318469.79","556301.83","312487.67","842225.48","","","0","0","","","2026","1210","","","1","Tesouro","","","111","REMUNERAÇÃO DE APLICAÇÕES FINANCEIRAS","0","","111.0000","1","1","Banco do Brasil S.A.","2763","4","0000030006","3","BCO BRASIL - CONTA MOVIMENTO","30/01/2026 00:00:00","RENTABILIDADE","1","160","","","Rendimentos","ENTRADA","5336.11"
"2026","1210","","1210","","","","","1","Tesouro","","","","110","GERAL","0","","","1","1","Banco do Brasil S.A.","2763","4","0000030006","3","BCO BRASIL - CONTA MOVIMENTO","26/01/2026 00:00:00","DEBITO_CONTA_CORRENTE","CONTA_BANCARIA","6","","363","16915","","","NE 552/2026","SAIDA","74.14","1407","147474.28","163580.85","87627.75","","3595443.34","5336.11","2243042.88","36576.66","318469.79","556301.83","312487.67","842225.48","","","0","0","AutorizacaoPagamento{exercicioContabil=2026, numero=363, Juridicionado=01 - PREFEITURA MUNICIPAL DE VARGEM GRANDE DO SUL}","","2026","1210","","","1","Tesouro","","","111","REMUNERAÇÃO DE APLICAÇÕES FINANCEIRAS","0","","111.0000","1","1","Banco do Brasil S.A.","2763","4","0000030006","3","BCO BRASIL - CONTA MOVIMENTO","30/01/2026 00:00:00","RENTABILIDADE","1","160","","","Rendimentos","ENTRADA","5336.11"
"2026","1210","","1210","","","","","1","Tesouro","","","","110","GERAL","0","","","1","1","Banco do Brasil S.A.","2763","4","0000030006","3","BCO BRASIL - CONTA MOVIMENTO","26/01/2026 00:00:00","CREDITO_CONTA_CORRENTE","CONTA_BANCARIA","7","","","","130","","Transf ref IR Supermercados União de VGSul Ltda (NF 13623)","ENTRADA","2.39","1407","147474.28","163583.24","87627.75","","3595443.34","5336.11","2243042.88","36576.66","318469.79","556301.83","312487.67","842225.48","","","0","0","","","2026","1210","","","1","Tesouro","","","111","REMUNERAÇÃO DE APLICAÇÕES FINANCEIRAS","0","","111.0000","1","1","Banco do Brasil S.A.","2763","4","0000030006","3","BCO BRASIL - CONTA MOVIMENTO","30/01/2026 00:00:00","RENTABILIDADE","1","160","","","Rendimentos","ENTRADA","5336.11"
"2026","1210","","1210","","","","","1","Tesouro","","","","110","GERAL","0","","","1","1","Banco do Brasil S.A.","2763","4","0000030006","3","BCO BRASIL - CONTA MOVIMENTO","26/01/2026 00:00:00","DEBITO_CONTA_CORRENTE","CONTA_BANCARIA","7","","364","16916","","","NE 553/2026","SAIDA","664.02","1407","147474.28","162919.22","87627.75","","3595443.34","5336.11","2243042.88","36576.66","318469.79","556301.83","312487.67","842225.48","","","0","0","AutorizacaoPagamento{exercicioContabil=2026, numero=364, Juridicionado=01 - PREFEITURA MUNICIPAL DE VARGEM GRANDE DO SUL}","","2026","1210","","","1","Tesouro","","","111","REMUNERAÇÃO DE APLICAÇÕES FINANCEIRAS","0","","111.0000","1","1","Banco do Brasil S.A.","2763","4","0000030006","3","BCO BRASIL - CONTA MOVIMENTO","30/01/2026 00:00:00","RENTABILIDADE","1","160","","","Rendimentos","ENTRADA","5336.11"
"2026","1210","","1210","","","","","1","Tesouro","","","","110","GERAL","0","","","1","1","Banco do Brasil S.A.","2763","4","0000030006","3","BCO BRASIL - CONTA MOVIMENTO","26/01/2026 00:00:00","DEBITO_CONTA_CORRENTE","CONTA_BANCARIA","8","","365","16917","","","NE 551/2026","SAIDA","51.7","1407","147474.28","162867.52","87627.75","","3595443.34","5336.11","2243042.88","36576.66","318469.79","556301.83","312487.67","842225.48","","","0","0","AutorizacaoPagamento{exercicioContabil=2026, numero=365, Juridicionado=01 - PREFEITURA MUNICIPAL DE VARGEM GRANDE DO SUL}","","2026","1210","","","1","Tesouro","","","111","REMUNERAÇÃO DE APLICAÇÕES FINANCEIRAS","0","","111.0000","1","1","Banco do Brasil S.A.","2763","4","0000030006","3","BCO BRASIL - CONTA MOVIMENTO","30/01/2026 00:00:00","RENTABILIDADE","1","160","","","Rendimentos","ENTRADA","5336.11"
"2026","1210","","1210","","","","","1","Tesouro","","","","110","GERAL","0","","","1","1","Banco do Brasil S.A.","2763","4","0000030006","3","BCO BRASIL - CONTA MOVIMENTO","26/01/2026 00:00:00","CREDITO_CONTA_CORRENTE","CONTA_BANCARIA","8","","","","131","","Transferência Aut. para compensação de Descontos de parcelas: Aut. Pagto.[377/2026].","ENTRADA","204.84","1407","147474.28","163072.36","87627.75","","3595443.34","5336.11","2243042.88","36576.66","318469.79","556301.83","312487.67","842225.48","","","0","0","","","2026","1210","","","1","Tesouro","","","111","REMUNERAÇÃO DE APLICAÇÕES FINANCEIRAS","0","","111.0000","1","1","Banco do Brasil S.A.","2763","4","0000030006","3","BCO BRASIL - CONTA MOVIMENTO","30/01/2026 00:00:00","RENTABILIDADE","1","160","","","Rendimentos","ENTRADA","5336.11"
"2026","1210","","1210","","","","","1","Tesouro","","","","110","GERAL","0","","","1","1","Banco do Brasil S.A.","2763","4","0000030006","3","BCO BRASIL - CONTA MOVIMENTO","26/01/2026 00:00:00","DEBITO_CONTA_CORRENTE","CONTA_BANCARIA","9","","","","123","","Transf ref IR Edvaldo D Callegari EPP (NF 13614, 13616, 13705, 13617, 13615, 13706) contabilizada incorretamente ","SAIDA","17.14","1407","147474.28","163055.22","87627.75","","3595443.34","5336.11","2243042.88","36576.66","318469.79","556301.83","312487.67","842225.48","","","0","0","","","2026","1210","","","1","Tesouro","","","111","REMUNERAÇÃO DE APLICAÇÕES FINANCEIRAS","0","","111.0000","1","1","Banco do Brasil S.A.","2763","4","0000030006","3","BCO BRASIL - CONTA MOVIMENTO","30/01/2026 00:00:00","RENTABILIDADE","1","160","","","Rendimentos","ENTRADA","5336.11"
"2026","1210","","1210","","","","","1","Tesouro","","","","110","GERAL","0","","","1","1","Banco do Brasil S.A.","2763","4","0000030006","3","BCO BRASIL - CONTA MOVIMENTO","26/01/2026 00:00:00","CREDITO_CONTA_CORRENTE","CONTA_BANCARIA","9","","","","133","","Transf ref IR APCI Diagnósticos Médicos S/S Ltda (NF 1140, 1130)","ENTRADA","114.41","1407","147474.28","163169.63","87627.75","","3595443.34","5336.11","2243042.88","36576.66","318469.79","556301.83","312487.67","842225.48","","","0","0","","","2026","1210","","","1","Tesouro","","","111","REMUNERAÇÃO DE APLICAÇÕES FINANCEIRAS","0","","111.0000","1","1","Banco do Brasil S.A.","2763","4","0000030006","3","BCO BRASIL - CONTA MOVIMENTO","30/01/2026 00:00:00","RENTABILIDADE","1","160","","","Rendimentos","ENTRADA","5336.11"
"2026","1210","","1210","","","","","1","Tesouro","","","","110","GERAL","0","","","1","1","Banco do Brasil S.A.","2763","4","0000030006","3","BCO BRASIL - CONTA MOVIMENTO","26/01/2026 00:00:00","DEBITO_CONTA_CORRENTE","CONTA_BANCARIA","10","","366","16918","","","NE 18910/2025","SAIDA","51.61","1407","147474.28","163118.02","87627.75","","3595443.34","5336.11","2243042.88","36576.66","318469.79","556301.83","312487.67","842225.48","","","0","0","AutorizacaoPagamento{exercicioContabil=2026, numero=366, Juridicionado=01 - PREFEITURA MUNICIPAL DE VARGEM GRANDE DO SUL}","","2026","1210","","","1","Tesouro","","","111","REMUNERAÇÃO DE APLICAÇÕES FINANCEIRAS","0","","111.0000","1","1","Banco do Brasil S.A.","2763","4","0000030006","3","BCO BRASIL - CONTA MOVIMENTO","30/01/2026 00:00:00","RENTABILIDADE","1","160","","","Rendimentos","ENTRADA","5336.11"
"2026","1210","","1210","","","","","1","Tesouro","","","","110","GERAL","0","","","1","1","Banco do Brasil S.A.","2763","4","0000030006","3","BCO BRASIL - CONTA MOVIMENTO","26/01/2026 00:00:00","CREDITO_CONTA_CORRENTE","CONTA_BANCARIA","10","","","","147","","Transf ref IR Benício Pneus Ltda (NF 17028)","ENTRADA","127.56","1407","147474.28","163245.58","87627.75","","3595443.34","5336.11","2243042.88","36576.66","318469.79","556301.83","312487.67","842225.48","","","0","0","","","2026","1210","","","1","Tesouro","","","111","REMUNERAÇÃO DE APLICAÇÕES FINANCEIRAS","0","","111.0000","1","1","Banco do Brasil S.A.","2763","4","0000030006","3","BCO BRASIL - CONTA MOVIMENTO","30/01/2026 00:00:00","RENTABILIDADE","1","160","","","Rendimentos","ENTRADA","5336.11"
"2026","1210","","1210","","","","","1","Tesouro","","","","110","GERAL","0","","","1","1","Banco do Brasil S.A.","2763","4","0000030006","3","BCO BRASIL - CONTA MOVIMENTO","26/01/2026 00:00:00","CREDITO_CONTA_CORRENTE","CONTA_BANCARIA","11","","","","148","","Transferência Aut. para compensação de Descontos de parcelas: Aut. Pagto.[397/2026].","ENTRADA","12.97","1407","147474.28","163258.55","87627.75","","3595443.34","5336.11","2243042.88","36576.66","318469.79","556301.83","312487.67","842225.48","","","0","0","","","2026","1210","","","1","Tesouro","","","111","REMUNERAÇÃO DE APLICAÇÕES FINANCEIRAS","0","","111.0000","1","1","Banco do Brasil S.A.","2763","4","0000030006","3","BCO BRASIL - CONTA MOVIMENTO","30/01/2026 00:00:00","RENTABILIDADE","1","160","","","Rendimentos","ENTRADA","5336.11"
"2026","1210","","1210","","","","","1","Tesouro","","","","110","GERAL","0","","","1","1","Banco do Brasil S.A.","2763","4","0000030006","3","BCO BRASIL - CONTA MOVIMENTO","26/01/2026 00:00:00","DEBITO_CONTA_CORRENTE","CONTA_BANCARIA","11","","","","124","","Transf ref IR CRF Alimentos Ltda (NF 13274) contabilizada incorretamente ","SAIDA","13.2","1407","147474.28","163245.35","87627.75","","3595443.34","5336.11","2243042.88","36576.66","318469.79","556301.83","312487.67","842225.48","","","0","0","","","2026","1210","","","1","Tesouro","","","111","REMUNERAÇÃO DE APLICAÇÕES FINANCEIRAS","0","","111.0000","1","1","Banco do Brasil S.A.","2763","4","0000030006","3","BCO BRASIL - CONTA MOVIMENTO","30/01/2026 00:00:00","RENTABILIDADE","1","160","","","Rendimentos","ENTRADA","5336.11"
"2026","1210","","1210","","","","","1","Tesouro","","","","110","GERAL","0","","","1","1","Banco do Brasil S.A.","2763","4","0000030006","3","BCO BRASIL - CONTA MOVIMENTO","26/01/2026 00:00:00","DEBITO_CONTA_CORRENTE","CONTA_BANCARIA","12","","367","16919","","","NE 18911/2025","SAIDA","82.2","1407","147474.28","163163.15","87627.75","","3595443.34","5336.11","2243042.88","36576.66","318469.79","556301.83","312487.67","842225.48","","","0","0","AutorizacaoPagamento{exercicioContabil=2026, numero=367, Juridicionado=01 - PREFEITURA MUNICIPAL DE VARGEM GRANDE DO SUL}","","2026","1210","","","1","Tesouro","","","111","REMUNERAÇÃO DE APLICAÇÕES FINANCEIRAS","0","","111.0000","1","1","Banco do Brasil S.A.","2763","4","0000030006","3","BCO BRASIL - CONTA MOVIMENTO","30/01/2026 00:00:00","RENTABILIDADE","1","160","","","Rendimentos","ENTRADA","5336.11"
"2026","1210","","1210","","","","","19","RECURSOS EXTRAÓRÇAMENTÁRIOS","","","","190","MOVIMENTAÇÕES EXTRAORÇAMENTÁRIAS GERAL","0","","","1","1","Banco do Brasil S.A.","2763","4","0000030006","3","BCO BRASIL - CONTA MOVIMENTO","26/01/2026 00:00:00","CREDITO_CONTA_CORRENTE","CONTA_BANCARIA","12","","","","149","","Transferência Aut. para compensação de Descontos de parcelas: Aut. Pagto.[403/2026].","ENTRADA","89.15","1407","147474.28","163252.3","87627.75","","3595443.34","5336.11","2243042.88","36576.66","318469.79","556301.83","312487.67","842225.48","","","0","0","","","2026","1210","","","1","Tesouro","","","111","REMUNERAÇÃO DE APLICAÇÕES FINANCEIRAS","0","","111.0000","1","1","Banco do Brasil S.A.","2763","4","0000030006","3","BCO BRASIL - CONTA MOVIMENTO","30/01/2026 00:00:00","RENTABILIDADE","1","160","","","Rendimentos","ENTRADA","5336.11"
"2026","1210","","1210","","","","","1","Tesouro","","","","110","GERAL","0","","","1","1","Banco do Brasil S.A.","2763","4","0000030006","3","BCO BRASIL - CONTA MOVIMENTO","26/01/2026 00:00:00","CREDITO_CONTA_CORRENTE","CONTA_BANCARIA","13","136","","","","","LANÇAMENTO DE RECEITA","ENTRADA","670.6","1407","147474.28","163922.9","87627.75","","3595443.34","5336.11","2243042.88","36576.66","318469.79","556301.83","312487.67","842225.48","","","0","0","","","2026","1210","","","1","Tesouro","","","111","REMUNERAÇÃO DE APLICAÇÕES FINANCEIRAS","0","","111.0000","1","1","Banco do Brasil S.A.","2763","4","0000030006","3","BCO BRASIL - CONTA MOVIMENTO","30/01/2026 00:00:00","RENTABILIDADE","1","160","","","Rendimentos","ENTRADA","5336.11"
"2026","1210","","1210","","","","","1","Tesouro","","","","110","GERAL","0","","","1","1","Banco do Brasil S.A.","2763","4","0000030006","3","BCO BRASIL - CONTA MOVIMENTO","26/01/2026 00:00:00","DEBITO_CONTA_CORRENTE","CONTA_BANCARIA","13","","368","16920","","","NE 18912/2025","SAIDA","6837.56","1407","147474.28","157085.34","87627.75","","3595443.34","5336.11","2243042.88","36576.66","318469.79","556301.83","312487.67","842225.48","","","0","0","AutorizacaoPagamento{exercicioContabil=2026, numero=368, Juridicionado=01 - PREFEITURA MUNICIPAL DE VARGEM GRANDE DO SUL}","","2026","1210","","","1","Tesouro","","","111","REMUNERAÇÃO DE APLICAÇÕES FINANCEIRAS","0","","111.0000","1","1","Banco do Brasil S.A.","2763","4","0000030006","3","BCO BRASIL - CONTA MOVIMENTO","30/01/2026 00:00:00","RENTABILIDADE","1","160","","","Rendimentos","ENTRADA","5336.11"
"2026","1210","","1210","","","","","1","Tesouro","","","","110","GERAL","0","","","1","1","Banco do Brasil S.A.","2763","4","0000030006","3","BCO BRASIL - CONTA MOVIMENTO","26/01/2026 00:00:00","DEBITO_CONTA_CORRENTE","CONTA_BANCARIA","14","","369","16921","","","NE 18913/2025","SAIDA","411.83","1407","147474.28","156673.51","87627.75","","3595443.34","5336.11","2243042.88","36576.66","318469.79","556301.83","312487.67","842225.48","","","0","0","AutorizacaoPagamento{exercicioContabil=2026, numero=369, Juridicionado=01 - PREFEITURA MUNICIPAL DE VARGEM GRANDE DO SUL}","","2026","1210","","","1","Tesouro","","","111","REMUNERAÇÃO DE APLICAÇÕES FINANCEIRAS","0","","111.0000","1","1","Banco do Brasil S.A.","2763","4","0000030006","3","BCO BRASIL - CONTA MOVIMENTO","30/01/2026 00:00:00","RENTABILIDADE","1","160","","","Rendimentos","ENTRADA","5336.11"
"2026","1210","","1210","","","","","1","Tesouro","","","","110","GERAL","0","","","1","1","Banco do Brasil S.A.","2763","4","0000030006","3","BCO BRASIL - CONTA MOVIMENTO","26/01/2026 00:00:00","CREDITO_CONTA_CORRENTE","CONTA_BANCARIA","14","141","","","","","Valor referente a retenção de IRRF do SAE","ENTRADA","1619.15","1407","147474.28","158292.66","87627.75","","3595443.34","5336.11","2243042.88","36576.66","318469.79","556301.83","312487.67","842225.48","","","0","0","","","2026","1210","","","1","Tesouro","","","111","REMUNERAÇÃO DE APLICAÇÕES FINANCEIRAS","0","","111.0000","1","1","Banco do Brasil S.A.","2763","4","0000030006","3","BCO BRASIL - CONTA MOVIMENTO","30/01/2026 00:00:00","RENTABILIDADE","1","160","","","Rendimentos","ENTRADA","5336.11"
"2026","1210","","1210","","","","","1","Tesouro","","","","110","GERAL","0","","","1","1","Banco do Brasil S.A.","2763","4","0000030006","3","BCO BRASIL - CONTA MOVIMENTO","26/01/2026 00:00:00","DEBITO_CONTA_CORRENTE","CONTA_BANCARIA","15","","371","16923","","","NE 544/2026","SAIDA","3048.14","1407","147474.28","155244.52","87627.75","","3595443.34","5336.11","2243042.88","36576.66","318469.79","556301.83","312487.67","842225.48","","","0","0","AutorizacaoPagamento{exercicioContabil=2026, numero=371, Juridicionado=01 - PREFEITURA MUNICIPAL DE VARGEM GRANDE DO SUL}","","2026","1210","","","1","Tesouro","","","111","REMUNERAÇÃO DE APLICAÇÕES FINANCEIRAS","0","","111.0000","1","1","Banco do Brasil S.A.","2763","4","0000030006","3","BCO BRASIL - CONTA MOVIMENTO","30/01/2026 00:00:00","RENTABILIDADE","1","160","","","Rendimentos","ENTRADA","5336.11"
"2026","1210","","1210","","","","","1","Tesouro","","","","110","GERAL","0","","","1","1","Banco do Brasil S.A.","2763","4","0000030006","3","BCO BRASIL - CONTA MOVIMENTO","26/01/2026 00:00:00","DEBITO_CONTA_CORRENTE","CONTA_BANCARIA","16","","373","16925","","","NE 540/2026","SAIDA","126.47","1407","147474.28","155118.05","87627.75","","3595443.34","5336.11","2243042.88","36576.66","318469.79","556301.83","312487.67","842225.48","","","0","0","AutorizacaoPagamento{exercicioContabil=2026, numero=373, Juridicionado=01 - PREFEITURA MUNICIPAL DE VARGEM GRANDE DO SUL}","","2026","1210","","","1","Tesouro","","","111","REMUNERAÇÃO DE APLICAÇÕES FINANCEIRAS","0","","111.0000","1","1","Banco do Brasil S.A.","2763","4","0000030006","3","BCO BRASIL - CONTA MOVIMENTO","30/01/2026 00:00:00","RENTABILIDADE","1","160","","","Rendimentos","ENTRADA","5336.11"
"2026","1210","","1210","","","","","1","Tesouro","","","","510","ASSISTÊNCIA SOCIAL - GERAL","0","","","1","1","Banco do Brasil S.A.","2763","4","0000030006","3","BCO BRASIL - CONTA MOVIMENTO","26/01/2026 00:00:00","DEBITO_CONTA_CORRENTE","CONTA_BANCARIA","17","","377","16930","","","NE 9304, 15018","SAIDA","16865.16","1407","147474.28","138252.89","87627.75","","3595443.34","5336.11","2243042.88","36576.66","318469.79","556301.83","312487.67","842225.48","","","0","0","AutorizacaoPagamento{exercicioContabil=2026, numero=377, Juridicionado=01 - PREFEITURA MUNICIPAL DE VARGEM GRANDE DO SUL}","","2026","1210","","","1","Tesouro","","","111","REMUNERAÇÃO DE APLICAÇÕES FINANCEIRAS","0","","111.0000","1","1","Banco do Brasil S.A.","2763","4","0000030006","3","BCO BRASIL - CONTA MOVIMENTO","30/01/2026 00:00:00","RENTABILIDADE","1","160","","","Rendimentos","ENTRADA","5336.11"
"2026","1210","","1210","","","","","1","Tesouro","","","","510","ASSISTÊNCIA SOCIAL - GERAL","0","","","1","1","Banco do Brasil S.A.","2763","4","0000030006","3","BCO BRASIL - CONTA MOVIMENTO","26/01/2026 00:00:00","DEBITO_CONTA_CORRENTE","CONTA_BANCARIA","18","","","","131","","Transferência Aut. para compensação de Descontos de parcelas: Aut. Pagto.[377/2026].","SAIDA","204.84","1407","147474.28","138048.05","87627.75","","3595443.34","5336.11","2243042.88","36576.66","318469.79","556301.83","312487.67","842225.48","","","0","0","","","2026","1210","","","1","Tesouro","","","111","REMUNERAÇÃO DE APLICAÇÕES FINANCEIRAS","0","","111.0000","1","1","Banco do Brasil S.A.","2763","4","0000030006","3","BCO BRASIL - CONTA MOVIMENTO","30/01/2026 00:00:00","RENTABILIDADE","1","160","","","Rendimentos","ENTRADA","5336.11"
"2026","1210","","1210","","","","","1","Tesouro","","","","110","GERAL","0","","","1","1","Banco do Brasil S.A.","2763","4","0000030006","3","BCO BRASIL - CONTA MOVIMENTO","26/01/2026 00:00:00","DEBITO_CONTA_CORRENTE","CONTA_BANCARIA","19","","394","16947","","","NE 639, 641","SAIDA","4465.76","1407","147474.28","133582.29","87627.75","","3595443.34","5336.11","2243042.88","36576.66","318469.79","556301.83","312487.67","842225.48","","","0","0","AutorizacaoPagamento{exercicioContabil=2026, numero=394, Juridicionado=01 - PREFEITURA MUNICIPAL DE VARGEM GRANDE DO SUL}","","2026","1210","","","1","Tesouro","","","111","REMUNERAÇÃO DE APLICAÇÕES FINANCEIRAS","0","","111.0000","1","1","Banco do Brasil S.A.","2763","4","0000030006","3","BCO BRASIL - CONTA MOVIMENTO","30/01/2026 00:00:00","RENTABILIDADE","1","160","","","Rendimentos","ENTRADA","5336.11"
"2026","1210","","1210","","","","","1","Tesouro","","","","110","GERAL","0","","","1","1","Banco do Brasil S.A.","2763","4","0000030006","3","BCO BRASIL - CONTA MOVIMENTO","26/01/2026 00:00:00","DEBITO_CONTA_CORRENTE","CONTA_BANCARIA","20","","395","16948","","","NE 18503/2025","SAIDA","1069.56","1407","147474.28","132512.73","87627.75","","3595443.34","5336.11","2243042.88","36576.66","318469.79","556301.83","312487.67","842225.48","","","0","0","AutorizacaoPagamento{exercicioContabil=2026, numero=395, Juridicionado=01 - PREFEITURA MUNICIPAL DE VARGEM GRANDE DO SUL}","","2026","1210","","","1","Tesouro","","","111","REMUNERAÇÃO DE APLICAÇÕES FINANCEIRAS","0","","111.0000","1","1","Banco do Brasil S.A.","2763","4","0000030006","3","BCO BRASIL - CONTA MOVIMENTO","30/01/2026 00:00:00","RENTABILIDADE","1","160","","","Rendimentos","ENTRADA","5336.11"
"2026","1210","","1210","","","","","1","Tesouro","","","","110","GERAL","0","","","1","1","Banco do Brasil S.A.","2763","4","0000030006","3","BCO BRASIL - CONTA MOVIMENTO","26/01/2026 00:00:00","DEBITO_CONTA_CORRENTE","CONTA_BANCARIA","21","","396","16949","","","NE 13026, 46","SAIDA","16184","1407","147474.28","116328.73","87627.75","","3595443.34","5336.11","2243042.88","36576.66","318469.79","556301.83","312487.67","842225.48","","","0","0","AutorizacaoPagamento{exercicioContabil=2026, numero=396, Juridicionado=01 - PREFEITURA MUNICIPAL DE VARGEM GRANDE DO SUL}","","2026","1210","","","1","Tesouro","","","111","REMUNERAÇÃO DE APLICAÇÕES FINANCEIRAS","0","","111.0000","1","1","Banco do Brasil S.A.","2763","4","0000030006","3","BCO BRASIL - CONTA MOVIMENTO","30/01/2026 00:00:00","RENTABILIDADE","1","160","","","Rendimentos","ENTRADA","5336.11"
"2026","1210","","1210","","","","","1","Tesouro","","","","510","ASSISTÊNCIA SOCIAL - GERAL","0","","","1","1","Banco do Brasil S.A.","2763","4","0000030006","3","BCO BRASIL - CONTA MOVIMENTO","26/01/2026 00:00:00","DEBITO_CONTA_CORRENTE","CONTA_BANCARIA","22","","397","16950","","","NE 9603/2025","SAIDA","5392.03","1407","147474.28","110936.7","87627.75","","3595443.34","5336.11","2243042.88","36576.66","318469.79","556301.83","312487.67","842225.48","","","0","0","AutorizacaoPagamento{exercicioContabil=2026, numero=397, Juridicionado=01 - PREFEITURA MUNICIPAL DE VARGEM GRANDE DO SUL}","","2026","1210","","","1","Tesouro","","","111","REMUNERAÇÃO DE APLICAÇÕES FINANCEIRAS","0","","111.0000","1","1","Banco do Brasil S.A.","2763","4","0000030006","3","BCO BRASIL - CONTA MOVIMENTO","30/01/2026 00:00:00","RENTABILIDADE","1","160","","","Rendimentos","ENTRADA","5336.11"
"2026","1210","","1210","","","","","1","Tesouro","","","","510","ASSISTÊNCIA SOCIAL - GERAL","0","","","1","1","Banco do Brasil S.A.","2763","4","0000030006","3","BCO BRASIL - CONTA MOVIMENTO","26/01/2026 00:00:00","DEBITO_CONTA_CORRENTE","CONTA_BANCARIA","23","","","","148","","Transferência Aut. para compensação de Descontos de parcelas: Aut. Pagto.[397/2026].","SAIDA","12.97","1407","147474.28","110923.73","87627.75","","3595443.34","5336.11","2243042.88","36576.66","318469.79","556301.83","312487.67","842225.48","","","0","0","","","2026","1210","","","1","Tesouro","","","111","REMUNERAÇÃO DE APLICAÇÕES FINANCEIRAS","0","","111.0000","1","1","Banco do Brasil S.A.","2763","4","0000030006","3","BCO BRASIL - CONTA MOVIMENTO","30/01/2026 00:00:00","RENTABILIDADE","1","160","","","Rendimentos","ENTRADA","5336.11"
"2026","1210","","1210","","","","","1","Tesouro","","","","410","TRÂNSITO - SINALIZAÇÃO","0","","","1","1","Banco do Brasil S.A.","2763","4","0000030006","3","BCO BRASIL - CONTA MOVIMENTO","26/01/2026 00:00:00","DEBITO_CONTA_CORRENTE","CONTA_BANCARIA","24","","398","16951","","","NE 646, 647","SAIDA","21.09","1407","147474.28","110902.64","87627.75","","3595443.34","5336.11","2243042.88","36576.66","318469.79","556301.83","312487.67","842225.48","","","0","0","AutorizacaoPagamento{exercicioContabil=2026, numero=398, Juridicionado=01 - PREFEITURA MUNICIPAL DE VARGEM GRANDE DO SUL}","","2026","1210","","","1","Tesouro","","","111","REMUNERAÇÃO DE APLICAÇÕES FINANCEIRAS","0","","111.0000","1","1","Banco do Brasil S.A.","2763","4","0000030006","3","BCO BRASIL - CONTA MOVIMENTO","30/01/2026 00:00:00","RENTABILIDADE","1","160","","","Rendimentos","ENTRADA","5336.11"
"2026","1210","","1210","","","","","1","Tesouro","","","","110","GERAL","0","","","1","1","Banco do Brasil S.A.","2763","4","0000030006","3","BCO BRASIL - CONTA MOVIMENTO","26/01/2026 00:00:00","DEBITO_CONTA_CORRENTE","CONTA_BANCARIA","25","","398","16951","","","NE 646, 647","SAIDA","1159.95","1407","147474.28","109742.69","87627.75","","3595443.34","5336.11","2243042.88","36576.66","318469.79","556301.83","312487.67","842225.48","","","0","0","AutorizacaoPagamento{exercicioContabil=2026, numero=398, Juridicionado=01 - PREFEITURA MUNICIPAL DE VARGEM GRANDE DO SUL}","","2026","1210","","","1","Tesouro","","","111","REMUNERAÇÃO DE APLICAÇÕES FINANCEIRAS","0","","111.0000","1","1","Banco do Brasil S.A.","2763","4","0000030006","3","BCO BRASIL - CONTA MOVIMENTO","30/01/2026 00:00:00","RENTABILIDADE","1","160","","","Rendimentos","ENTRADA","5336.11"
"2026","1210","","1210","","","","","1","Tesouro","","","","110","GERAL","0","","","1","1","Banco do Brasil S.A.","2763","4","0000030006","3","BCO BRASIL - CONTA MOVIMENTO","26/01/2026 00:00:00","DEBITO_CONTA_CORRENTE","CONTA_BANCARIA","26","","399","16952","","","NE 110/2026","SAIDA","49.2","1407","147474.28","109693.49","87627.75","","3595443.34","5336.11","2243042.88","36576.66","318469.79","556301.83","312487.67","842225.48","","","0","0","AutorizacaoPagamento{exercicioContabil=2026, numero=399, Juridicionado=01 - PREFEITURA MUNICIPAL DE VARGEM GRANDE DO SUL}","","2026","1210","","","1","Tesouro","","","111","REMUNERAÇÃO DE APLICAÇÕES FINANCEIRAS","0","","111.0000","1","1","Banco do Brasil S.A.","2763","4","0000030006","3","BCO BRASIL - CONTA MOVIMENTO","30/01/2026 00:00:00","RENTABILIDADE","1","160","","","Rendimentos","ENTRADA","5336.11"
"2026","1210","","1210","","","","","1","Tesouro","","","","110","GERAL","0","","","1","1","Banco do Brasil S.A.","2763","4","0000030006","3","BCO BRASIL - CONTA MOVIMENTO","26/01/2026 00:00:00","DEBITO_CONTA_CORRENTE","CONTA_BANCARIA","27","","400","16953","","","NE 18504/2025","SAIDA","937.65","1407","147474.28","108755.84","87627.75","","3595443.34","5336.11","2243042.88","36576.66","318469.79","556301.83","312487.67","842225.48","","","0","0","AutorizacaoPagamento{exercicioContabil=2026, numero=400, Juridicionado=01 - PREFEITURA MUNICIPAL DE VARGEM GRANDE DO SUL}","","2026","1210","","","1","Tesouro","","","111","REMUNERAÇÃO DE APLICAÇÕES FINANCEIRAS","0","","111.0000","1","1","Banco do Brasil S.A.","2763","4","0000030006","3","BCO BRASIL - CONTA MOVIMENTO","30/01/2026 00:00:00","RENTABILIDADE","1","160","","","Rendimentos","ENTRADA","5336.11"
"2026","1210","","1210","","","","","1","Tesouro","","","","110","GERAL","0","","","1","1","Banco do Brasil S.A.","2763","4","0000030006","3","BCO BRASIL - CONTA MOVIMENTO","26/01/2026 00:00:00","DEBITO_CONTA_CORRENTE","CONTA_BANCARIA","28","","401","16954","","","NE 18502/2025","SAIDA","858","1407","147474.28","107897.84","87627.75","","3595443.34","5336.11","2243042.88","36576.66","318469.79","556301.83","312487.67","842225.48","","","0","0","AutorizacaoPagamento{exercicioContabil=2026, numero=401, Juridicionado=01 - PREFEITURA MUNICIPAL DE VARGEM GRANDE DO SUL}","","2026","1210","","","1","Tesouro","","","111","REMUNERAÇÃO DE APLICAÇÕES FINANCEIRAS","0","","111.0000","1","1","Banco do Brasil S.A.","2763","4","0000030006","3","BCO BRASIL - CONTA MOVIMENTO","30/01/2026 00:00:00","RENTABILIDADE","1","160","","","Rendimentos","ENTRADA","5336.11"
"2026","1210","","1210","","","","","1","Tesouro","","","","110","GERAL","0","","","1","1","Banco do Brasil S.A.","2763","4","0000030006","3","BCO BRASIL - CONTA MOVIMENTO","26/01/2026 00:00:00","DEBITO_CONTA_CORRENTE","CONTA_BANCARIA","29","","402","16955","","","NE 11399/2025","SAIDA","1250","1407","147474.28","106647.84","87627.75","","3595443.34","5336.11","2243042.88","36576.66","318469.79","556301.83","312487.67","842225.48","","","0","0","AutorizacaoPagamento{exercicioContabil=2026, numero=402, Juridicionado=01 - PREFEITURA MUNICIPAL DE VARGEM GRANDE DO SUL}","","2026","1210","","","1","Tesouro","","","111","REMUNERAÇÃO DE APLICAÇÕES FINANCEIRAS","0","","111.0000","1","1","Banco do Brasil S.A.","2763","4","0000030006","3","BCO BRASIL - CONTA MOVIMENTO","30/01/2026 00:00:00","RENTABILIDADE","1","160","","","Rendimentos","ENTRADA","5336.11"
"2026","1210","","1210","","","","","1","Tesouro","","","","110","GERAL","0","","","1","1","Banco do Brasil S.A.","2763","4","0000030006","3","BCO BRASIL - CONTA MOVIMENTO","26/01/2026 00:00:00","DEBITO_CONTA_CORRENTE","CONTA_BANCARIA","30","","403","16956","","","NE 597/2026","SAIDA","721.35","1407","147474.28","105926.49","87627.75","","3595443.34","5336.11","2243042.88","36576.66","318469.79","556301.83","312487.67","842225.48","","","0","0","AutorizacaoPagamento{exercicioContabil=2026, numero=403, Juridicionado=01 - PREFEITURA MUNICIPAL DE VARGEM GRANDE DO SUL}","","2026","1210","","","1","Tesouro","","","111","REMUNERAÇÃO DE APLICAÇÕES FINANCEIRAS","0","","111.0000","1","1","Banco do Brasil S.A.","2763","4","0000030006","3","BCO BRASIL - CONTA MOVIMENTO","30/01/2026 00:00:00","RENTABILIDADE","1","160","","","Rendimentos","ENTRADA","5336.11"
"2026","1210","","1210","","","","","1","Tesouro","","","","110","GERAL","0","","","1","1","Banco do Brasil S.A.","2763","4","0000030006","3","BCO BRASIL - CONTA MOVIMENTO","26/01/2026 00:00:00","DEBITO_CONTA_CORRENTE","CONTA_BANCARIA","31","","","","149","","Transferência Aut. para compensação de Descontos de parcelas: Aut. Pagto.[403/2026].","SAIDA","89.15","1407","147474.28","105837.34","87627.75","","3595443.34","5336.11","2243042.88","36576.66","318469.79","556301.83","312487.67","842225.48","","","0","0","","","2026","1210","","","1","Tesouro","","","111","REMUNERAÇÃO DE APLICAÇÕES FINANCEIRAS","0","","111.0000","1","1","Banco do Brasil S.A.","2763","4","0000030006","3","BCO BRASIL - CONTA MOVIMENTO","30/01/2026 00:00:00","RENTABILIDADE","1","160","","","Rendimentos","ENTRADA","5336.11"
"2026","1210","","1210","","","","","1","Tesouro","","","","110","GERAL","0","","","1","1","Banco do Brasil S.A.","2763","4","0000030006","3","BCO BRASIL - CONTA MOVIMENTO","26/01/2026 00:00:00","DEBITO_CONTA_CORRENTE","CONTA_BANCARIA","32","","404","16957","","","NE 182/2026","SAIDA","647.17","1407","147474.28","105190.17","87627.75","","3595443.34","5336.11","2243042.88","36576.66","318469.79","556301.83","312487.67","842225.48","","","0","0","AutorizacaoPagamento{exercicioContabil=2026, numero=404, Juridicionado=01 - PREFEITURA MUNICIPAL DE VARGEM GRANDE DO SUL}","","2026","1210","","","1","Tesouro","","","111","REMUNERAÇÃO DE APLICAÇÕES FINANCEIRAS","0","","111.0000","1","1","Banco do Brasil S.A.","2763","4","0000030006","3","BCO BRASIL - CONTA MOVIMENTO","30/01/2026 00:00:00","RENTABILIDADE","1","160","","","Rendimentos","ENTRADA","5336.11"
"2026","1210","","1210","","","","","1","Tesouro","","","","110","GERAL","0","","","1","1","Banco do Brasil S.A.","2763","4","0000030006","3","BCO BRASIL - CONTA MOVIMENTO","26/01/2026 00:00:00","DEBITO_CONTA_CORRENTE","CONTA_BANCARIA","33","","405","16958","","","NE 18501/2025","SAIDA","952.88","1407","147474.28","104237.29","87627.75","","3595443.34","5336.11","2243042.88","36576.66","318469.79","556301.83","312487.67","842225.48","","","0","0","AutorizacaoPagamento{exercicioContabil=2026, numero=405, Juridicionado=01 - PREFEITURA MUNICIPAL DE VARGEM GRANDE DO SUL}","","2026","1210","","","1","Tesouro","","","111","REMUNERAÇÃO DE APLICAÇÕES FINANCEIRAS","0","","111.0000","1","1","Banco do Brasil S.A.","2763","4","0000030006","3","BCO BRASIL - CONTA MOVIMENTO","30/01/2026 00:00:00","RENTABILIDADE","1","160","","","Rendimentos","ENTRADA","5336.11"
"2026","1210","","1210","","","","","1","Tesouro","","","","110","GERAL","0","","","1","1","Banco do Brasil S.A.","2763","4","0000030006","3","BCO BRASIL - CONTA MOVIMENTO","26/01/2026 00:00:00","DEBITO_CONTA_CORRENTE","CONTA_BANCARIA","34","","406","16959","","","NE 2870/2025","SAIDA","3384","1407","147474.28","100853.29","87627.75","","3595443.34","5336.11","2243042.88","36576.66","318469.79","556301.83","312487.67","842225.48","","","0","0","AutorizacaoPagamento{exercicioContabil=2026, numero=406, Juridicionado=01 - PREFEITURA MUNICIPAL DE VARGEM GRANDE DO SUL}","","2026","1210","","","1","Tesouro","","","111","REMUNERAÇÃO DE APLICAÇÕES FINANCEIRAS","0","","111.0000","1","1","Banco do Brasil S.A.","2763","4","0000030006","3","BCO BRASIL - CONTA MOVIMENTO","30/01/2026 00:00:00","RENTABILIDADE","1","160","","","Rendimentos","ENTRADA","5336.11"
"2026","1210","","1210","","","","","19","RECURSOS EXTRAÓRÇAMENTÁRIOS","","","","190","MOVIMENTAÇÕES EXTRAORÇAMENTÁRIAS GERAL","0","","","1","1","Banco do Brasil S.A.","2763","4","0000030006","3","BCO BRASIL - CONTA MOVIMENTO","26/01/2026 00:00:00","DEBITO_CONTA_CORRENTE","CONTA_BANCARIA","35","","410","16963","","","DE 17/2026","SAIDA","89.15","1407","147474.28","100764.14","87627.75","","3595443.34","5336.11","2243042.88","36576.66","318469.79","556301.83","312487.67","842225.48","","","0","0","AutorizacaoPagamento{exercicioContabil=2026, numero=410, Juridicionado=01 - PREFEITURA MUNICIPAL DE VARGEM GRANDE DO SUL}","","2026","1210","","","1","Tesouro","","","111","REMUNERAÇÃO DE APLICAÇÕES FINANCEIRAS","0","","111.0000","1","1","Banco do Brasil S.A.","2763","4","0000030006","3","BCO BRASIL - CONTA MOVIMENTO","30/01/2026 00:00:00","RENTABILIDADE","1","160","","","Rendimentos","ENTRADA","5336.11"
"2026","1210","","1210","","","","","1","Tesouro","","","","110","GERAL","0","","","1","1","Banco do Brasil S.A.","2763","4","0000030006","3","BCO BRASIL - CONTA MOVIMENTO","27/01/2026 00:00:00","DEBITO_CONTA_CORRENTE","CONTA_BANCARIA","1","","","","","698","ANULACAO CONTAB. AUTOMÁTICA - RECEB. DA GUIA ORÇAMENTÁRIA: 414","SAIDA","5.83","1407","147474.28","100758.31","87627.75","","3595443.34","5336.11","2243042.88","36576.66","318469.79","556301.83","312487.67","842225.48","","","0","0","","","2026","1210","","","1","Tesouro","","","111","REMUNERAÇÃO DE APLICAÇÕES FINANCEIRAS","0","","111.0000","1","1","Banco do Brasil S.A.","2763","4","0000030006","3","BCO BRASIL - CONTA MOVIMENTO","30/01/2026 00:00:00","RENTABILIDADE","1","160","","","Rendimentos","ENTRADA","5336.11"
"2026","1210","","1210","","","","","1","Tesouro","","","","110","GERAL","0","","","1","1","Banco do Brasil S.A.","2763","4","0000030006","3","BCO BRASIL - CONTA MOVIMENTO","27/01/2026 00:00:00","DEBITO_CONTA_CORRENTE","CONTA_BANCARIA","1","","","","","698","ANULACAO CONTAB. AUTOMÁTICA - RECEB. DA GUIA ORÇAMENTÁRIA: 414","SAIDA","459.44","1407","147474.28","100298.87","87627.75","","3595443.34","5336.11","2243042.88","36576.66","318469.79","556301.83","312487.67","842225.48","","","0","0","","","2026","1210","","","1","Tesouro","","","111","REMUNERAÇÃO DE APLICAÇÕES FINANCEIRAS","0","","111.0000","1","1","Banco do Brasil S.A.","2763","4","0000030006","3","BCO BRASIL - CONTA MOVIMENTO","30/01/2026 00:00:00","RENTABILIDADE","1","160","","","Rendimentos","ENTRADA","5336.11"
"2026","1210","","1210","","","","","1","Tesouro","","","","110","GERAL","0","","","1","1","Banco do Brasil S.A.","2763","4","0000030006","3","BCO BRASIL - CONTA MOVIMENTO","27/01/2026 00:00:00","DEBITO_CONTA_CORRENTE","CONTA_BANCARIA","1","","","","","698","ANULACAO CONTAB. AUTOMÁTICA - RECEB. DA GUIA ORÇAMENTÁRIA: 414","SAIDA","18.53","1407","147474.28","100280.34","87627.75","","3595443.34","5336.11","2243042.88","36576.66","318469.79","556301.83","312487.67","842225.48","","","0","0","","","2026","1210","","","1","Tesouro","","","111","REMUNERAÇÃO DE APLICAÇÕES FINANCEIRAS","0","","111.0000","1","1","Banco do Brasil S.A.","2763","4","0000030006","3","BCO BRASIL - CONTA MOVIMENTO","30/01/2026 00:00:00","RENTABILIDADE","1","160","","","Rendimentos","ENTRADA","5336.11"
"2026","1210","","1210","","","","","1","Tesouro","","","","110","GERAL","0","","","1","1","Banco do Brasil S.A.","2763","4","0000030006","3","BCO BRASIL - CONTA MOVIMENTO","27/01/2026 00:00:00","CREDITO_CONTA_CORRENTE","CONTA_BANCARIA","1","","","","154","","Transf ref ISS José Luis Bicesto ME (NF 7484)","ENTRADA","13.4","1407","147474.28","100293.74","87627.75","","3595443.34","5336.11","2243042.88","36576.66","318469.79","556301.83","312487.67","842225.48","","","0","0","","","2026","1210","","","1","Tesouro","","","111","REMUNERAÇÃO DE APLICAÇÕES FINANCEIRAS","0","","111.0000","1","1","Banco do Brasil S.A.","2763","4","0000030006","3","BCO BRASIL - CONTA MOVIMENTO","30/01/2026 00:00:00","RENTABILIDADE","1","160","","","Rendimentos","ENTRADA","5336.11"
"2026","1210","","1210","","","","","1","Tesouro","","","","110","GERAL","0","","","1","1","Banco do Brasil S.A.","2763","4","0000030006","3","BCO BRASIL - CONTA MOVIMENTO","27/01/2026 00:00:00","DEBITO_CONTA_CORRENTE","CONTA_BANCARIA","1","","","","","698","ANULACAO CONTAB. AUTOMÁTICA - RECEB. DA GUIA ORÇAMENTÁRIA: 414","SAIDA","281.45","1407","147474.28","100012.29","87627.75","","3595443.34","5336.11","2243042.88","36576.66","318469.79","556301.83","312487.67","842225.48","","","0","0","","","2026","1210","","","1","Tesouro","","","111","REMUNERAÇÃO DE APLICAÇÕES FINANCEIRAS","0","","111.0000","1","1","Banco do Brasil S.A.","2763","4","0000030006","3","BCO BRASIL - CONTA MOVIMENTO","30/01/2026 00:00:00","RENTABILIDADE","1","160","","","Rendimentos","ENTRADA","5336.11"
"2026","1210","","1210","","","","","1","Tesouro","","","","110","GERAL","0","","","1","1","Banco do Brasil S.A.","2763","4","0000030006","3","BCO BRASIL - CONTA MOVIMENTO","27/01/2026 00:00:00","DEBITO_CONTA_CORRENTE","CONTA_BANCARIA","1","","","","","698","ANULACAO CONTAB. AUTOMÁTICA - RECEB. DA GUIA ORÇAMENTÁRIA: 414","SAIDA","33.54","1407","147474.28","99978.75","87627.75","","3595443.34","5336.11","2243042.88","36576.66","318469.79","556301.83","312487.67","842225.48","","","0","0","","","2026","1210","","","1","Tesouro","","","111","REMUNERAÇÃO DE APLICAÇÕES FINANCEIRAS","0","","111.0000","1","1","Banco do Brasil S.A.","2763","4","0000030006","3","BCO BRASIL - CONTA MOVIMENTO","30/01/2026 00:00:00","RENTABILIDADE","1","160","","","Rendimentos","ENTRADA","5336.11"
"2026","1210","","1210","","","","","1","Tesouro","","","","110","GERAL","0","","","1","1","Banco do Brasil S.A.","2763","4","0000030006","3","BCO BRASIL - CONTA MOVIMENTO","27/01/2026 00:00:00","DEBITO_CONTA_CORRENTE","CONTA_BANCARIA","1","","","","","698","ANULACAO CONTAB. AUTOMÁTICA - RECEB. DA GUIA ORÇAMENTÁRIA: 414","SAIDA","4762.38","1407","147474.28","95216.37","87627.75","","3595443.34","5336.11","2243042.88","36576.66","318469.79","556301.83","312487.67","842225.48","","","0","0","","","2026","1210","","","1","Tesouro","","","111","REMUNERAÇÃO DE APLICAÇÕES FINANCEIRAS","0","","111.0000","1","1","Banco do Brasil S.A.","2763","4","0000030006","3","BCO BRASIL - CONTA MOVIMENTO","30/01/2026 00:00:00","RENTABILIDADE","1","160","","","Rendimentos","ENTRADA","5336.11"
"2026","1210","","1210","","","","","1","Tesouro","","","","110","GERAL","0","","","1","1","Banco do Brasil S.A.","2763","4","0000030006","3","BCO BRASIL - CONTA MOVIMENTO","27/01/2026 00:00:00","DEBITO_CONTA_CORRENTE","CONTA_BANCARIA","1","","","","","698","ANULACAO CONTAB. AUTOMÁTICA - RECEB. DA GUIA ORÇAMENTÁRIA: 414","SAIDA","153.36","1407","147474.28","95063.01","87627.75","","3595443.34","5336.11","2243042.88","36576.66","318469.79","556301.83","312487.67","842225.48","","","0","0","","","2026","1210","","","1","Tesouro","","","111","REMUNERAÇÃO DE APLICAÇÕES FINANCEIRAS","0","","111.0000","1","1","Banco do Brasil S.A.","2763","4","0000030006","3","BCO BRASIL - CONTA MOVIMENTO","30/01/2026 00:00:00","RENTABILIDADE","1","160","","","Rendimentos","ENTRADA","5336.11"
"2026","1210","","1210","","","","","1","Tesouro","","","","110","GERAL","0","","","1","1","Banco do Brasil S.A.","2763","4","0000030006","3","BCO BRASIL - CONTA MOVIMENTO","27/01/2026 00:00:00","DEBITO_CONTA_CORRENTE","CONTA_BANCARIA","1","","","","","698","ANULACAO CONTAB. AUTOMÁTICA - RECEB. DA GUIA ORÇAMENTÁRIA: 414","SAIDA","6300","1407","147474.28","88763.01","87627.75","","3595443.34","5336.11","2243042.88","36576.66","318469.79","556301.83","312487.67","842225.48","","","0","0","","","2026","1210","","","1","Tesouro","","","111","REMUNERAÇÃO DE APLICAÇÕES FINANCEIRAS","0","","111.0000","1","1","Banco do Brasil S.A.","2763","4","0000030006","3","BCO BRASIL - CONTA MOVIMENTO","30/01/2026 00:00:00","RENTABILIDADE","1","160","","","Rendimentos","ENTRADA","5336.11"
"2026","1210","","1210","","","","","1","Tesouro","","","","110","GERAL","0","","","1","1","Banco do Brasil S.A.","2763","4","0000030006","3","BCO BRASIL - CONTA MOVIMENTO","27/01/2026 00:00:00","DEBITO_CONTA_CORRENTE","CONTA_BANCARIA","1","","","","","698","ANULACAO CONTAB. AUTOMÁTICA - RECEB. DA GUIA ORÇAMENTÁRIA: 414","SAIDA","6.74","1407","147474.28","88756.27","87627.75","","3595443.34","5336.11","2243042.88","36576.66","318469.79","556301.83","312487.67","842225.48","","","0","0","","","2026","1210","","","1","Tesouro","","","111","REMUNERAÇÃO DE APLICAÇÕES FINANCEIRAS","0","","111.0000","1","1","Banco do Brasil S.A.","2763","4","0000030006","3","BCO BRASIL - CONTA MOVIMENTO","30/01/2026 00:00:00","RENTABILIDADE","1","160","","","Rendimentos","ENTRADA","5336.11"
"2026","1210","","1210","","","","","1","Tesouro","","","","110","GERAL","0","","","1","1","Banco do Brasil S.A.","2763","4","0000030006","3","BCO BRASIL - CONTA MOVIMENTO","27/01/2026 00:00:00","DEBITO_CONTA_CORRENTE","CONTA_BANCARIA","1","","","","","698","ANULACAO CONTAB. AUTOMÁTICA - RECEB. DA GUIA ORÇAMENTÁRIA: 414","SAIDA","50.24","1407","147474.28","88706.03","87627.75","","3595443.34","5336.11","2243042.88","36576.66","318469.79","556301.83","312487.67","842225.48","","","0","0","","","2026","1210","","","1","Tesouro","","","111","REMUNERAÇÃO DE APLICAÇÕES FINANCEIRAS","0","","111.0000","1","1","Banco do Brasil S.A.","2763","4","0000030006","3","BCO BRASIL - CONTA MOVIMENTO","30/01/2026 00:00:00","RENTABILIDADE","1","160","","","Rendimentos","ENTRADA","5336.11"
"2026","1210","","1210","","","","","1","Tesouro","","","","110","GERAL","0","","","1","1","Banco do Brasil S.A.","2763","4","0000030006","3","BCO BRASIL - CONTA MOVIMENTO","27/01/2026 00:00:00","DEBITO_CONTA_CORRENTE","CONTA_BANCARIA","1","","","","","698","ANULACAO CONTAB. AUTOMÁTICA - RECEB. DA GUIA ORÇAMENTÁRIA: 414","SAIDA","456.23","1407","147474.28","88249.8","87627.75","","3595443.34","5336.11","2243042.88","36576.66","318469.79","556301.83","312487.67","842225.48","","","0","0","","","2026","1210","","","1","Tesouro","","","111","REMUNERAÇÃO DE APLICAÇÕES FINANCEIRAS","0","","111.0000","1","1","Banco do Brasil S.A.","2763","4","0000030006","3","BCO BRASIL - CONTA MOVIMENTO","30/01/2026 00:00:00","RENTABILIDADE","1","160","","","Rendimentos","ENTRADA","5336.11"
"2026","1210","","1210","","","","","1","Tesouro","","","","110","GERAL","0","","","1","1","Banco do Brasil S.A.","2763","4","0000030006","3","BCO BRASIL - CONTA MOVIMENTO","27/01/2026 00:00:00","DEBITO_CONTA_CORRENTE","CONTA_BANCARIA","1","","","","","698","ANULACAO CONTAB. AUTOMÁTICA - RECEB. DA GUIA ORÇAMENTÁRIA: 414","SAIDA","162","1407","147474.28","88087.8","87627.75","","3595443.34","5336.11","2243042.88","36576.66","318469.79","556301.83","312487.67","842225.48","","","0","0","","","2026","1210","","","1","Tesouro","","","111","REMUNERAÇÃO DE APLICAÇÕES FINANCEIRAS","0","","111.0000","1","1","Banco do Brasil S.A.","2763","4","0000030006","3","BCO BRASIL - CONTA MOVIMENTO","30/01/2026 00:00:00","RENTABILIDADE","1","160","","","Rendimentos","ENTRADA","5336.11"
"2026","1210","","1210","","","","","1","Tesouro","","","","110","GERAL","0","","","1","1","Banco do Brasil S.A.","2763","4","0000030006","3","BCO BRASIL - CONTA MOVIMENTO","27/01/2026 00:00:00","DEBITO_CONTA_CORRENTE","CONTA_BANCARIA","1","","","","","698","ANULACAO CONTAB. AUTOMÁTICA - RECEB. DA GUIA ORÇAMENTÁRIA: 414","SAIDA","1391.15","1407","147474.28","86696.65","87627.75","","3595443.34","5336.11","2243042.88","36576.66","318469.79","556301.83","312487.67","842225.48","","","0","0","","","2026","1210","","","1","Tesouro","","","111","REMUNERAÇÃO DE APLICAÇÕES FINANCEIRAS","0","","111.0000","1","1","Banco do Brasil S.A.","2763","4","0000030006","3","BCO BRASIL - CONTA MOVIMENTO","30/01/2026 00:00:00","RENTABILIDADE","1","160","","","Rendimentos","ENTRADA","5336.11"
"2026","1210","","1210","","","","","1","Tesouro","","","","110","GERAL","0","","","1","1","Banco do Brasil S.A.","2763","4","0000030006","3","BCO BRASIL - CONTA MOVIMENTO","27/01/2026 00:00:00","DEBITO_CONTA_CORRENTE","CONTA_BANCARIA","1","","418","16971","","","NE 666, 667","SAIDA","1032.55","1407","147474.28","85664.1","87627.75","","3595443.34","5336.11","2243042.88","36576.66","318469.79","556301.83","312487.67","842225.48","","","0","0","AutorizacaoPagamento{exercicioContabil=2026, numero=418, Juridicionado=01 - PREFEITURA MUNICIPAL DE VARGEM GRANDE DO SUL}","","2026","1210","","","1","Tesouro","","","111","REMUNERAÇÃO DE APLICAÇÕES FINANCEIRAS","0","","111.0000","1","1","Banco do Brasil S.A.","2763","4","0000030006","3","BCO BRASIL - CONTA MOVIMENTO","30/01/2026 00:00:00","RENTABILIDADE","1","160","","","Rendimentos","ENTRADA","5336.11"
"2026","1210","","1210","","","","","1","Tesouro","","","","110","GERAL","0","","","1","1","Banco do Brasil S.A.","2763","4","0000030006","3","BCO BRASIL - CONTA MOVIMENTO","27/01/2026 00:00:00","DEBITO_CONTA_CORRENTE","CONTA_BANCARIA","1","","","","","698","ANULACAO CONTAB. AUTOMÁTICA - RECEB. DA GUIA ORÇAMENTÁRIA: 414","SAIDA","6.07","1407","147474.28","85658.03","87627.75","","3595443.34","5336.11","2243042.88","36576.66","318469.79","556301.83","312487.67","842225.48","","","0","0","","","2026","1210","","","1","Tesouro","","","111","REMUNERAÇÃO DE APLICAÇÕES FINANCEIRAS","0","","111.0000","1","1","Banco do Brasil S.A.","2763","4","0000030006","3","BCO BRASIL - CONTA MOVIMENTO","30/01/2026 00:00:00","RENTABILIDADE","1","160","","","Rendimentos","ENTRADA","5336.11"
"2026","1210","","1210","","","","","1","Tesouro","","","","110","GERAL","0","","","1","1","Banco do Brasil S.A.","2763","4","0000030006","3","BCO BRASIL - CONTA MOVIMENTO","27/01/2026 00:00:00","DEBITO_CONTA_CORRENTE","CONTA_BANCARIA","1","","","","","698","ANULACAO CONTAB. AUTOMÁTICA - RECEB. DA GUIA ORÇAMENTÁRIA: 414","SAIDA","128.88","1407","147474.28","85529.15","87627.75","","3595443.34","5336.11","2243042.88","36576.66","318469.79","556301.83","312487.67","842225.48","","","0","0","","","2026","1210","","","1","Tesouro","","","111","REMUNERAÇÃO DE APLICAÇÕES FINANCEIRAS","0","","111.0000","1","1","Banco do Brasil S.A.","2763","4","0000030006","3","BCO BRASIL - CONTA MOVIMENTO","30/01/2026 00:00:00","RENTABILIDADE","1","160","","","Rendimentos","ENTRADA","5336.11"
"2026","1210","","1210","","","","","1","Tesouro","","","","110","GERAL","0","","","1","1","Banco do Brasil S.A.","2763","4","0000030006","3","BCO BRASIL - CONTA MOVIMENTO","27/01/2026 00:00:00","DEBITO_CONTA_CORRENTE","CONTA_BANCARIA","1","","","","","698","ANULACAO CONTAB. AUTOMÁTICA - RECEB. DA GUIA ORÇAMENTÁRIA: 414","SAIDA","2737.04","1407","147474.28","82792.11","87627.75","","3595443.34","5336.11","2243042.88","36576.66","318469.79","556301.83","312487.67","842225.48","","","0","0","","","2026","1210","","","1","Tesouro","","","111","REMUNERAÇÃO DE APLICAÇÕES FINANCEIRAS","0","","111.0000","1","1","Banco do Brasil S.A.","2763","4","0000030006","3","BCO BRASIL - CONTA MOVIMENTO","30/01/2026 00:00:00","RENTABILIDADE","1","160","","","Rendimentos","ENTRADA","5336.11"
"2026","1210","","1210","","","","","1","Tesouro","","","","110","GERAL","0","","","1","1","Banco do Brasil S.A.","2763","4","0000030006","3","BCO BRASIL - CONTA MOVIMENTO","27/01/2026 00:00:00","CREDITO_CONTA_CORRENTE","CONTA_BANCARIA","1","414","","","","","CONTAB. AUTOMÁTICA - RECEB. DA GUIA ORÇAMENTÁRIA: 414","ENTRADA","16952.88","1407","147474.28","99744.99","87627.75","","3595443.34","5336.11","2243042.88","36576.66","318469.79","556301.83","312487.67","842225.48","","","0","0","","","2026","1210","","","1","Tesouro","","","111","REMUNERAÇÃO DE APLICAÇÕES FINANCEIRAS","0","","111.0000","1","1","Banco do Brasil S.A.","2763","4","0000030006","3","BCO BRASIL - CONTA MOVIMENTO","30/01/2026 00:00:00","RENTABILIDADE","1","160","","","Rendimentos","ENTRADA","5336.11"
"2026","1210","","1210","","","","","1","Tesouro","","","","110","GERAL","0","","","1","1","Banco do Brasil S.A.","2763","4","0000030006","3","BCO BRASIL - CONTA MOVIMENTO","27/01/2026 00:00:00","CREDITO_CONTA_CORRENTE","CONTA_BANCARIA","2","16","","","","","LANÇAMENTO DE GUIA DE TRANSFERÊNCIAS GOVERNAMENTAIS","ENTRADA","1360358.49","1407","147474.28","1460103.48","87627.75","","3595443.34","5336.11","2243042.88","36576.66","318469.79","556301.83","312487.67","842225.48","","","0","0","","","2026","1210","","","1","Tesouro","","","111","REMUNERAÇÃO DE APLICAÇÕES FINANCEIRAS","0","","111.0000","1","1","Banco do Brasil S.A.","2763","4","0000030006","3","BCO BRASIL - CONTA MOVIMENTO","30/01/2026 00:00:00","RENTABILIDADE","1","160","","","Rendimentos","ENTRADA","5336.11"
"2026","1210","","1210","","","","","19","RECURSOS EXTRAÓRÇAMENTÁRIOS","","","","190","MOVIMENTAÇÕES EXTRAORÇAMENTÁRIAS GERAL","0","","","1","1","Banco do Brasil S.A.","2763","4","0000030006","3","BCO BRASIL - CONTA MOVIMENTO","27/01/2026 00:00:00","DEBITO_CONTA_CORRENTE","CONTA_BANCARIA","2","","","","","","ANULACAO CONTAB. AUTOMÁTICA - RECEB. DA GUIA EXTRA-ORÇAMENTÁRIA: 50","SAIDA","8.79","1407","147474.28","1460094.69","87627.75","","3595443.34","5336.11","2243042.88","36576.66","318469.79","556301.83","312487.67","842225.48","","","0","0","","","2026","1210","","","1","Tesouro","","","111","REMUNERAÇÃO DE APLICAÇÕES FINANCEIRAS","0","","111.0000","1","1","Banco do Brasil S.A.","2763","4","0000030006","3","BCO BRASIL - CONTA MOVIMENTO","30/01/2026 00:00:00","RENTABILIDADE","1","160","","","Rendimentos","ENTRADA","5336.11"
"2026","1210","","1210","","","","","8","EMENDAS PARLAMENTARES INDIVIDUAIS - LEGISLATIVO MUNICIPAL","","","","110","GERAL","0","","","1","1","Banco do Brasil S.A.","2763","4","0000030006","3","BCO BRASIL - CONTA MOVIMENTO","27/01/2026 00:00:00","DEBITO_CONTA_CORRENTE","CONTA_BANCARIA","2","","419","16972","","","NE 18499/2025","SAIDA","70","1407","147474.28","1460024.69","87627.75","","3595443.34","5336.11","2243042.88","36576.66","318469.79","556301.83","312487.67","842225.48","","","0","0","AutorizacaoPagamento{exercicioContabil=2026, numero=419, Juridicionado=01 - PREFEITURA MUNICIPAL DE VARGEM GRANDE DO SUL}","","2026","1210","","","1","Tesouro","","","111","REMUNERAÇÃO DE APLICAÇÕES FINANCEIRAS","0","","111.0000","1","1","Banco do Brasil S.A.","2763","4","0000030006","3","BCO BRASIL - CONTA MOVIMENTO","30/01/2026 00:00:00","RENTABILIDADE","1","160","","","Rendimentos","ENTRADA","5336.11"
"2026","1210","","1210","","","","","19","RECURSOS EXTRAÓRÇAMENTÁRIOS","","","","190","MOVIMENTAÇÕES EXTRAORÇAMENTÁRIAS GERAL","0","","","1","1","Banco do Brasil S.A.","2763","4","0000030006","3","BCO BRASIL - CONTA MOVIMENTO","27/01/2026 00:00:00","CREDITO_CONTA_CORRENTE","CONTA_BANCARIA","2","50","","","","","CONTAB. AUTOMÁTICA - RECEB. DA GUIA EXTRA-ORÇAMENTÁRIA: 50","ENTRADA","8.79","1407","147474.28","1460033.48","87627.75","","3595443.34","5336.11","2243042.88","36576.66","318469.79","556301.83","312487.67","842225.48","","","0","0","","","2026","1210","","","1","Tesouro","","","111","REMUNERAÇÃO DE APLICAÇÕES FINANCEIRAS","0","","111.0000","1","1","Banco do Brasil S.A.","2763","4","0000030006","3","BCO BRASIL - CONTA MOVIMENTO","30/01/2026 00:00:00","RENTABILIDADE","1","160","","","Rendimentos","ENTRADA","5336.11"
"2026","1210","","1210","","","","","1","Tesouro","","","","110","GERAL","0","","","1","1","Banco do Brasil S.A.","2763","4","0000030006","3","BCO BRASIL - CONTA MOVIMENTO","27/01/2026 00:00:00","CREDITO_CONTA_CORRENTE","CONTA_BANCARIA","3","17","","","","","LANÇAMENTO DE GUIA DE TRANSFERÊNCIAS GOVERNAMENTAIS","ENTRADA","5269.79","1407","147474.28","1465303.27","87627.75","","3595443.34","5336.11","2243042.88","36576.66","318469.79","556301.83","312487.67","842225.48","","","0","0","","","2026","1210","","","1","Tesouro","","","111","REMUNERAÇÃO DE APLICAÇÕES FINANCEIRAS","0","","111.0000","1","1","Banco do Brasil S.A.","2763","4","0000030006","3","BCO BRASIL - CONTA MOVIMENTO","30/01/2026 00:00:00","RENTABILIDADE","1","160","","","Rendimentos","ENTRADA","5336.11"
"2026","1210","","1210","","","","","1","Tesouro","","","","110","GERAL","0","","","1","1","Banco do Brasil S.A.","2763","4","0000030006","3","BCO BRASIL - CONTA MOVIMENTO","27/01/2026 00:00:00","DEBITO_CONTA_CORRENTE","CONTA_BANCARIA","3","","420","16973","","","NE 1103/2026","SAIDA","8350.91","1407","147474.28","1456952.36","87627.75","","3595443.34","5336.11","2243042.88","36576.66","318469.79","556301.83","312487.67","842225.48","","","0","0","AutorizacaoPagamento{exercicioContabil=2026, numero=420, Juridicionado=01 - PREFEITURA MUNICIPAL DE VARGEM GRANDE DO SUL}","","2026","1210","","","1","Tesouro","","","111","REMUNERAÇÃO DE APLICAÇÕES FINANCEIRAS","0","","111.0000","1","1","Banco do Brasil S.A.","2763","4","0000030006","3","BCO BRASIL - CONTA MOVIMENTO","30/01/2026 00:00:00","RENTABILIDADE","1","160","","","Rendimentos","ENTRADA","5336.11"
"2026","1210","","1210","","","","","1","Tesouro","","","","110","GERAL","0","","","1","1","Banco do Brasil S.A.","2763","4","0000030006","3","BCO BRASIL - CONTA MOVIMENTO","27/01/2026 00:00:00","CREDITO_CONTA_CORRENTE","CONTA_BANCARIA","3","827","","","","","CONTAB. AUTOMÁTICA - RECEB. DA GUIA ORÇAMENTÁRIA: 827","ENTRADA","16952.88","1407","147474.28","1473905.24","87627.75","","3595443.34","5336.11","2243042.88","36576.66","318469.79","556301.83","312487.67","842225.48","","","0","0","","","2026","1210","","","1","Tesouro","","","111","REMUNERAÇÃO DE APLICAÇÕES FINANCEIRAS","0","","111.0000","1","1","Banco do Brasil S.A.","2763","4","0000030006","3","BCO BRASIL - CONTA MOVIMENTO","30/01/2026 00:00:00","RENTABILIDADE","1","160","","","Rendimentos","ENTRADA","5336.11"
"2026","1210","","1210","","","","","1","Tesouro","","","","110","GERAL","0","","","1","1","Banco do Brasil S.A.","2763","4","0000030006","3","BCO BRASIL - CONTA MOVIMENTO","27/01/2026 00:00:00","CREDITO_CONTA_CORRENTE","CONTA_BANCARIA","4","18","","","","","LANÇAMENTO DE GUIA DE TRANSFERÊNCIAS GOVERNAMENTAIS","ENTRADA","4215.83","1407","147474.28","1478121.07","87627.75","","3595443.34","5336.11","2243042.88","36576.66","318469.79","556301.83","312487.67","842225.48","","","0","0","","","2026","1210","","","1","Tesouro","","","111","REMUNERAÇÃO DE APLICAÇÕES FINANCEIRAS","0","","111.0000","1","1","Banco do Brasil S.A.","2763","4","0000030006","3","BCO BRASIL - CONTA MOVIMENTO","30/01/2026 00:00:00","RENTABILIDADE","1","160","","","Rendimentos","ENTRADA","5336.11"
"2026","1210","","1210","","","","","19","RECURSOS EXTRAÓRÇAMENTÁRIOS","","","","190","MOVIMENTAÇÕES EXTRAORÇAMENTÁRIAS GERAL","0","","","1","1","Banco do Brasil S.A.","2763","4","0000030006","3","BCO BRASIL - CONTA MOVIMENTO","27/01/2026 00:00:00","CREDITO_CONTA_CORRENTE","CONTA_BANCARIA","4","147","","","","","CONTAB. AUTOMÁTICA - RECEB. DA GUIA EXTRA-ORÇAMENTÁRIA: 147","ENTRADA","8.79","1407","147474.28","1478129.86","87627.75","","3595443.34","5336.11","2243042.88","36576.66","318469.79","556301.83","312487.67","842225.48","","","0","0","","","2026","1210","","","1","Tesouro","","","111","REMUNERAÇÃO DE APLICAÇÕES FINANCEIRAS","0","","111.0000","1","1","Banco do Brasil S.A.","2763","4","0000030006","3","BCO BRASIL - CONTA MOVIMENTO","30/01/2026 00:00:00","RENTABILIDADE","1","160","","","Rendimentos","ENTRADA","5336.11"
"2026","1210","","1210","","","","","1","Tesouro","","","","110","GERAL","0","","","1","1","Banco do Brasil S.A.","2763","4","0000030006","3","BCO BRASIL - CONTA MOVIMENTO","27/01/2026 00:00:00","DEBITO_CONTA_CORRENTE","CONTA_BANCARIA","4","","421","16974","","","NE 623/2026","SAIDA","9469.9","1407","147474.28","1468659.96","87627.75","","3595443.34","5336.11","2243042.88","36576.66","318469.79","556301.83","312487.67","842225.48","","","0","0","AutorizacaoPagamento{exercicioContabil=2026, numero=421, Juridicionado=01 - PREFEITURA MUNICIPAL DE VARGEM GRANDE DO SUL}","","2026","1210","","","1","Tesouro","","","111","REMUNERAÇÃO DE APLICAÇÕES FINANCEIRAS","0","","111.0000","1","1","Banco do Brasil S.A.","2763","4","0000030006","3","BCO BRASIL - CONTA MOVIMENTO","30/01/2026 00:00:00","RENTABILIDADE","1","160","","","Rendimentos","ENTRADA","5336.11"
"2026","1210","","1210","","","","","1","Tesouro","","","","110","GERAL","0","","","1","1","Banco do Brasil S.A.","2763","4","0000030006","3","BCO BRASIL - CONTA MOVIMENTO","27/01/2026 00:00:00","DEBITO_CONTA_CORRENTE","CONTA_BANCARIA","5","","422","16975","","","NE 1113/2026","SAIDA","14800","1407","147474.28","1453859.96","87627.75","","3595443.34","5336.11","2243042.88","36576.66","318469.79","556301.83","312487.67","842225.48","","","0","0","AutorizacaoPagamento{exercicioContabil=2026, numero=422, Juridicionado=01 - PREFEITURA MUNICIPAL DE VARGEM GRANDE DO SUL}","","2026","1210","","","1","Tesouro","","","111","REMUNERAÇÃO DE APLICAÇÕES FINANCEIRAS","0","","111.0000","1","1","Banco do Brasil S.A.","2763","4","0000030006","3","BCO BRASIL - CONTA MOVIMENTO","30/01/2026 00:00:00","RENTABILIDADE","1","160","","","Rendimentos","ENTRADA","5336.11"
"2026","1210","","1210","","","","","1","Tesouro","","","","110","GERAL","0","","","1","1","Banco do Brasil S.A.","2763","4","0000030006","3","BCO BRASIL - CONTA MOVIMENTO","27/01/2026 00:00:00","CREDITO_CONTA_CORRENTE","CONTA_BANCARIA","5","137","","","","","LANÇAMENTO DE RECEITA","ENTRADA","22.96","1407","147474.28","1453882.92","87627.75","","3595443.34","5336.11","2243042.88","36576.66","318469.79","556301.83","312487.67","842225.48","","","0","0","","","2026","1210","","","1","Tesouro","","","111","REMUNERAÇÃO DE APLICAÇÕES FINANCEIRAS","0","","111.0000","1","1","Banco do Brasil S.A.","2763","4","0000030006","3","BCO BRASIL - CONTA MOVIMENTO","30/01/2026 00:00:00","RENTABILIDADE","1","160","","","Rendimentos","ENTRADA","5336.11"
"2026","1210","","1210","","","","","1","Tesouro","","","","110","GERAL","0","","","1","1","Banco do Brasil S.A.","2763","4","0000030006","3","BCO BRASIL - CONTA MOVIMENTO","27/01/2026 00:00:00","DEBITO_CONTA_CORRENTE","CONTA_BANCARIA","6","","423","16976","","","NE 548/2026","SAIDA","12138","1407","147474.28","1441744.92","87627.75","","3595443.34","5336.11","2243042.88","36576.66","318469.79","556301.83","312487.67","842225.48","","","0","0","AutorizacaoPagamento{exercicioContabil=2026, numero=423, Juridicionado=01 - PREFEITURA MUNICIPAL DE VARGEM GRANDE DO SUL}","","2026","1210","","","1","Tesouro","","","111","REMUNERAÇÃO DE APLICAÇÕES FINANCEIRAS","0","","111.0000","1","1","Banco do Brasil S.A.","2763","4","0000030006","3","BCO BRASIL - CONTA MOVIMENTO","30/01/2026 00:00:00","RENTABILIDADE","1","160","","","Rendimentos","ENTRADA","5336.11"
"2026","1210","","1210","","","","","1","Tesouro","","","","110","GERAL","0","","","1","1","Banco do Brasil S.A.","2763","4","0000030006","3","BCO BRASIL - CONTA MOVIMENTO","27/01/2026 00:00:00","DEBITO_CONTA_CORRENTE","CONTA_BANCARIA","7","","425","16978","","","NE 1036/2026","SAIDA","1200","1407","147474.28","1440544.92","87627.75","","3595443.34","5336.11","2243042.88","36576.66","318469.79","556301.83","312487.67","842225.48","","","0","0","AutorizacaoPagamento{exercicioContabil=2026, numero=425, Juridicionado=01 - PREFEITURA MUNICIPAL DE VARGEM GRANDE DO SUL}","","2026","1210","","","1","Tesouro","","","111","REMUNERAÇÃO DE APLICAÇÕES FINANCEIRAS","0","","111.0000","1","1","Banco do Brasil S.A.","2763","4","0000030006","3","BCO BRASIL - CONTA MOVIMENTO","30/01/2026 00:00:00","RENTABILIDADE","1","160","","","Rendimentos","ENTRADA","5336.11"
"2026","1210","","1210","","","","","1","Tesouro","","","","510","ASSISTÊNCIA SOCIAL - GERAL","0","","","1","1","Banco do Brasil S.A.","2763","4","0000030006","3","BCO BRASIL - CONTA MOVIMENTO","27/01/2026 00:00:00","DEBITO_CONTA_CORRENTE","CONTA_BANCARIA","8","","426","16979","","","NE 18704, 18705","SAIDA","4450","1407","147474.28","1436094.92","87627.75","","3595443.34","5336.11","2243042.88","36576.66","318469.79","556301.83","312487.67","842225.48","","","0","0","AutorizacaoPagamento{exercicioContabil=2026, numero=426, Juridicionado=01 - PREFEITURA MUNICIPAL DE VARGEM GRANDE DO SUL}","","2026","1210","","","1","Tesouro","","","111","REMUNERAÇÃO DE APLICAÇÕES FINANCEIRAS","0","","111.0000","1","1","Banco do Brasil S.A.","2763","4","0000030006","3","BCO BRASIL - CONTA MOVIMENTO","30/01/2026 00:00:00","RENTABILIDADE","1","160","","","Rendimentos","ENTRADA","5336.11"
"2026","1210","","1210","","","","","1","Tesouro","","","","510","ASSISTÊNCIA SOCIAL - GERAL","0","","","1","1","Banco do Brasil S.A.","2763","4","0000030006","3","BCO BRASIL - CONTA MOVIMENTO","27/01/2026 00:00:00","DEBITO_CONTA_CORRENTE","CONTA_BANCARIA","9","","427","16980","","","NE 19228/2025","SAIDA","0.4","1407","147474.28","1436094.52","87627.75","","3595443.34","5336.11","2243042.88","36576.66","318469.79","556301.83","312487.67","842225.48","","","0","0","AutorizacaoPagamento{exercicioContabil=2026, numero=427, Juridicionado=01 - PREFEITURA MUNICIPAL DE VARGEM GRANDE DO SUL}","","2026","1210","","","1","Tesouro","","","111","REMUNERAÇÃO DE APLICAÇÕES FINANCEIRAS","0","","111.0000","1","1","Banco do Brasil S.A.","2763","4","0000030006","3","BCO BRASIL - CONTA MOVIMENTO","30/01/2026 00:00:00","RENTABILIDADE","1","160","","","Rendimentos","ENTRADA","5336.11"
"2026","1210","","1210","","","","","1","Tesouro","","","","510","ASSISTÊNCIA SOCIAL - GERAL","0","","","1","1","Banco do Brasil S.A.","2763","4","0000030006","3","BCO BRASIL - CONTA MOVIMENTO","27/01/2026 00:00:00","DEBITO_CONTA_CORRENTE","CONTA_BANCARIA","10","","430","16995","","","Ticket Soluções HDFGT","SAIDA","867.22","1407","147474.28","1435227.3","87627.75","","3595443.34","5336.11","2243042.88","36576.66","318469.79","556301.83","312487.67","842225.48","","","0","0","AutorizacaoPagamento{exercicioContabil=2026, numero=430, Juridicionado=01 - PREFEITURA MUNICIPAL DE VARGEM GRANDE DO SUL}","","2026","1210","","","1","Tesouro","","","111","REMUNERAÇÃO DE APLICAÇÕES FINANCEIRAS","0","","111.0000","1","1","Banco do Brasil S.A.","2763","4","0000030006","3","BCO BRASIL - CONTA MOVIMENTO","30/01/2026 00:00:00","RENTABILIDADE","1","160","","","Rendimentos","ENTRADA","5336.11"
"2026","1210","","1210","","","","","1","Tesouro","","","","110","GERAL","0","","","1","1","Banco do Brasil S.A.","2763","4","0000030006","3","BCO BRASIL - CONTA MOVIMENTO","27/01/2026 00:00:00","DEBITO_CONTA_CORRENTE","CONTA_BANCARIA","11","","430","16995","","","Ticket Soluções HDFGT","SAIDA","37633.23","1407","147474.28","1397594.07","87627.75","","3595443.34","5336.11","2243042.88","36576.66","318469.79","556301.83","312487.67","842225.48","","","0","0","AutorizacaoPagamento{exercicioContabil=2026, numero=430, Juridicionado=01 - PREFEITURA MUNICIPAL DE VARGEM GRANDE DO SUL}","","2026","1210","","","1","Tesouro","","","111","REMUNERAÇÃO DE APLICAÇÕES FINANCEIRAS","0","","111.0000","1","1","Banco do Brasil S.A.","2763","4","0000030006","3","BCO BRASIL - CONTA MOVIMENTO","30/01/2026 00:00:00","RENTABILIDADE","1","160","","","Rendimentos","ENTRADA","5336.11"
"2026","1210","","1210","","","","","1","Tesouro","","","","410","TRÂNSITO - SINALIZAÇÃO","0","","","1","1","Banco do Brasil S.A.","2763","4","0000030006","3","BCO BRASIL - CONTA MOVIMENTO","27/01/2026 00:00:00","DEBITO_CONTA_CORRENTE","CONTA_BANCARIA","12","","430","16995","","","Ticket Soluções HDFGT","SAIDA","3967.69","1407","147474.28","1393626.38","87627.75","","3595443.34","5336.11","2243042.88","36576.66","318469.79","556301.83","312487.67","842225.48","","","0","0","AutorizacaoPagamento{exercicioContabil=2026, numero=430, Juridicionado=01 - PREFEITURA MUNICIPAL DE VARGEM GRANDE DO SUL}","","2026","1210","","","1","Tesouro","","","111","REMUNERAÇÃO DE APLICAÇÕES FINANCEIRAS","0","","111.0000","1","1","Banco do Brasil S.A.","2763","4","0000030006","3","BCO BRASIL - CONTA MOVIMENTO","30/01/2026 00:00:00","RENTABILIDADE","1","160","","","Rendimentos","ENTRADA","5336.11"
"2026","1210","","1210","","","","","1","Tesouro","","","","110","GERAL","0","","","1","1","Banco do Brasil S.A.","2763","4","0000030006","3","BCO BRASIL - CONTA MOVIMENTO","27/01/2026 00:00:00","DEBITO_CONTA_CORRENTE","CONTA_BANCARIA","13","","","","155","","Transferência entre contas","SAIDA","300000","1407","147474.28","1093626.38","87627.75","","3595443.34","5336.11","2243042.88","36576.66","318469.79","556301.83","312487.67","842225.48","","","0","0","","","2026","1210","","","1","Tesouro","","","111","REMUNERAÇÃO DE APLICAÇÕES FINANCEIRAS","0","","111.0000","1","1","Banco do Brasil S.A.","2763","4","0000030006","3","BCO BRASIL - CONTA MOVIMENTO","30/01/2026 00:00:00","RENTABILIDADE","1","160","","","Rendimentos","ENTRADA","5336.11"
"2026","1210","","1210","","","","","1","Tesouro","","","","110","GERAL","0","","","1","1","Banco do Brasil S.A.","2763","4","0000030006","3","BCO BRASIL - CONTA MOVIMENTO","27/01/2026 00:00:00","DEBITO_CONTA_CORRENTE","CONTA_BANCARIA","14","","467","17032","","","NE 1229/2026","SAIDA","285","1407","147474.28","1093341.38","87627.75","","3595443.34","5336.11","2243042.88","36576.66","318469.79","556301.83","312487.67","842225.48","","","0","0","AutorizacaoPagamento{exercicioContabil=2026, numero=467, Juridicionado=01 - PREFEITURA MUNICIPAL DE VARGEM GRANDE DO SUL}","","2026","1210","","","1","Tesouro","","","111","REMUNERAÇÃO DE APLICAÇÕES FINANCEIRAS","0","","111.0000","1","1","Banco do Brasil S.A.","2763","4","0000030006","3","BCO BRASIL - CONTA MOVIMENTO","30/01/2026 00:00:00","RENTABILIDADE","1","160","","","Rendimentos","ENTRADA","5336.11"
"2026","1210","","1210","","","","","1","Tesouro","","","","110","GERAL","0","","","1","1","Banco do Brasil S.A.","2763","4","0000030006","3","BCO BRASIL - CONTA MOVIMENTO","27/01/2026 00:00:00","DEBITO_CONTA_CORRENTE","CONTA_BANCARIA","15","","468","17033","","","NE 1229/2026","SAIDA","997.2","1407","147474.28","1092344.18","87627.75","","3595443.34","5336.11","2243042.88","36576.66","318469.79","556301.83","312487.67","842225.48","","","0","0","AutorizacaoPagamento{exercicioContabil=2026, numero=468, Juridicionado=01 - PREFEITURA MUNICIPAL DE VARGEM GRANDE DO SUL}","","2026","1210","","","1","Tesouro","","","111","REMUNERAÇÃO DE APLICAÇÕES FINANCEIRAS","0","","111.0000","1","1","Banco do Brasil S.A.","2763","4","0000030006","3","BCO BRASIL - CONTA MOVIMENTO","30/01/2026 00:00:00","RENTABILIDADE","1","160","","","Rendimentos","ENTRADA","5336.11"
"2026","1210","","1210","","","","","1","Tesouro","","","","110","GERAL","0","","","1","1","Banco do Brasil S.A.","2763","4","0000030006","3","BCO BRASIL - CONTA MOVIMENTO","27/01/2026 00:00:00","DEBITO_CONTA_CORRENTE","CONTA_BANCARIA","16","","469","17034","","","NE 1230/2026","SAIDA","2188","1407","147474.28","1090156.18","87627.75","","3595443.34","5336.11","2243042.88","36576.66","318469.79","556301.83","312487.67","842225.48","","","0","0","AutorizacaoPagamento{exercicioContabil=2026, numero=469, Juridicionado=01 - PREFEITURA MUNICIPAL DE VARGEM GRANDE DO SUL}","","2026","1210","","","1","Tesouro","","","111","REMUNERAÇÃO DE APLICAÇÕES FINANCEIRAS","0","","111.0000","1","1","Banco do Brasil S.A.","2763","4","0000030006","3","BCO BRASIL - CONTA MOVIMENTO","30/01/2026 00:00:00","RENTABILIDADE","1","160","","","Rendimentos","ENTRADA","5336.11"
"2026","1210","","1210","","","","","1","Tesouro","","","","110","GERAL","0","","","1","1","Banco do Brasil S.A.","2763","4","0000030006","3","BCO BRASIL - CONTA MOVIMENTO","27/01/2026 00:00:00","DEBITO_CONTA_CORRENTE","CONTA_BANCARIA","17","16","","","","","LANÇAMENTO DE GUIA DE TRANSFERÊNCIAS GOVERNAMENTAIS","SAIDA","272071.69","1407","147474.28","818084.49","87627.75","","3595443.34","5336.11","2243042.88","36576.66","318469.79","556301.83","312487.67","842225.48","","","0","0","","","2026","1210","","","1","Tesouro","","","111","REMUNERAÇÃO DE APLICAÇÕES FINANCEIRAS","0","","111.0000","1","1","Banco do Brasil S.A.","2763","4","0000030006","3","BCO BRASIL - CONTA MOVIMENTO","30/01/2026 00:00:00","RENTABILIDADE","1","160","","","Rendimentos","ENTRADA","5336.11"
"2026","1210","","1210","","","","","1","Tesouro","","","","110","GERAL","0","","","1","1","Banco do Brasil S.A.","2763","4","0000030006","3","BCO BRASIL - CONTA MOVIMENTO","27/01/2026 00:00:00","DEBITO_CONTA_CORRENTE","CONTA_BANCARIA","18","17","","","","","LANÇAMENTO DE GUIA DE TRANSFERÊNCIAS GOVERNAMENTAIS","SAIDA","1053.96","1407","147474.28","817030.53","87627.75","","3595443.34","5336.11","2243042.88","36576.66","318469.79","556301.83","312487.67","842225.48","","","0","0","","","2026","1210","","","1","Tesouro","","","111","REMUNERAÇÃO DE APLICAÇÕES FINANCEIRAS","0","","111.0000","1","1","Banco do Brasil S.A.","2763","4","0000030006","3","BCO BRASIL - CONTA MOVIMENTO","30/01/2026 00:00:00","RENTABILIDADE","1","160","","","Rendimentos","ENTRADA","5336.11"
"2026","1210","","1210","","","","","1","Tesouro","","","","110","GERAL","0","","","1","1","Banco do Brasil S.A.","2763","4","0000030006","3","BCO BRASIL - CONTA MOVIMENTO","28/01/2026 00:00:00","CREDITO_CONTA_CORRENTE","CONTA_BANCARIA","1","418","","","","","CONTAB. AUTOMÁTICA - RECEB. DA GUIA ORÇAMENTÁRIA: 418","ENTRADA","11228.05","1407","147474.28","828258.58","87627.75","","3595443.34","5336.11","2243042.88","36576.66","318469.79","556301.83","312487.67","842225.48","","","0","0","","","2026","1210","","","1","Tesouro","","","111","REMUNERAÇÃO DE APLICAÇÕES FINANCEIRAS","0","","111.0000","1","1","Banco do Brasil S.A.","2763","4","0000030006","3","BCO BRASIL - CONTA MOVIMENTO","30/01/2026 00:00:00","RENTABILIDADE","1","160","","","Rendimentos","ENTRADA","5336.11"
"2026","1210","","1210","","","","","19","RECURSOS EXTRAÓRÇAMENTÁRIOS","","","","190","MOVIMENTAÇÕES EXTRAORÇAMENTÁRIAS GERAL","0","","","1","1","Banco do Brasil S.A.","2763","4","0000030006","3","BCO BRASIL - CONTA MOVIMENTO","28/01/2026 00:00:00","CREDITO_CONTA_CORRENTE","CONTA_BANCARIA","1","","","","156","","Transferência Aut. para compensação de Descontos de parcelas: Aut. Pagto.[481/2026].","ENTRADA","110","1407","147474.28","828368.58","87627.75","","3595443.34","5336.11","2243042.88","36576.66","318469.79","556301.83","312487.67","842225.48","","","0","0","","","2026","1210","","","1","Tesouro","","","111","REMUNERAÇÃO DE APLICAÇÕES FINANCEIRAS","0","","111.0000","1","1","Banco do Brasil S.A.","2763","4","0000030006","3","BCO BRASIL - CONTA MOVIMENTO","30/01/2026 00:00:00","RENTABILIDADE","1","160","","","Rendimentos","ENTRADA","5336.11"
"2026","1210","","1210","","","","","1","Tesouro","","","","110","GERAL","0","","","1","1","Banco do Brasil S.A.","2763","4","0000030006","3","BCO BRASIL - CONTA MOVIMENTO","28/01/2026 00:00:00","DEBITO_CONTA_CORRENTE","CONTA_BANCARIA","1","","","","","694","ANULACAO CONTAB. AUTOMÁTICA - RECEB. DA GUIA ORÇAMENTÁRIA: 418","SAIDA","3.25","1407","147474.28","828365.33","87627.75","","3595443.34","5336.11","2243042.88","36576.66","318469.79","556301.83","312487.67","842225.48","","","0","0","","","2026","1210","","","1","Tesouro","","","111","REMUNERAÇÃO DE APLICAÇÕES FINANCEIRAS","0","","111.0000","1","1","Banco do Brasil S.A.","2763","4","0000030006","3","BCO BRASIL - CONTA MOVIMENTO","30/01/2026 00:00:00","RENTABILIDADE","1","160","","","Rendimentos","ENTRADA","5336.11"
"2026","1210","","1210","","","","","1","Tesouro","","","","110","GERAL","0","","","1","1","Banco do Brasil S.A.","2763","4","0000030006","3","BCO BRASIL - CONTA MOVIMENTO","28/01/2026 00:00:00","DEBITO_CONTA_CORRENTE","CONTA_BANCARIA","1","","","","","694","ANULACAO CONTAB. AUTOMÁTICA - RECEB. DA GUIA ORÇAMENTÁRIA: 418","SAIDA","2040.13","1407","147474.28","826325.2","87627.75","","3595443.34","5336.11","2243042.88","36576.66","318469.79","556301.83","312487.67","842225.48","","","0","0","","","2026","1210","","","1","Tesouro","","","111","REMUNERAÇÃO DE APLICAÇÕES FINANCEIRAS","0","","111.0000","1","1","Banco do Brasil S.A.","2763","4","0000030006","3","BCO BRASIL - CONTA MOVIMENTO","30/01/2026 00:00:00","RENTABILIDADE","1","160","","","Rendimentos","ENTRADA","5336.11"
"2026","1210","","1210","","","","","1","Tesouro","","","","110","GERAL","0","","","1","1","Banco do Brasil S.A.","2763","4","0000030006","3","BCO BRASIL - CONTA MOVIMENTO","28/01/2026 00:00:00","DEBITO_CONTA_CORRENTE","CONTA_BANCARIA","1","","","","","694","ANULACAO CONTAB. AUTOMÁTICA - RECEB. DA GUIA ORÇAMENTÁRIA: 418","SAIDA","108","1407","147474.28","826217.2","87627.75","","3595443.34","5336.11","2243042.88","36576.66","318469.79","556301.83","312487.67","842225.48","","","0","0","","","2026","1210","","","1","Tesouro","","","111","REMUNERAÇÃO DE APLICAÇÕES FINANCEIRAS","0","","111.0000","1","1","Banco do Brasil S.A.","2763","4","0000030006","3","BCO BRASIL - CONTA MOVIMENTO","30/01/2026 00:00:00","RENTABILIDADE","1","160","","","Rendimentos","ENTRADA","5336.11"
"2026","1210","","1210","","","","","1","Tesouro","","","","110","GERAL","0","","","1","1","Banco do Brasil S.A.","2763","4","0000030006","3","BCO BRASIL - CONTA MOVIMENTO","28/01/2026 00:00:00","DEBITO_CONTA_CORRENTE","CONTA_BANCARIA","1","","","","","694","ANULACAO CONTAB. AUTOMÁTICA - RECEB. DA GUIA ORÇAMENTÁRIA: 418","SAIDA","766.96","1407","147474.28","825450.24","87627.75","","3595443.34","5336.11","2243042.88","36576.66","318469.79","556301.83","312487.67","842225.48","","","0","0","","","2026","1210","","","1","Tesouro","","","111","REMUNERAÇÃO DE APLICAÇÕES FINANCEIRAS","0","","111.0000","1","1","Banco do Brasil S.A.","2763","4","0000030006","3","BCO BRASIL - CONTA MOVIMENTO","30/01/2026 00:00:00","RENTABILIDADE","1","160","","","Rendimentos","ENTRADA","5336.11"
"2026","1210","","1210","","","","","1","Tesouro","","","","110","GERAL","0","","","1","1","Banco do Brasil S.A.","2763","4","0000030006","3","BCO BRASIL - CONTA MOVIMENTO","28/01/2026 00:00:00","DEBITO_CONTA_CORRENTE","CONTA_BANCARIA","1","","456","17021","","","NE 1198/2026","SAIDA","120.38","1407","147474.28","825329.86","87627.75","","3595443.34","5336.11","2243042.88","36576.66","318469.79","556301.83","312487.67","842225.48","","","0","0","AutorizacaoPagamento{exercicioContabil=2026, numero=456, Juridicionado=01 - PREFEITURA MUNICIPAL DE VARGEM GRANDE DO SUL}","","2026","1210","","","1","Tesouro","","","111","REMUNERAÇÃO DE APLICAÇÕES FINANCEIRAS","0","","111.0000","1","1","Banco do Brasil S.A.","2763","4","0000030006","3","BCO BRASIL - CONTA MOVIMENTO","30/01/2026 00:00:00","RENTABILIDADE","1","160","","","Rendimentos","ENTRADA","5336.11"
"2026","1210","","1210","","","","","1","Tesouro","","","","110","GERAL","0","","","1","1","Banco do Brasil S.A.","2763","4","0000030006","3","BCO BRASIL - CONTA MOVIMENTO","28/01/2026 00:00:00","DEBITO_CONTA_CORRENTE","CONTA_BANCARIA","1","","","","","694","ANULACAO CONTAB. AUTOMÁTICA - RECEB. DA GUIA ORÇAMENTÁRIA: 418","SAIDA","49.75","1407","147474.28","825280.11","87627.75","","3595443.34","5336.11","2243042.88","36576.66","318469.79","556301.83","312487.67","842225.48","","","0","0","","","2026","1210","","","1","Tesouro","","","111","REMUNERAÇÃO DE APLICAÇÕES FINANCEIRAS","0","","111.0000","1","1","Banco do Brasil S.A.","2763","4","0000030006","3","BCO BRASIL - CONTA MOVIMENTO","30/01/2026 00:00:00","RENTABILIDADE","1","160","","","Rendimentos","ENTRADA","5336.11"
"2026","1210","","1210","","","","","1","Tesouro","","","","110","GERAL","0","","","1","1","Banco do Brasil S.A.","2763","4","0000030006","3","BCO BRASIL - CONTA MOVIMENTO","28/01/2026 00:00:00","DEBITO_CONTA_CORRENTE","CONTA_BANCARIA","1","","","","","694","ANULACAO CONTAB. AUTOMÁTICA - RECEB. DA GUIA ORÇAMENTÁRIA: 418","SAIDA","24.44","1407","147474.28","825255.67","87627.75","","3595443.34","5336.11","2243042.88","36576.66","318469.79","556301.83","312487.67","842225.48","","","0","0","","","2026","1210","","","1","Tesouro","","","111","REMUNERAÇÃO DE APLICAÇÕES FINANCEIRAS","0","","111.0000","1","1","Banco do Brasil S.A.","2763","4","0000030006","3","BCO BRASIL - CONTA MOVIMENTO","30/01/2026 00:00:00","RENTABILIDADE","1","160","","","Rendimentos","ENTRADA","5336.11"
"2026","1210","","1210","","","","","1","Tesouro","","","","110","GERAL","0","","","1","1","Banco do Brasil S.A.","2763","4","0000030006","3","BCO BRASIL - CONTA MOVIMENTO","28/01/2026 00:00:00","DEBITO_CONTA_CORRENTE","CONTA_BANCARIA","1","","","","","694","ANULACAO CONTAB. AUTOMÁTICA - RECEB. DA GUIA ORÇAMENTÁRIA: 418","SAIDA","52.29","1407","147474.28","825203.38","87627.75","","3595443.34","5336.11","2243042.88","36576.66","318469.79","556301.83","312487.67","842225.48","","","0","0","","","2026","1210","","","1","Tesouro","","","111","REMUNERAÇÃO DE APLICAÇÕES FINANCEIRAS","0","","111.0000","1","1","Banco do Brasil S.A.","2763","4","0000030006","3","BCO BRASIL - CONTA MOVIMENTO","30/01/2026 00:00:00","RENTABILIDADE","1","160","","","Rendimentos","ENTRADA","5336.11"
"2026","1210","","1210","","","","","1","Tesouro","","","","110","GERAL","0","","","1","1","Banco do Brasil S.A.","2763","4","0000030006","3","BCO BRASIL - CONTA MOVIMENTO","28/01/2026 00:00:00","DEBITO_CONTA_CORRENTE","CONTA_BANCARIA","1","","","","","694","ANULACAO CONTAB. AUTOMÁTICA - RECEB. DA GUIA ORÇAMENTÁRIA: 418","SAIDA","6817.9","1407","147474.28","818385.48","87627.75","","3595443.34","5336.11","2243042.88","36576.66","318469.79","556301.83","312487.67","842225.48","","","0","0","","","2026","1210","","","1","Tesouro","","","111","REMUNERAÇÃO DE APLICAÇÕES FINANCEIRAS","0","","111.0000","1","1","Banco do Brasil S.A.","2763","4","0000030006","3","BCO BRASIL - CONTA MOVIMENTO","30/01/2026 00:00:00","RENTABILIDADE","1","160","","","Rendimentos","ENTRADA","5336.11"
"2026","1210","","1210","","","","","1","Tesouro","","","","110","GERAL","0","","","1","1","Banco do Brasil S.A.","2763","4","0000030006","3","BCO BRASIL - CONTA MOVIMENTO","28/01/2026 00:00:00","DEBITO_CONTA_CORRENTE","CONTA_BANCARIA","1","","","","","694","ANULACAO CONTAB. AUTOMÁTICA - RECEB. DA GUIA ORÇAMENTÁRIA: 418","SAIDA","121.5","1407","147474.28","818263.98","87627.75","","3595443.34","5336.11","2243042.88","36576.66","318469.79","556301.83","312487.67","842225.48","","","0","0","","","2026","1210","","","1","Tesouro","","","111","REMUNERAÇÃO DE APLICAÇÕES FINANCEIRAS","0","","111.0000","1","1","Banco do Brasil S.A.","2763","4","0000030006","3","BCO BRASIL - CONTA MOVIMENTO","30/01/2026 00:00:00","RENTABILIDADE","1","160","","","Rendimentos","ENTRADA","5336.11"
"2026","1210","","1210","","","","","1","Tesouro","","","","110","GERAL","0","","","1","1","Banco do Brasil S.A.","2763","4","0000030006","3","BCO BRASIL - CONTA MOVIMENTO","28/01/2026 00:00:00","DEBITO_CONTA_CORRENTE","CONTA_BANCARIA","1","","","","","694","ANULACAO CONTAB. AUTOMÁTICA - RECEB. DA GUIA ORÇAMENTÁRIA: 418","SAIDA","199.36","1407","147474.28","818064.62","87627.75","","3595443.34","5336.11","2243042.88","36576.66","318469.79","556301.83","312487.67","842225.48","","","0","0","","","2026","1210","","","1","Tesouro","","","111","REMUNERAÇÃO DE APLICAÇÕES FINANCEIRAS","0","","111.0000","1","1","Banco do Brasil S.A.","2763","4","0000030006","3","BCO BRASIL - CONTA MOVIMENTO","30/01/2026 00:00:00","RENTABILIDADE","1","160","","","Rendimentos","ENTRADA","5336.11"
"2026","1210","","1210","","","","","1","Tesouro","","","","110","GERAL","0","","","1","1","Banco do Brasil S.A.","2763","4","0000030006","3","BCO BRASIL - CONTA MOVIMENTO","28/01/2026 00:00:00","DEBITO_CONTA_CORRENTE","CONTA_BANCARIA","1","","","","","694","ANULACAO CONTAB. AUTOMÁTICA - RECEB. DA GUIA ORÇAMENTÁRIA: 418","SAIDA","125.9","1407","147474.28","817938.72","87627.75","","3595443.34","5336.11","2243042.88","36576.66","318469.79","556301.83","312487.67","842225.48","","","0","0","","","2026","1210","","","1","Tesouro","","","111","REMUNERAÇÃO DE APLICAÇÕES FINANCEIRAS","0","","111.0000","1","1","Banco do Brasil S.A.","2763","4","0000030006","3","BCO BRASIL - CONTA MOVIMENTO","30/01/2026 00:00:00","RENTABILIDADE","1","160","","","Rendimentos","ENTRADA","5336.11"
"2026","1210","","1210","","","","","1","Tesouro","","","","110","GERAL","0","","","1","1","Banco do Brasil S.A.","2763","4","0000030006","3","BCO BRASIL - CONTA MOVIMENTO","28/01/2026 00:00:00","DEBITO_CONTA_CORRENTE","CONTA_BANCARIA","1","","","","","694","ANULACAO CONTAB. AUTOMÁTICA - RECEB. DA GUIA ORÇAMENTÁRIA: 418","SAIDA","0.79","1407","147474.28","817937.93","87627.75","","3595443.34","5336.11","2243042.88","36576.66","318469.79","556301.83","312487.67","842225.48","","","0","0","","","2026","1210","","","1","Tesouro","","","111","REMUNERAÇÃO DE APLICAÇÕES FINANCEIRAS","0","","111.0000","1","1","Banco do Brasil S.A.","2763","4","0000030006","3","BCO BRASIL - CONTA MOVIMENTO","30/01/2026 00:00:00","RENTABILIDADE","1","160","","","Rendimentos","ENTRADA","5336.11"
"2026","1210","","1210","","","","","1","Tesouro","","","","110","GERAL","0","","","1","1","Banco do Brasil S.A.","2763","4","0000030006","3","BCO BRASIL - CONTA MOVIMENTO","28/01/2026 00:00:00","DEBITO_CONTA_CORRENTE","CONTA_BANCARIA","1","","","","","694","ANULACAO CONTAB. AUTOMÁTICA - RECEB. DA GUIA ORÇAMENTÁRIA: 418","SAIDA","684.12","1407","147474.28","817253.81","87627.75","","3595443.34","5336.11","2243042.88","36576.66","318469.79","556301.83","312487.67","842225.48","","","0","0","","","2026","1210","","","1","Tesouro","","","111","REMUNERAÇÃO DE APLICAÇÕES FINANCEIRAS","0","","111.0000","1","1","Banco do Brasil S.A.","2763","4","0000030006","3","BCO BRASIL - CONTA MOVIMENTO","30/01/2026 00:00:00","RENTABILIDADE","1","160","","","Rendimentos","ENTRADA","5336.11"
"2026","1210","","1210","","","","","1","Tesouro","","","","110","GERAL","0","","","1","1","Banco do Brasil S.A.","2763","4","0000030006","3","BCO BRASIL - CONTA MOVIMENTO","28/01/2026 00:00:00","DEBITO_CONTA_CORRENTE","CONTA_BANCARIA","1","","","","","694","ANULACAO CONTAB. AUTOMÁTICA - RECEB. DA GUIA ORÇAMENTÁRIA: 418","SAIDA","120.6","1407","147474.28","817133.21","87627.75","","3595443.34","5336.11","2243042.88","36576.66","318469.79","556301.83","312487.67","842225.48","","","0","0","","","2026","1210","","","1","Tesouro","","","111","REMUNERAÇÃO DE APLICAÇÕES FINANCEIRAS","0","","111.0000","1","1","Banco do Brasil S.A.","2763","4","0000030006","3","BCO BRASIL - CONTA MOVIMENTO","30/01/2026 00:00:00","RENTABILIDADE","1","160","","","Rendimentos","ENTRADA","5336.11"
"2026","1210","","1210","","","","","1","Tesouro","","","","110","GERAL","0","","","1","1","Banco do Brasil S.A.","2763","4","0000030006","3","BCO BRASIL - CONTA MOVIMENTO","28/01/2026 00:00:00","DEBITO_CONTA_CORRENTE","CONTA_BANCARIA","1","","","","","694","ANULACAO CONTAB. AUTOMÁTICA - RECEB. DA GUIA ORÇAMENTÁRIA: 418","SAIDA","110.51","1407","147474.28","817022.7","87627.75","","3595443.34","5336.11","2243042.88","36576.66","318469.79","556301.83","312487.67","842225.48","","","0","0","","","2026","1210","","","1","Tesouro","","","111","REMUNERAÇÃO DE APLICAÇÕES FINANCEIRAS","0","","111.0000","1","1","Banco do Brasil S.A.","2763","4","0000030006","3","BCO BRASIL - CONTA MOVIMENTO","30/01/2026 00:00:00","RENTABILIDADE","1","160","","","Rendimentos","ENTRADA","5336.11"
"2026","1210","","1210","","","","","1","Tesouro","","","","110","GERAL","0","","","1","1","Banco do Brasil S.A.","2763","4","0000030006","3","BCO BRASIL - CONTA MOVIMENTO","28/01/2026 00:00:00","DEBITO_CONTA_CORRENTE","CONTA_BANCARIA","1","","","","","694","ANULACAO CONTAB. AUTOMÁTICA - RECEB. DA GUIA ORÇAMENTÁRIA: 418","SAIDA","2.55","1407","147474.28","817020.15","87627.75","","3595443.34","5336.11","2243042.88","36576.66","318469.79","556301.83","312487.67","842225.48","","","0","0","","","2026","1210","","","1","Tesouro","","","111","REMUNERAÇÃO DE APLICAÇÕES FINANCEIRAS","0","","111.0000","1","1","Banco do Brasil S.A.","2763","4","0000030006","3","BCO BRASIL - CONTA MOVIMENTO","30/01/2026 00:00:00","RENTABILIDADE","1","160","","","Rendimentos","ENTRADA","5336.11"
"2026","1210","","1210","","","","","1","Tesouro","","","","110","GERAL","0","","","1","1","Banco do Brasil S.A.","2763","4","0000030006","3","BCO BRASIL - CONTA MOVIMENTO","28/01/2026 00:00:00","DEBITO_CONTA_CORRENTE","CONTA_BANCARIA","2","","457","17022","","","NE 1197/2026","SAIDA","41.04","1407","147474.28","816979.11","87627.75","","3595443.34","5336.11","2243042.88","36576.66","318469.79","556301.83","312487.67","842225.48","","","0","0","AutorizacaoPagamento{exercicioContabil=2026, numero=457, Juridicionado=01 - PREFEITURA MUNICIPAL DE VARGEM GRANDE DO SUL}","","2026","1210","","","1","Tesouro","","","111","REMUNERAÇÃO DE APLICAÇÕES FINANCEIRAS","0","","111.0000","1","1","Banco do Brasil S.A.","2763","4","0000030006","3","BCO BRASIL - CONTA MOVIMENTO","30/01/2026 00:00:00","RENTABILIDADE","1","160","","","Rendimentos","ENTRADA","5336.11"
"2026","1210","","1210","","","","","1","Tesouro","","","","110","GERAL","0","","","1","1","Banco do Brasil S.A.","2763","4","0000030006","3","BCO BRASIL - CONTA MOVIMENTO","28/01/2026 00:00:00","CREDITO_CONTA_CORRENTE","CONTA_BANCARIA","2","138","","","","","LANÇAMENTO DE RECEITA","ENTRADA","773.96","1407","147474.28","817753.07","87627.75","","3595443.34","5336.11","2243042.88","36576.66","318469.79","556301.83","312487.67","842225.48","","","0","0","","","2026","1210","","","1","Tesouro","","","111","REMUNERAÇÃO DE APLICAÇÕES FINANCEIRAS","0","","111.0000","1","1","Banco do Brasil S.A.","2763","4","0000030006","3","BCO BRASIL - CONTA MOVIMENTO","30/01/2026 00:00:00","RENTABILIDADE","1","160","","","Rendimentos","ENTRADA","5336.11"
"2026","1210","","1210","","","","","19","RECURSOS EXTRAÓRÇAMENTÁRIOS","","","","190","MOVIMENTAÇÕES EXTRAORÇAMENTÁRIAS GERAL","0","","","1","1","Banco do Brasil S.A.","2763","4","0000030006","3","BCO BRASIL - CONTA MOVIMENTO","28/01/2026 00:00:00","CREDITO_CONTA_CORRENTE","CONTA_BANCARIA","2","52","","","","","CONTAB. AUTOMÁTICA - RECEB. DA GUIA EXTRA-ORÇAMENTÁRIA: 52","ENTRADA","13.59","1407","147474.28","817766.66","87627.75","","3595443.34","5336.11","2243042.88","36576.66","318469.79","556301.83","312487.67","842225.48","","","0","0","","","2026","1210","","","1","Tesouro","","","111","REMUNERAÇÃO DE APLICAÇÕES FINANCEIRAS","0","","111.0000","1","1","Banco do Brasil S.A.","2763","4","0000030006","3","BCO BRASIL - CONTA MOVIMENTO","30/01/2026 00:00:00","RENTABILIDADE","1","160","","","Rendimentos","ENTRADA","5336.11"
"2026","1210","","1210","","","","","19","RECURSOS EXTRAÓRÇAMENTÁRIOS","","","","190","MOVIMENTAÇÕES EXTRAORÇAMENTÁRIAS GERAL","0","","","1","1","Banco do Brasil S.A.","2763","4","0000030006","3","BCO BRASIL - CONTA MOVIMENTO","28/01/2026 00:00:00","DEBITO_CONTA_CORRENTE","CONTA_BANCARIA","2","","","","","","ANULACAO CONTAB. AUTOMÁTICA - RECEB. DA GUIA EXTRA-ORÇAMENTÁRIA: 52","SAIDA","13.59","1407","147474.28","817753.07","87627.75","","3595443.34","5336.11","2243042.88","36576.66","318469.79","556301.83","312487.67","842225.48","","","0","0","","","2026","1210","","","1","Tesouro","","","111","REMUNERAÇÃO DE APLICAÇÕES FINANCEIRAS","0","","111.0000","1","1","Banco do Brasil S.A.","2763","4","0000030006","3","BCO BRASIL - CONTA MOVIMENTO","30/01/2026 00:00:00","RENTABILIDADE","1","160","","","Rendimentos","ENTRADA","5336.11"
"2026","1210","","1210","","","","","1","Tesouro","","","","110","GERAL","0","","","1","1","Banco do Brasil S.A.","2763","4","0000030006","3","BCO BRASIL - CONTA MOVIMENTO","28/01/2026 00:00:00","DEBITO_CONTA_CORRENTE","CONTA_BANCARIA","3","","458","17023","","","NE 1195/2026","SAIDA","244.87","1407","147474.28","817508.2","87627.75","","3595443.34","5336.11","2243042.88","36576.66","318469.79","556301.83","312487.67","842225.48","","","0","0","AutorizacaoPagamento{exercicioContabil=2026, numero=458, Juridicionado=01 - PREFEITURA MUNICIPAL DE VARGEM GRANDE DO SUL}","","2026","1210","","","1","Tesouro","","","111","REMUNERAÇÃO DE APLICAÇÕES FINANCEIRAS","0","","111.0000","1","1","Banco do Brasil S.A.","2763","4","0000030006","3","BCO BRASIL - CONTA MOVIMENTO","30/01/2026 00:00:00","RENTABILIDADE","1","160","","","Rendimentos","ENTRADA","5336.11"
"2026","1210","","1210","","","","","1","Tesouro","","","","110","GERAL","0","","","1","1","Banco do Brasil S.A.","2763","4","0000030006","3","BCO BRASIL - CONTA MOVIMENTO","28/01/2026 00:00:00","CREDITO_CONTA_CORRENTE","CONTA_BANCARIA","3","828","","","","","CONTAB. AUTOMÁTICA - RECEB. DA GUIA ORÇAMENTÁRIA: 828","ENTRADA","11228.05","1407","147474.28","828736.25","87627.75","","3595443.34","5336.11","2243042.88","36576.66","318469.79","556301.83","312487.67","842225.48","","","0","0","","","2026","1210","","","1","Tesouro","","","111","REMUNERAÇÃO DE APLICAÇÕES FINANCEIRAS","0","","111.0000","1","1","Banco do Brasil S.A.","2763","4","0000030006","3","BCO BRASIL - CONTA MOVIMENTO","30/01/2026 00:00:00","RENTABILIDADE","1","160","","","Rendimentos","ENTRADA","5336.11"
"2026","1210","","1210","","","","","1","Tesouro","","","","110","GERAL","0","","","1","1","Banco do Brasil S.A.","2763","4","0000030006","3","BCO BRASIL - CONTA MOVIMENTO","28/01/2026 00:00:00","DEBITO_CONTA_CORRENTE","CONTA_BANCARIA","4","","459","17024","","","NE 928/2026","SAIDA","528.05","1407","147474.28","828208.2","87627.75","","3595443.34","5336.11","2243042.88","36576.66","318469.79","556301.83","312487.67","842225.48","","","0","0","AutorizacaoPagamento{exercicioContabil=2026, numero=459, Juridicionado=01 - PREFEITURA MUNICIPAL DE VARGEM GRANDE DO SUL}","","2026","1210","","","1","Tesouro","","","111","REMUNERAÇÃO DE APLICAÇÕES FINANCEIRAS","0","","111.0000","1","1","Banco do Brasil S.A.","2763","4","0000030006","3","BCO BRASIL - CONTA MOVIMENTO","30/01/2026 00:00:00","RENTABILIDADE","1","160","","","Rendimentos","ENTRADA","5336.11"
"2026","1210","","1210","","","","","19","RECURSOS EXTRAÓRÇAMENTÁRIOS","","","","190","MOVIMENTAÇÕES EXTRAORÇAMENTÁRIAS GERAL","0","","","1","1","Banco do Brasil S.A.","2763","4","0000030006","3","BCO BRASIL - CONTA MOVIMENTO","28/01/2026 00:00:00","CREDITO_CONTA_CORRENTE","CONTA_BANCARIA","4","148","","","","","CONTAB. AUTOMÁTICA - RECEB. DA GUIA EXTRA-ORÇAMENTÁRIA: 148","ENTRADA","13.59","1407","147474.28","828221.79","87627.75","","3595443.34","5336.11","2243042.88","36576.66","318469.79","556301.83","312487.67","842225.48","","","0","0","","","2026","1210","","","1","Tesouro","","","111","REMUNERAÇÃO DE APLICAÇÕES FINANCEIRAS","0","","111.0000","1","1","Banco do Brasil S.A.","2763","4","0000030006","3","BCO BRASIL - CONTA MOVIMENTO","30/01/2026 00:00:00","RENTABILIDADE","1","160","","","Rendimentos","ENTRADA","5336.11"
"2026","1210","","1210","","","","","1","Tesouro","","","","110","GERAL","0","","","1","1","Banco do Brasil S.A.","2763","4","0000030006","3","BCO BRASIL - CONTA MOVIMENTO","28/01/2026 00:00:00","DEBITO_CONTA_CORRENTE","CONTA_BANCARIA","5","","460","17025","","","NE 1234/2026","SAIDA","700.04","1407","147474.28","827521.75","87627.75","","3595443.34","5336.11","2243042.88","36576.66","318469.79","556301.83","312487.67","842225.48","","","0","0","AutorizacaoPagamento{exercicioContabil=2026, numero=460, Juridicionado=01 - PREFEITURA MUNICIPAL DE VARGEM GRANDE DO SUL}","","2026","1210","","","1","Tesouro","","","111","REMUNERAÇÃO DE APLICAÇÕES FINANCEIRAS","0","","111.0000","1","1","Banco do Brasil S.A.","2763","4","0000030006","3","BCO BRASIL - CONTA MOVIMENTO","30/01/2026 00:00:00","RENTABILIDADE","1","160","","","Rendimentos","ENTRADA","5336.11"
"2026","1210","","1210","","","","","1","Tesouro","","","","110","GERAL","0","","","1","1","Banco do Brasil S.A.","2763","4","0000030006","3","BCO BRASIL - CONTA MOVIMENTO","28/01/2026 00:00:00","DEBITO_CONTA_CORRENTE","CONTA_BANCARIA","6","","461","17026","","","NE 1236/2026","SAIDA","1053.89","1407","147474.28","826467.86","87627.75","","3595443.34","5336.11","2243042.88","36576.66","318469.79","556301.83","312487.67","842225.48","","","0","0","AutorizacaoPagamento{exercicioContabil=2026, numero=461, Juridicionado=01 - PREFEITURA MUNICIPAL DE VARGEM GRANDE DO SUL}","","2026","1210","","","1","Tesouro","","","111","REMUNERAÇÃO DE APLICAÇÕES FINANCEIRAS","0","","111.0000","1","1","Banco do Brasil S.A.","2763","4","0000030006","3","BCO BRASIL - CONTA MOVIMENTO","30/01/2026 00:00:00","RENTABILIDADE","1","160","","","Rendimentos","ENTRADA","5336.11"
"2026","1210","","1210","","","","","1","Tesouro","","","","110","GERAL","0","","","1","1","Banco do Brasil S.A.","2763","4","0000030006","3","BCO BRASIL - CONTA MOVIMENTO","28/01/2026 00:00:00","DEBITO_CONTA_CORRENTE","CONTA_BANCARIA","7","","462","17027","","","NE 1237/2026","SAIDA","1131.78","1407","147474.28","825336.08","87627.75","","3595443.34","5336.11","2243042.88","36576.66","318469.79","556301.83","312487.67","842225.48","","","0","0","AutorizacaoPagamento{exercicioContabil=2026, numero=462, Juridicionado=01 - PREFEITURA MUNICIPAL DE VARGEM GRANDE DO SUL}","","2026","1210","","","1","Tesouro","","","111","REMUNERAÇÃO DE APLICAÇÕES FINANCEIRAS","0","","111.0000","1","1","Banco do Brasil S.A.","2763","4","0000030006","3","BCO BRASIL - CONTA MOVIMENTO","30/01/2026 00:00:00","RENTABILIDADE","1","160","","","Rendimentos","ENTRADA","5336.11"
"2026","1210","","1210","","","","","1","Tesouro","","","","110","GERAL","0","","","1","1","Banco do Brasil S.A.","2763","4","0000030006","3","BCO BRASIL - CONTA MOVIMENTO","28/01/2026 00:00:00","DEBITO_CONTA_CORRENTE","CONTA_BANCARIA","8","","463","17028","","","NE 1238/2026","SAIDA","2323.96","1407","147474.28","823012.12","87627.75","","3595443.34","5336.11","2243042.88","36576.66","318469.79","556301.83","312487.67","842225.48","","","0","0","AutorizacaoPagamento{exercicioContabil=2026, numero=463, Juridicionado=01 - PREFEITURA MUNICIPAL DE VARGEM GRANDE DO SUL}","","2026","1210","","","1","Tesouro","","","111","REMUNERAÇÃO DE APLICAÇÕES FINANCEIRAS","0","","111.0000","1","1","Banco do Brasil S.A.","2763","4","0000030006","3","BCO BRASIL - CONTA MOVIMENTO","30/01/2026 00:00:00","RENTABILIDADE","1","160","","","Rendimentos","ENTRADA","5336.11"
"2026","1210","","1210","","","","","1","Tesouro","","","","110","GERAL","0","","","1","1","Banco do Brasil S.A.","2763","4","0000030006","3","BCO BRASIL - CONTA MOVIMENTO","28/01/2026 00:00:00","DEBITO_CONTA_CORRENTE","CONTA_BANCARIA","9","","464","17029","","","NE 1235/2026","SAIDA","5736.35","1407","147474.28","817275.77","87627.75","","3595443.34","5336.11","2243042.88","36576.66","318469.79","556301.83","312487.67","842225.48","","","0","0","AutorizacaoPagamento{exercicioContabil=2026, numero=464, Juridicionado=01 - PREFEITURA MUNICIPAL DE VARGEM GRANDE DO SUL}","","2026","1210","","","1","Tesouro","","","111","REMUNERAÇÃO DE APLICAÇÕES FINANCEIRAS","0","","111.0000","1","1","Banco do Brasil S.A.","2763","4","0000030006","3","BCO BRASIL - CONTA MOVIMENTO","30/01/2026 00:00:00","RENTABILIDADE","1","160","","","Rendimentos","ENTRADA","5336.11"
"2026","1210","","1210","","","","","1","Tesouro","","","","110","GERAL","0","","","1","1","Banco do Brasil S.A.","2763","4","0000030006","3","BCO BRASIL - CONTA MOVIMENTO","28/01/2026 00:00:00","DEBITO_CONTA_CORRENTE","CONTA_BANCARIA","10","","465","17030","","","NE 1224/2026","SAIDA","77.49","1407","147474.28","817198.28","87627.75","","3595443.34","5336.11","2243042.88","36576.66","318469.79","556301.83","312487.67","842225.48","","","0","0","AutorizacaoPagamento{exercicioContabil=2026, numero=465, Juridicionado=01 - PREFEITURA MUNICIPAL DE VARGEM GRANDE DO SUL}","","2026","1210","","","1","Tesouro","","","111","REMUNERAÇÃO DE APLICAÇÕES FINANCEIRAS","0","","111.0000","1","1","Banco do Brasil S.A.","2763","4","0000030006","3","BCO BRASIL - CONTA MOVIMENTO","30/01/2026 00:00:00","RENTABILIDADE","1","160","","","Rendimentos","ENTRADA","5336.11"
"2026","1210","","1210","","","","","1","Tesouro","","","","110","GERAL","0","","","1","1","Banco do Brasil S.A.","2763","4","0000030006","3","BCO BRASIL - CONTA MOVIMENTO","28/01/2026 00:00:00","DEBITO_CONTA_CORRENTE","CONTA_BANCARIA","12","","481","17046","","","NE 680/2026","SAIDA","890","1407","147474.28","816308.28","87627.75","","3595443.34","5336.11","2243042.88","36576.66","318469.79","556301.83","312487.67","842225.48","","","0","0","AutorizacaoPagamento{exercicioContabil=2026, numero=481, Juridicionado=01 - PREFEITURA MUNICIPAL DE VARGEM GRANDE DO SUL}","","2026","1210","","","1","Tesouro","","","111","REMUNERAÇÃO DE APLICAÇÕES FINANCEIRAS","0","","111.0000","1","1","Banco do Brasil S.A.","2763","4","0000030006","3","BCO BRASIL - CONTA MOVIMENTO","30/01/2026 00:00:00","RENTABILIDADE","1","160","","","Rendimentos","ENTRADA","5336.11"
"2026","1210","","1210","","","","","1","Tesouro","","","","110","GERAL","0","","","1","1","Banco do Brasil S.A.","2763","4","0000030006","3","BCO BRASIL - CONTA MOVIMENTO","28/01/2026 00:00:00","DEBITO_CONTA_CORRENTE","CONTA_BANCARIA","13","","","","156","","Transferência Aut. para compensação de Descontos de parcelas: Aut. Pagto.[481/2026].","SAIDA","110","1407","147474.28","816198.28","87627.75","","3595443.34","5336.11","2243042.88","36576.66","318469.79","556301.83","312487.67","842225.48","","","0","0","","","2026","1210","","","1","Tesouro","","","111","REMUNERAÇÃO DE APLICAÇÕES FINANCEIRAS","0","","111.0000","1","1","Banco do Brasil S.A.","2763","4","0000030006","3","BCO BRASIL - CONTA MOVIMENTO","30/01/2026 00:00:00","RENTABILIDADE","1","160","","","Rendimentos","ENTRADA","5336.11"
"2026","1210","","1210","","","","","1","Tesouro","","","","110","GERAL","0","","","1","1","Banco do Brasil S.A.","2763","4","0000030006","3","BCO BRASIL - CONTA MOVIMENTO","28/01/2026 00:00:00","DEBITO_CONTA_CORRENTE","CONTA_BANCARIA","14","","482","17047","","","NE 1232/2026","SAIDA","51580.75","1407","147474.28","764617.53","87627.75","","3595443.34","5336.11","2243042.88","36576.66","318469.79","556301.83","312487.67","842225.48","","","0","0","AutorizacaoPagamento{exercicioContabil=2026, numero=482, Juridicionado=01 - PREFEITURA MUNICIPAL DE VARGEM GRANDE DO SUL}","","2026","1210","","","1","Tesouro","","","111","REMUNERAÇÃO DE APLICAÇÕES FINANCEIRAS","0","","111.0000","1","1","Banco do Brasil S.A.","2763","4","0000030006","3","BCO BRASIL - CONTA MOVIMENTO","30/01/2026 00:00:00","RENTABILIDADE","1","160","","","Rendimentos","ENTRADA","5336.11"
"2026","1210","","1210","","","","","1","Tesouro","","","","110","GERAL","0","","","1","1","Banco do Brasil S.A.","2763","4","0000030006","3","BCO BRASIL - CONTA MOVIMENTO","28/01/2026 00:00:00","DEBITO_CONTA_CORRENTE","CONTA_BANCARIA","15","","484","17049","","","NE 1063/2026","SAIDA","1200","1407","147474.28","763417.53","87627.75","","3595443.34","5336.11","2243042.88","36576.66","318469.79","556301.83","312487.67","842225.48","","","0","0","AutorizacaoPagamento{exercicioContabil=2026, numero=484, Juridicionado=01 - PREFEITURA MUNICIPAL DE VARGEM GRANDE DO SUL}","","2026","1210","","","1","Tesouro","","","111","REMUNERAÇÃO DE APLICAÇÕES FINANCEIRAS","0","","111.0000","1","1","Banco do Brasil S.A.","2763","4","0000030006","3","BCO BRASIL - CONTA MOVIMENTO","30/01/2026 00:00:00","RENTABILIDADE","1","160","","","Rendimentos","ENTRADA","5336.11"
"2026","1210","","1210","","","","","19","RECURSOS EXTRAÓRÇAMENTÁRIOS","","","","190","MOVIMENTAÇÕES EXTRAORÇAMENTÁRIAS GERAL","0","","","1","1","Banco do Brasil S.A.","2763","4","0000030006","3","BCO BRASIL - CONTA MOVIMENTO","28/01/2026 00:00:00","DEBITO_CONTA_CORRENTE","CONTA_BANCARIA","16","","488","17053","","","DE 18/2026","SAIDA","110","1407","147474.28","763307.53","87627.75","","3595443.34","5336.11","2243042.88","36576.66","318469.79","556301.83","312487.67","842225.48","","","0","0","AutorizacaoPagamento{exercicioContabil=2026, numero=488, Juridicionado=01 - PREFEITURA MUNICIPAL DE VARGEM GRANDE DO SUL}","","2026","1210","","","1","Tesouro","","","111","REMUNERAÇÃO DE APLICAÇÕES FINANCEIRAS","0","","111.0000","1","1","Banco do Brasil S.A.","2763","4","0000030006","3","BCO BRASIL - CONTA MOVIMENTO","30/01/2026 00:00:00","RENTABILIDADE","1","160","","","Rendimentos","ENTRADA","5336.11"
"2026","1210","","1210","","","","","1","Tesouro","","","","110","GERAL","0","","","1","1","Banco do Brasil S.A.","2763","4","0000030006","3","BCO BRASIL - CONTA MOVIMENTO","28/01/2026 00:00:00","DEBITO_CONTA_CORRENTE","CONTA_BANCARIA","17","","494","17059","","","NE 1239/2026","SAIDA","407.22","1407","147474.28","762900.31","87627.75","","3595443.34","5336.11","2243042.88","36576.66","318469.79","556301.83","312487.67","842225.48","","","0","0","AutorizacaoPagamento{exercicioContabil=2026, numero=494, Juridicionado=01 - PREFEITURA MUNICIPAL DE VARGEM GRANDE DO SUL}","","2026","1210","","","1","Tesouro","","","111","REMUNERAÇÃO DE APLICAÇÕES FINANCEIRAS","0","","111.0000","1","1","Banco do Brasil S.A.","2763","4","0000030006","3","BCO BRASIL - CONTA MOVIMENTO","30/01/2026 00:00:00","RENTABILIDADE","1","160","","","Rendimentos","ENTRADA","5336.11"
"2026","1210","","1210","","","","","1","Tesouro","","","","110","GERAL","0","","","1","1","Banco do Brasil S.A.","2763","4","0000030006","3","BCO BRASIL - CONTA MOVIMENTO","28/01/2026 00:00:00","DEBITO_CONTA_CORRENTE","CONTA_BANCARIA","18","","495","17060","","","NE 1240/2026","SAIDA","332.87","1407","147474.28","762567.44","87627.75","","3595443.34","5336.11","2243042.88","36576.66","318469.79","556301.83","312487.67","842225.48","","","0","0","AutorizacaoPagamento{exercicioContabil=2026, numero=495, Juridicionado=01 - PREFEITURA MUNICIPAL DE VARGEM GRANDE DO SUL}","","2026","1210","","","1","Tesouro","","","111","REMUNERAÇÃO DE APLICAÇÕES FINANCEIRAS","0","","111.0000","1","1","Banco do Brasil S.A.","2763","4","0000030006","3","BCO BRASIL - CONTA MOVIMENTO","30/01/2026 00:00:00","RENTABILIDADE","1","160","","","Rendimentos","ENTRADA","5336.11"
"2026","1210","","1210","","","","","1","Tesouro","","","","110","GERAL","0","","","1","1","Banco do Brasil S.A.","2763","4","0000030006","3","BCO BRASIL - CONTA MOVIMENTO","29/01/2026 00:00:00","DEBITO_CONTA_CORRENTE","CONTA_BANCARIA","1","","","","","690","ANULACAO CONTAB. AUTOMÁTICA - RECEB. DA GUIA ORÇAMENTÁRIA: 422","SAIDA","1019.65","1407","147474.28","761547.79","87627.75","","3595443.34","5336.11","2243042.88","36576.66","318469.79","556301.83","312487.67","842225.48","","","0","0","","","2026","1210","","","1","Tesouro","","","111","REMUNERAÇÃO DE APLICAÇÕES FINANCEIRAS","0","","111.0000","1","1","Banco do Brasil S.A.","2763","4","0000030006","3","BCO BRASIL - CONTA MOVIMENTO","30/01/2026 00:00:00","RENTABILIDADE","1","160","","","Rendimentos","ENTRADA","5336.11"
"2026","1210","","1210","","","","","1","Tesouro","","","","110","GERAL","0","","","1","1","Banco do Brasil S.A.","2763","4","0000030006","3","BCO BRASIL - CONTA MOVIMENTO","29/01/2026 00:00:00","DEBITO_CONTA_CORRENTE","CONTA_BANCARIA","1","","","","","690","ANULACAO CONTAB. AUTOMÁTICA - RECEB. DA GUIA ORÇAMENTÁRIA: 422","SAIDA","3560.75","1407","147474.28","757987.04","87627.75","","3595443.34","5336.11","2243042.88","36576.66","318469.79","556301.83","312487.67","842225.48","","","0","0","","","2026","1210","","","1","Tesouro","","","111","REMUNERAÇÃO DE APLICAÇÕES FINANCEIRAS","0","","111.0000","1","1","Banco do Brasil S.A.","2763","4","0000030006","3","BCO BRASIL - CONTA MOVIMENTO","30/01/2026 00:00:00","RENTABILIDADE","1","160","","","Rendimentos","ENTRADA","5336.11"
"2026","1210","","1210","","","","","1","Tesouro","","","","110","GERAL","0","","","1","1","Banco do Brasil S.A.","2763","4","0000030006","3","BCO BRASIL - CONTA MOVIMENTO","29/01/2026 00:00:00","DEBITO_CONTA_CORRENTE","CONTA_BANCARIA","1","","","","","690","ANULACAO CONTAB. AUTOMÁTICA - RECEB. DA GUIA ORÇAMENTÁRIA: 422","SAIDA","10350.41","1407","147474.28","747636.63","87627.75","","3595443.34","5336.11","2243042.88","36576.66","318469.79","556301.83","312487.67","842225.48","","","0","0","","","2026","1210","","","1","Tesouro","","","111","REMUNERAÇÃO DE APLICAÇÕES FINANCEIRAS","0","","111.0000","1","1","Banco do Brasil S.A.","2763","4","0000030006","3","BCO BRASIL - CONTA MOVIMENTO","30/01/2026 00:00:00","RENTABILIDADE","1","160","","","Rendimentos","ENTRADA","5336.11"
"2026","1210","","1210","","","","","1","Tesouro","","","","110","GERAL","0","","","1","1","Banco do Brasil S.A.","2763","4","0000030006","3","BCO BRASIL - CONTA MOVIMENTO","29/01/2026 00:00:00","DEBITO_CONTA_CORRENTE","CONTA_BANCARIA","1","","","","","690","ANULACAO CONTAB. AUTOMÁTICA - RECEB. DA GUIA ORÇAMENTÁRIA: 422","SAIDA","2508.16","1407","147474.28","745128.47","87627.75","","3595443.34","5336.11","2243042.88","36576.66","318469.79","556301.83","312487.67","842225.48","","","0","0","","","2026","1210","","","1","Tesouro","","","111","REMUNERAÇÃO DE APLICAÇÕES FINANCEIRAS","0","","111.0000","1","1","Banco do Brasil S.A.","2763","4","0000030006","3","BCO BRASIL - CONTA MOVIMENTO","30/01/2026 00:00:00","RENTABILIDADE","1","160","","","Rendimentos","ENTRADA","5336.11"
"2026","1210","","1210","","","","","1","Tesouro","","","","110","GERAL","0","","","1","1","Banco do Brasil S.A.","2763","4","0000030006","3","BCO BRASIL - CONTA MOVIMENTO","29/01/2026 00:00:00","DEBITO_CONTA_CORRENTE","CONTA_BANCARIA","1","","","","","690","ANULACAO CONTAB. AUTOMÁTICA - RECEB. DA GUIA ORÇAMENTÁRIA: 422","SAIDA","274.91","1407","147474.28","744853.56","87627.75","","3595443.34","5336.11","2243042.88","36576.66","318469.79","556301.83","312487.67","842225.48","","","0","0","","","2026","1210","","","1","Tesouro","","","111","REMUNERAÇÃO DE APLICAÇÕES FINANCEIRAS","0","","111.0000","1","1","Banco do Brasil S.A.","2763","4","0000030006","3","BCO BRASIL - CONTA MOVIMENTO","30/01/2026 00:00:00","RENTABILIDADE","1","160","","","Rendimentos","ENTRADA","5336.11"
"2026","1210","","1210","","","","","1","Tesouro","","","","110","GERAL","0","","","1","1","Banco do Brasil S.A.","2763","4","0000030006","3","BCO BRASIL - CONTA MOVIMENTO","29/01/2026 00:00:00","DEBITO_CONTA_CORRENTE","CONTA_BANCARIA","1","","","","","690","ANULACAO CONTAB. AUTOMÁTICA - RECEB. DA GUIA ORÇAMENTÁRIA: 422","SAIDA","12.53","1407","147474.28","744841.03","87627.75","","3595443.34","5336.11","2243042.88","36576.66","318469.79","556301.83","312487.67","842225.48","","","0","0","","","2026","1210","","","1","Tesouro","","","111","REMUNERAÇÃO DE APLICAÇÕES FINANCEIRAS","0","","111.0000","1","1","Banco do Brasil S.A.","2763","4","0000030006","3","BCO BRASIL - CONTA MOVIMENTO","30/01/2026 00:00:00","RENTABILIDADE","1","160","","","Rendimentos","ENTRADA","5336.11"
"2026","1210","","1210","","","","","1","Tesouro","","","","110","GERAL","0","","","1","1","Banco do Brasil S.A.","2763","4","0000030006","3","BCO BRASIL - CONTA MOVIMENTO","29/01/2026 00:00:00","DEBITO_CONTA_CORRENTE","CONTA_BANCARIA","1","","","","","690","ANULACAO CONTAB. AUTOMÁTICA - RECEB. DA GUIA ORÇAMENTÁRIA: 422","SAIDA","56.33","1407","147474.28","744784.7","87627.75","","3595443.34","5336.11","2243042.88","36576.66","318469.79","556301.83","312487.67","842225.48","","","0","0","","","2026","1210","","","1","Tesouro","","","111","REMUNERAÇÃO DE APLICAÇÕES FINANCEIRAS","0","","111.0000","1","1","Banco do Brasil S.A.","2763","4","0000030006","3","BCO BRASIL - CONTA MOVIMENTO","30/01/2026 00:00:00","RENTABILIDADE","1","160","","","Rendimentos","ENTRADA","5336.11"
"2026","1210","","1210","","","","","1","Tesouro","","","","110","GERAL","0","","","1","1","Banco do Brasil S.A.","2763","4","0000030006","3","BCO BRASIL - CONTA MOVIMENTO","29/01/2026 00:00:00","DEBITO_CONTA_CORRENTE","CONTA_BANCARIA","1","","","","","690","ANULACAO CONTAB. AUTOMÁTICA - RECEB. DA GUIA ORÇAMENTÁRIA: 422","SAIDA","460.35","1407","147474.28","744324.35","87627.75","","3595443.34","5336.11","2243042.88","36576.66","318469.79","556301.83","312487.67","842225.48","","","0","0","","","2026","1210","","","1","Tesouro","","","111","REMUNERAÇÃO DE APLICAÇÕES FINANCEIRAS","0","","111.0000","1","1","Banco do Brasil S.A.","2763","4","0000030006","3","BCO BRASIL - CONTA MOVIMENTO","30/01/2026 00:00:00","RENTABILIDADE","1","160","","","Rendimentos","ENTRADA","5336.11"
"2026","1210","","1210","","","","","1","Tesouro","","","","110","GERAL","0","","","1","1","Banco do Brasil S.A.","2763","4","0000030006","3","BCO BRASIL - CONTA MOVIMENTO","29/01/2026 00:00:00","DEBITO_CONTA_CORRENTE","CONTA_BANCARIA","1","","","","","690","ANULACAO CONTAB. AUTOMÁTICA - RECEB. DA GUIA ORÇAMENTÁRIA: 422","SAIDA","374.87","1407","147474.28","743949.48","87627.75","","3595443.34","5336.11","2243042.88","36576.66","318469.79","556301.83","312487.67","842225.48","","","0","0","","","2026","1210","","","1","Tesouro","","","111","REMUNERAÇÃO DE APLICAÇÕES FINANCEIRAS","0","","111.0000","1","1","Banco do Brasil S.A.","2763","4","0000030006","3","BCO BRASIL - CONTA MOVIMENTO","30/01/2026 00:00:00","RENTABILIDADE","1","160","","","Rendimentos","ENTRADA","5336.11"
"2026","1210","","1210","","","","","1","Tesouro","","","","110","GERAL","0","","","1","1","Banco do Brasil S.A.","2763","4","0000030006","3","BCO BRASIL - CONTA MOVIMENTO","29/01/2026 00:00:00","DEBITO_CONTA_CORRENTE","CONTA_BANCARIA","1","","","","","690","ANULACAO CONTAB. AUTOMÁTICA - RECEB. DA GUIA ORÇAMENTÁRIA: 422","SAIDA","34.61","1407","147474.28","743914.87","87627.75","","3595443.34","5336.11","2243042.88","36576.66","318469.79","556301.83","312487.67","842225.48","","","0","0","","","2026","1210","","","1","Tesouro","","","111","REMUNERAÇÃO DE APLICAÇÕES FINANCEIRAS","0","","111.0000","1","1","Banco do Brasil S.A.","2763","4","0000030006","3","BCO BRASIL - CONTA MOVIMENTO","30/01/2026 00:00:00","RENTABILIDADE","1","160","","","Rendimentos","ENTRADA","5336.11"
"2026","1210","","1210","","","","","1","Tesouro","","","","110","GERAL","0","","","1","1","Banco do Brasil S.A.","2763","4","0000030006","3","BCO BRASIL - CONTA MOVIMENTO","29/01/2026 00:00:00","DEBITO_CONTA_CORRENTE","CONTA_BANCARIA","1","","499","17066","","","NE 18363, 18365, 18366","SAIDA","2049.3","1407","147474.28","741865.57","87627.75","","3595443.34","5336.11","2243042.88","36576.66","318469.79","556301.83","312487.67","842225.48","","","0","0","AutorizacaoPagamento{exercicioContabil=2026, numero=499, Juridicionado=01 - PREFEITURA MUNICIPAL DE VARGEM GRANDE DO SUL}","","2026","1210","","","1","Tesouro","","","111","REMUNERAÇÃO DE APLICAÇÕES FINANCEIRAS","0","","111.0000","1","1","Banco do Brasil S.A.","2763","4","0000030006","3","BCO BRASIL - CONTA MOVIMENTO","30/01/2026 00:00:00","RENTABILIDADE","1","160","","","Rendimentos","ENTRADA","5336.11"
"2026","1210","","1210","","","","","1","Tesouro","","","","110","GERAL","0","","","1","1","Banco do Brasil S.A.","2763","4","0000030006","3","BCO BRASIL - CONTA MOVIMENTO","29/01/2026 00:00:00","CREDITO_CONTA_CORRENTE","CONTA_BANCARIA","1","422","","","","","CONTAB. AUTOMÁTICA - RECEB. DA GUIA ORÇAMENTÁRIA: 422","ENTRADA","18760.84","1407","147474.28","760626.41","87627.75","","3595443.34","5336.11","2243042.88","36576.66","318469.79","556301.83","312487.67","842225.48","","","0","0","","","2026","1210","","","1","Tesouro","","","111","REMUNERAÇÃO DE APLICAÇÕES FINANCEIRAS","0","","111.0000","1","1","Banco do Brasil S.A.","2763","4","0000030006","3","BCO BRASIL - CONTA MOVIMENTO","30/01/2026 00:00:00","RENTABILIDADE","1","160","","","Rendimentos","ENTRADA","5336.11"
"2026","1210","","1210","","","","","1","Tesouro","","","","110","GERAL","0","","","1","1","Banco do Brasil S.A.","2763","4","0000030006","3","BCO BRASIL - CONTA MOVIMENTO","29/01/2026 00:00:00","CREDITO_CONTA_CORRENTE","CONTA_BANCARIA","1","","","","166","","Transferência Aut. para compensação de Descontos de parcelas: Aut. Pagto.[417/2026].","ENTRADA","77.86","1407","147474.28","760704.27","87627.75","","3595443.34","5336.11","2243042.88","36576.66","318469.79","556301.83","312487.67","842225.48","","","0","0","","","2026","1210","","","1","Tesouro","","","111","REMUNERAÇÃO DE APLICAÇÕES FINANCEIRAS","0","","111.0000","1","1","Banco do Brasil S.A.","2763","4","0000030006","3","BCO BRASIL - CONTA MOVIMENTO","30/01/2026 00:00:00","RENTABILIDADE","1","160","","","Rendimentos","ENTRADA","5336.11"
"2026","1210","","1210","","","","","1","Tesouro","","","","110","GERAL","0","","","1","1","Banco do Brasil S.A.","2763","4","0000030006","3","BCO BRASIL - CONTA MOVIMENTO","29/01/2026 00:00:00","DEBITO_CONTA_CORRENTE","CONTA_BANCARIA","1","","","","","690","ANULACAO CONTAB. AUTOMÁTICA - RECEB. DA GUIA ORÇAMENTÁRIA: 422","SAIDA","108","1407","147474.28","760596.27","87627.75","","3595443.34","5336.11","2243042.88","36576.66","318469.79","556301.83","312487.67","842225.48","","","0","0","","","2026","1210","","","1","Tesouro","","","111","REMUNERAÇÃO DE APLICAÇÕES FINANCEIRAS","0","","111.0000","1","1","Banco do Brasil S.A.","2763","4","0000030006","3","BCO BRASIL - CONTA MOVIMENTO","30/01/2026 00:00:00","RENTABILIDADE","1","160","","","Rendimentos","ENTRADA","5336.11"
"2026","1210","","1210","","","","","1","Tesouro","","","","110","GERAL","0","","","1","1","Banco do Brasil S.A.","2763","4","0000030006","3","BCO BRASIL - CONTA MOVIMENTO","29/01/2026 00:00:00","DEBITO_CONTA_CORRENTE","CONTA_BANCARIA","1","","","","","690","ANULACAO CONTAB. AUTOMÁTICA - RECEB. DA GUIA ORÇAMENTÁRIA: 422","SAIDA","0.27","1407","147474.28","760596","87627.75","","3595443.34","5336.11","2243042.88","36576.66","318469.79","556301.83","312487.67","842225.48","","","0","0","","","2026","1210","","","1","Tesouro","","","111","REMUNERAÇÃO DE APLICAÇÕES FINANCEIRAS","0","","111.0000","1","1","Banco do Brasil S.A.","2763","4","0000030006","3","BCO BRASIL - CONTA MOVIMENTO","30/01/2026 00:00:00","RENTABILIDADE","1","160","","","Rendimentos","ENTRADA","5336.11"
"2026","1210","","1210","","","","","1","Tesouro","","","","110","GERAL","0","","","1","1","Banco do Brasil S.A.","2763","4","0000030006","3","BCO BRASIL - CONTA MOVIMENTO","29/01/2026 00:00:00","CREDITO_CONTA_CORRENTE","CONTA_BANCARIA","2","","","","166","","Transferência Aut. para compensação de Descontos de parcelas: Aut. Pagto.[417/2026].","ENTRADA","137.41","1407","147474.28","760733.41","87627.75","","3595443.34","5336.11","2243042.88","36576.66","318469.79","556301.83","312487.67","842225.48","","","0","0","","","2026","1210","","","1","Tesouro","","","111","REMUNERAÇÃO DE APLICAÇÕES FINANCEIRAS","0","","111.0000","1","1","Banco do Brasil S.A.","2763","4","0000030006","3","BCO BRASIL - CONTA MOVIMENTO","30/01/2026 00:00:00","RENTABILIDADE","1","160","","","Rendimentos","ENTRADA","5336.11"
"2026","1210","","1210","","","","","1","Tesouro","","","","110","GERAL","0","","","1","1","Banco do Brasil S.A.","2763","4","0000030006","3","BCO BRASIL - CONTA MOVIMENTO","29/01/2026 00:00:00","CREDITO_CONTA_CORRENTE","CONTA_BANCARIA","2","829","","","","","CONTAB. AUTOMÁTICA - RECEB. DA GUIA ORÇAMENTÁRIA: 829","ENTRADA","18760.84","1407","147474.28","779494.25","87627.75","","3595443.34","5336.11","2243042.88","36576.66","318469.79","556301.83","312487.67","842225.48","","","0","0","","","2026","1210","","","1","Tesouro","","","111","REMUNERAÇÃO DE APLICAÇÕES FINANCEIRAS","0","","111.0000","1","1","Banco do Brasil S.A.","2763","4","0000030006","3","BCO BRASIL - CONTA MOVIMENTO","30/01/2026 00:00:00","RENTABILIDADE","1","160","","","Rendimentos","ENTRADA","5336.11"
"2026","1210","","1210","","","","","1","Tesouro","","","","110","GERAL","0","","","1","1","Banco do Brasil S.A.","2763","4","0000030006","3","BCO BRASIL - CONTA MOVIMENTO","29/01/2026 00:00:00","DEBITO_CONTA_CORRENTE","CONTA_BANCARIA","2","","500","17067","","","NE 723/2026","SAIDA","133.8","1407","147474.28","779360.45","87627.75","","3595443.34","5336.11","2243042.88","36576.66","318469.79","556301.83","312487.67","842225.48","","","0","0","AutorizacaoPagamento{exercicioContabil=2026, numero=500, Juridicionado=01 - PREFEITURA MUNICIPAL DE VARGEM GRANDE DO SUL}","","2026","1210","","","1","Tesouro","","","111","REMUNERAÇÃO DE APLICAÇÕES FINANCEIRAS","0","","111.0000","1","1","Banco do Brasil S.A.","2763","4","0000030006","3","BCO BRASIL - CONTA MOVIMENTO","30/01/2026 00:00:00","RENTABILIDADE","1","160","","","Rendimentos","ENTRADA","5336.11"
"2026","1210","","1210","","","","","1","Tesouro","","","","110","GERAL","0","","","1","1","Banco do Brasil S.A.","2763","4","0000030006","3","BCO BRASIL - CONTA MOVIMENTO","29/01/2026 00:00:00","DEBITO_CONTA_CORRENTE","CONTA_BANCARIA","3","","504","17072","","","NE 1248/2026","SAIDA","5.1","1407","147474.28","779355.35","87627.75","","3595443.34","5336.11","2243042.88","36576.66","318469.79","556301.83","312487.67","842225.48","","","0","0","AutorizacaoPagamento{exercicioContabil=2026, numero=504, Juridicionado=01 - PREFEITURA MUNICIPAL DE VARGEM GRANDE DO SUL}","","2026","1210","","","1","Tesouro","","","111","REMUNERAÇÃO DE APLICAÇÕES FINANCEIRAS","0","","111.0000","1","1","Banco do Brasil S.A.","2763","4","0000030006","3","BCO BRASIL - CONTA MOVIMENTO","30/01/2026 00:00:00","RENTABILIDADE","1","160","","","Rendimentos","ENTRADA","5336.11"
"2026","1210","","1210","","","","","1","Tesouro","","","","110","GERAL","0","","","1","1","Banco do Brasil S.A.","2763","4","0000030006","3","BCO BRASIL - CONTA MOVIMENTO","29/01/2026 00:00:00","CREDITO_CONTA_CORRENTE","CONTA_BANCARIA","3","","","","167","","Transferência Aut. para compensação de Descontos de parcelas: Aut. Pagto.[479/2026].","ENTRADA","217.79","1407","147474.28","779573.14","87627.75","","3595443.34","5336.11","2243042.88","36576.66","318469.79","556301.83","312487.67","842225.48","","","0","0","","","2026","1210","","","1","Tesouro","","","111","REMUNERAÇÃO DE APLICAÇÕES FINANCEIRAS","0","","111.0000","1","1","Banco do Brasil S.A.","2763","4","0000030006","3","BCO BRASIL - CONTA MOVIMENTO","30/01/2026 00:00:00","RENTABILIDADE","1","160","","","Rendimentos","ENTRADA","5336.11"
"2026","1210","","1210","","","","","1","Tesouro","","","","410","TRÂNSITO - SINALIZAÇÃO","0","","","1","1","Banco do Brasil S.A.","2763","4","0000030006","3","BCO BRASIL - CONTA MOVIMENTO","29/01/2026 00:00:00","DEBITO_CONTA_CORRENTE","CONTA_BANCARIA","4","","505","17074","","","NE 651, 652, 654, 655, 657","SAIDA","2715.75","1407","147474.28","776857.39","87627.75","","3595443.34","5336.11","2243042.88","36576.66","318469.79","556301.83","312487.67","842225.48","","","0","0","AutorizacaoPagamento{exercicioContabil=2026, numero=505, Juridicionado=01 - PREFEITURA MUNICIPAL DE VARGEM GRANDE DO SUL}","","2026","1210","","","1","Tesouro","","","111","REMUNERAÇÃO DE APLICAÇÕES FINANCEIRAS","0","","111.0000","1","1","Banco do Brasil S.A.","2763","4","0000030006","3","BCO BRASIL - CONTA MOVIMENTO","30/01/2026 00:00:00","RENTABILIDADE","1","160","","","Rendimentos","ENTRADA","5336.11"
"2026","1210","","1210","","","","","1","Tesouro","","","","110","GERAL","0","","","1","1","Banco do Brasil S.A.","2763","4","0000030006","3","BCO BRASIL - CONTA MOVIMENTO","29/01/2026 00:00:00","CREDITO_CONTA_CORRENTE","CONTA_BANCARIA","4","139","","","","","LANÇAMENTO DE RECEITA","ENTRADA","725.04","1407","147474.28","777582.43","87627.75","","3595443.34","5336.11","2243042.88","36576.66","318469.79","556301.83","312487.67","842225.48","","","0","0","","","2026","1210","","","1","Tesouro","","","111","REMUNERAÇÃO DE APLICAÇÕES FINANCEIRAS","0","","111.0000","1","1","Banco do Brasil S.A.","2763","4","0000030006","3","BCO BRASIL - CONTA MOVIMENTO","30/01/2026 00:00:00","RENTABILIDADE","1","160","","","Rendimentos","ENTRADA","5336.11"
"2026","1210","","1210","","","","","1","Tesouro","","","","110","GERAL","0","","","1","1","Banco do Brasil S.A.","2763","4","0000030006","3","BCO BRASIL - CONTA MOVIMENTO","29/01/2026 00:00:00","DEBITO_CONTA_CORRENTE","CONTA_BANCARIA","5","","505","17074","","","NE 651, 652, 654, 655, 657","SAIDA","14799.82","1407","147474.28","762782.61","87627.75","","3595443.34","5336.11","2243042.88","36576.66","318469.79","556301.83","312487.67","842225.48","","","0","0","AutorizacaoPagamento{exercicioContabil=2026, numero=505, Juridicionado=01 - PREFEITURA MUNICIPAL DE VARGEM GRANDE DO SUL}","","2026","1210","","","1","Tesouro","","","111","REMUNERAÇÃO DE APLICAÇÕES FINANCEIRAS","0","","111.0000","1","1","Banco do Brasil S.A.","2763","4","0000030006","3","BCO BRASIL - CONTA MOVIMENTO","30/01/2026 00:00:00","RENTABILIDADE","1","160","","","Rendimentos","ENTRADA","5336.11"
"2026","1210","","1210","","","","","1","Tesouro","","","","110","GERAL","0","","","1","1","Banco do Brasil S.A.","2763","4","0000030006","3","BCO BRASIL - CONTA MOVIMENTO","29/01/2026 00:00:00","CREDITO_CONTA_CORRENTE","CONTA_BANCARIA","5","247","","","","","LÇTO DE RECEITA - CAMARA MUNICIPAL - IRRF 01/2026 - FUNCIONARIOS E VEREADORES","ENTRADA","20538.44","1407","147474.28","783321.05","87627.75","","3595443.34","5336.11","2243042.88","36576.66","318469.79","556301.83","312487.67","842225.48","","","0","0","","","2026","1210","","","1","Tesouro","","","111","REMUNERAÇÃO DE APLICAÇÕES FINANCEIRAS","0","","111.0000","1","1","Banco do Brasil S.A.","2763","4","0000030006","3","BCO BRASIL - CONTA MOVIMENTO","30/01/2026 00:00:00","RENTABILIDADE","1","160","","","Rendimentos","ENTRADA","5336.11"
"2026","1210","","1210","","","","","1","Tesouro","","","","110","GERAL","0","","","1","1","Banco do Brasil S.A.","2763","4","0000030006","3","BCO BRASIL - CONTA MOVIMENTO","29/01/2026 00:00:00","DEBITO_CONTA_CORRENTE","CONTA_BANCARIA","6","","511","17083","","","NE 19204/2025, 6385/2025, 6386/2025","SAIDA","12826.99","1407","147474.28","770494.06","87627.75","","3595443.34","5336.11","2243042.88","36576.66","318469.79","556301.83","312487.67","842225.48","","","0","0","AutorizacaoPagamento{exercicioContabil=2026, numero=511, Juridicionado=01 - PREFEITURA MUNICIPAL DE VARGEM GRANDE DO SUL}","","2026","1210","","","1","Tesouro","","","111","REMUNERAÇÃO DE APLICAÇÕES FINANCEIRAS","0","","111.0000","1","1","Banco do Brasil S.A.","2763","4","0000030006","3","BCO BRASIL - CONTA MOVIMENTO","30/01/2026 00:00:00","RENTABILIDADE","1","160","","","Rendimentos","ENTRADA","5336.11"
"2026","1210","","1210","","","","","1","Tesouro","","","","110","GERAL","0","","","1","1","Banco do Brasil S.A.","2763","4","0000030006","3","BCO BRASIL - CONTA MOVIMENTO","29/01/2026 00:00:00","CREDITO_CONTA_CORRENTE","CONTA_BANCARIA","6","248","","","","","LÇTO DE RECEITA - CAMARA MUNICIPAL - IRRF 01/2026 - FORNECEDORES","ENTRADA","44.63","1407","147474.28","770538.69","87627.75","","3595443.34","5336.11","2243042.88","36576.66","318469.79","556301.83","312487.67","842225.48","","","0","0","","","2026","1210","","","1","Tesouro","","","111","REMUNERAÇÃO DE APLICAÇÕES FINANCEIRAS","0","","111.0000","1","1","Banco do Brasil S.A.","2763","4","0000030006","3","BCO BRASIL - CONTA MOVIMENTO","30/01/2026 00:00:00","RENTABILIDADE","1","160","","","Rendimentos","ENTRADA","5336.11"
"2026","1210","","1210","","","","","1","Tesouro","","","","110","GERAL","0","","","1","1","Banco do Brasil S.A.","2763","4","0000030006","3","BCO BRASIL - CONTA MOVIMENTO","29/01/2026 00:00:00","DEBITO_CONTA_CORRENTE","CONTA_BANCARIA","7","","417","16970","","","Baixa realizada via Retorno de Arquivo Bancário","SAIDA","365.82","1407","147474.28","770172.87","87627.75","","3595443.34","5336.11","2243042.88","36576.66","318469.79","556301.83","312487.67","842225.48","","","0","0","AutorizacaoPagamento{exercicioContabil=2026, numero=417, Juridicionado=01 - PREFEITURA MUNICIPAL DE VARGEM GRANDE DO SUL}","","2026","1210","","","1","Tesouro","","","111","REMUNERAÇÃO DE APLICAÇÕES FINANCEIRAS","0","","111.0000","1","1","Banco do Brasil S.A.","2763","4","0000030006","3","BCO BRASIL - CONTA MOVIMENTO","30/01/2026 00:00:00","RENTABILIDADE","1","160","","","Rendimentos","ENTRADA","5336.11"
"2026","1210","","1210","","","","","1","Tesouro","","","","110","GERAL","0","","","1","1","Banco do Brasil S.A.","2763","4","0000030006","3","BCO BRASIL - CONTA MOVIMENTO","29/01/2026 00:00:00","DEBITO_CONTA_CORRENTE","CONTA_BANCARIA","8","","417","16970","","","Baixa realizada via Retorno de Arquivo Bancário","SAIDA","5040","1407","147474.28","765132.87","87627.75","","3595443.34","5336.11","2243042.88","36576.66","318469.79","556301.83","312487.67","842225.48","","","0","0","AutorizacaoPagamento{exercicioContabil=2026, numero=417, Juridicionado=01 - PREFEITURA MUNICIPAL DE VARGEM GRANDE DO SUL}","","2026","1210","","","1","Tesouro","","","111","REMUNERAÇÃO DE APLICAÇÕES FINANCEIRAS","0","","111.0000","1","1","Banco do Brasil S.A.","2763","4","0000030006","3","BCO BRASIL - CONTA MOVIMENTO","30/01/2026 00:00:00","RENTABILIDADE","1","160","","","Rendimentos","ENTRADA","5336.11"
"2026","1210","","1210","","","","","1","Tesouro","","","","410","TRÂNSITO - SINALIZAÇÃO","0","","","1","1","Banco do Brasil S.A.","2763","4","0000030006","3","BCO BRASIL - CONTA MOVIMENTO","29/01/2026 00:00:00","DEBITO_CONTA_CORRENTE","CONTA_BANCARIA","9","","417","16970","","","Baixa realizada via Retorno de Arquivo Bancário","SAIDA","1308.05","1407","147474.28","763824.82","87627.75","","3595443.34","5336.11","2243042.88","36576.66","318469.79","556301.83","312487.67","842225.48","","","0","0","AutorizacaoPagamento{exercicioContabil=2026, numero=417, Juridicionado=01 - PREFEITURA MUNICIPAL DE VARGEM GRANDE DO SUL}","","2026","1210","","","1","Tesouro","","","111","REMUNERAÇÃO DE APLICAÇÕES FINANCEIRAS","0","","111.0000","1","1","Banco do Brasil S.A.","2763","4","0000030006","3","BCO BRASIL - CONTA MOVIMENTO","30/01/2026 00:00:00","RENTABILIDADE","1","160","","","Rendimentos","ENTRADA","5336.11"
"2026","1210","","1210","","","","","1","Tesouro","","","","110","GERAL","0","","","1","1","Banco do Brasil S.A.","2763","4","0000030006","3","BCO BRASIL - CONTA MOVIMENTO","29/01/2026 00:00:00","DEBITO_CONTA_CORRENTE","CONTA_BANCARIA","10","","417","16970","","","Baixa realizada via Retorno de Arquivo Bancário","SAIDA","464.36","1407","147474.28","763360.46","87627.75","","3595443.34","5336.11","2243042.88","36576.66","318469.79","556301.83","312487.67","842225.48","","","0","0","AutorizacaoPagamento{exercicioContabil=2026, numero=417, Juridicionado=01 - PREFEITURA MUNICIPAL DE VARGEM GRANDE DO SUL}","","2026","1210","","","1","Tesouro","","","111","REMUNERAÇÃO DE APLICAÇÕES FINANCEIRAS","0","","111.0000","1","1","Banco do Brasil S.A.","2763","4","0000030006","3","BCO BRASIL - CONTA MOVIMENTO","30/01/2026 00:00:00","RENTABILIDADE","1","160","","","Rendimentos","ENTRADA","5336.11"
"2026","1210","","1210","","","","","1","Tesouro","","","","510","ASSISTÊNCIA SOCIAL - GERAL","0","","","1","1","Banco do Brasil S.A.","2763","4","0000030006","3","BCO BRASIL - CONTA MOVIMENTO","29/01/2026 00:00:00","DEBITO_CONTA_CORRENTE","CONTA_BANCARIA","11","","417","16970","","","Baixa realizada via Retorno de Arquivo Bancário","SAIDA","458","1407","147474.28","762902.46","87627.75","","3595443.34","5336.11","2243042.88","36576.66","318469.79","556301.83","312487.67","842225.48","","","0","0","AutorizacaoPagamento{exercicioContabil=2026, numero=417, Juridicionado=01 - PREFEITURA MUNICIPAL DE VARGEM GRANDE DO SUL}","","2026","1210","","","1","Tesouro","","","111","REMUNERAÇÃO DE APLICAÇÕES FINANCEIRAS","0","","111.0000","1","1","Banco do Brasil S.A.","2763","4","0000030006","3","BCO BRASIL - CONTA MOVIMENTO","30/01/2026 00:00:00","RENTABILIDADE","1","160","","","Rendimentos","ENTRADA","5336.11"
"2026","1210","","1210","","","","","1","Tesouro","","","","110","GERAL","0","","","1","1","Banco do Brasil S.A.","2763","4","0000030006","3","BCO BRASIL - CONTA MOVIMENTO","29/01/2026 00:00:00","DEBITO_CONTA_CORRENTE","CONTA_BANCARIA","12","","417","16970","","","Baixa realizada via Retorno de Arquivo Bancário","SAIDA","9360","1407","147474.28","753542.46","87627.75","","3595443.34","5336.11","2243042.88","36576.66","318469.79","556301.83","312487.67","842225.48","","","0","0","AutorizacaoPagamento{exercicioContabil=2026, numero=417, Juridicionado=01 - PREFEITURA MUNICIPAL DE VARGEM GRANDE DO SUL}","","2026","1210","","","1","Tesouro","","","111","REMUNERAÇÃO DE APLICAÇÕES FINANCEIRAS","0","","111.0000","1","1","Banco do Brasil S.A.","2763","4","0000030006","3","BCO BRASIL - CONTA MOVIMENTO","30/01/2026 00:00:00","RENTABILIDADE","1","160","","","Rendimentos","ENTRADA","5336.11"
"2026","1210","","1210","","","","","1","Tesouro","","","","110","GERAL","0","","","1","1","Banco do Brasil S.A.","2763","4","0000030006","3","BCO BRASIL - CONTA MOVIMENTO","29/01/2026 00:00:00","DEBITO_CONTA_CORRENTE","CONTA_BANCARIA","13","","417","16970","","","Baixa realizada via Retorno de Arquivo Bancário","SAIDA","11380","1407","147474.28","742162.46","87627.75","","3595443.34","5336.11","2243042.88","36576.66","318469.79","556301.83","312487.67","842225.48","","","0","0","AutorizacaoPagamento{exercicioContabil=2026, numero=417, Juridicionado=01 - PREFEITURA MUNICIPAL DE VARGEM GRANDE DO SUL}","","2026","1210","","","1","Tesouro","","","111","REMUNERAÇÃO DE APLICAÇÕES FINANCEIRAS","0","","111.0000","1","1","Banco do Brasil S.A.","2763","4","0000030006","3","BCO BRASIL - CONTA MOVIMENTO","30/01/2026 00:00:00","RENTABILIDADE","1","160","","","Rendimentos","ENTRADA","5336.11"
"2026","1210","","1210","","","","","1","Tesouro","","","","110","GERAL","0","","","1","1","Banco do Brasil S.A.","2763","4","0000030006","3","BCO BRASIL - CONTA MOVIMENTO","29/01/2026 00:00:00","DEBITO_CONTA_CORRENTE","CONTA_BANCARIA","14","","417","16970","","","Baixa realizada via Retorno de Arquivo Bancário","SAIDA","12.18","1407","147474.28","742150.28","87627.75","","3595443.34","5336.11","2243042.88","36576.66","318469.79","556301.83","312487.67","842225.48","","","0","0","AutorizacaoPagamento{exercicioContabil=2026, numero=417, Juridicionado=01 - PREFEITURA MUNICIPAL DE VARGEM GRANDE DO SUL}","","2026","1210","","","1","Tesouro","","","111","REMUNERAÇÃO DE APLICAÇÕES FINANCEIRAS","0","","111.0000","1","1","Banco do Brasil S.A.","2763","4","0000030006","3","BCO BRASIL - CONTA MOVIMENTO","30/01/2026 00:00:00","RENTABILIDADE","1","160","","","Rendimentos","ENTRADA","5336.11"
"2026","1210","","1210","","","","","1","Tesouro","","","","110","GERAL","0","","","1","1","Banco do Brasil S.A.","2763","4","0000030006","3","BCO BRASIL - CONTA MOVIMENTO","29/01/2026 00:00:00","DEBITO_CONTA_CORRENTE","CONTA_BANCARIA","15","","417","16970","","","Baixa realizada via Retorno de Arquivo Bancário","SAIDA","650","1407","147474.28","741500.28","87627.75","","3595443.34","5336.11","2243042.88","36576.66","318469.79","556301.83","312487.67","842225.48","","","0","0","AutorizacaoPagamento{exercicioContabil=2026, numero=417, Juridicionado=01 - PREFEITURA MUNICIPAL DE VARGEM GRANDE DO SUL}","","2026","1210","","","1","Tesouro","","","111","REMUNERAÇÃO DE APLICAÇÕES FINANCEIRAS","0","","111.0000","1","1","Banco do Brasil S.A.","2763","4","0000030006","3","BCO BRASIL - CONTA MOVIMENTO","30/01/2026 00:00:00","RENTABILIDADE","1","160","","","Rendimentos","ENTRADA","5336.11"
"2026","1210","","1210","","","","","1","Tesouro","","","","110","GERAL","0","","","1","1","Banco do Brasil S.A.","2763","4","0000030006","3","BCO BRASIL - CONTA MOVIMENTO","29/01/2026 00:00:00","DEBITO_CONTA_CORRENTE","CONTA_BANCARIA","16","","417","16970","","","Baixa realizada via Retorno de Arquivo Bancário","SAIDA","1041","1407","147474.28","740459.28","87627.75","","3595443.34","5336.11","2243042.88","36576.66","318469.79","556301.83","312487.67","842225.48","","","0","0","AutorizacaoPagamento{exercicioContabil=2026, numero=417, Juridicionado=01 - PREFEITURA MUNICIPAL DE VARGEM GRANDE DO SUL}","","2026","1210","","","1","Tesouro","","","111","REMUNERAÇÃO DE APLICAÇÕES FINANCEIRAS","0","","111.0000","1","1","Banco do Brasil S.A.","2763","4","0000030006","3","BCO BRASIL - CONTA MOVIMENTO","30/01/2026 00:00:00","RENTABILIDADE","1","160","","","Rendimentos","ENTRADA","5336.11"
"2026","1210","","1210","","","","","1","Tesouro","","","","110","GERAL","0","","","1","1","Banco do Brasil S.A.","2763","4","0000030006","3","BCO BRASIL - CONTA MOVIMENTO","29/01/2026 00:00:00","DEBITO_CONTA_CORRENTE","CONTA_BANCARIA","17","","417","16970","","","Baixa realizada via Retorno de Arquivo Bancário","SAIDA","280","1407","147474.28","740179.28","87627.75","","3595443.34","5336.11","2243042.88","36576.66","318469.79","556301.83","312487.67","842225.48","","","0","0","AutorizacaoPagamento{exercicioContabil=2026, numero=417, Juridicionado=01 - PREFEITURA MUNICIPAL DE VARGEM GRANDE DO SUL}","","2026","1210","","","1","Tesouro","","","111","REMUNERAÇÃO DE APLICAÇÕES FINANCEIRAS","0","","111.0000","1","1","Banco do Brasil S.A.","2763","4","0000030006","3","BCO BRASIL - CONTA MOVIMENTO","30/01/2026 00:00:00","RENTABILIDADE","1","160","","","Rendimentos","ENTRADA","5336.11"
"2026","1210","","1210","","","","","1","Tesouro","","","","110","GERAL","0","","","1","1","Banco do Brasil S.A.","2763","4","0000030006","3","BCO BRASIL - CONTA MOVIMENTO","29/01/2026 00:00:00","DEBITO_CONTA_CORRENTE","CONTA_BANCARIA","18","","417","16970","","","Baixa realizada via Retorno de Arquivo Bancário","SAIDA","750","1407","147474.28","739429.28","87627.75","","3595443.34","5336.11","2243042.88","36576.66","318469.79","556301.83","312487.67","842225.48","","","0","0","AutorizacaoPagamento{exercicioContabil=2026, numero=417, Juridicionado=01 - PREFEITURA MUNICIPAL DE VARGEM GRANDE DO SUL}","","2026","1210","","","1","Tesouro","","","111","REMUNERAÇÃO DE APLICAÇÕES FINANCEIRAS","0","","111.0000","1","1","Banco do Brasil S.A.","2763","4","0000030006","3","BCO BRASIL - CONTA MOVIMENTO","30/01/2026 00:00:00","RENTABILIDADE","1","160","","","Rendimentos","ENTRADA","5336.11"
"2026","1210","","1210","","","","","1","Tesouro","","","","110","GERAL","0","","","1","1","Banco do Brasil S.A.","2763","4","0000030006","3","BCO BRASIL - CONTA MOVIMENTO","29/01/2026 00:00:00","DEBITO_CONTA_CORRENTE","CONTA_BANCARIA","19","","417","16970","","","Baixa realizada via Retorno de Arquivo Bancário","SAIDA","200","1407","147474.28","739229.28","87627.75","","3595443.34","5336.11","2243042.88","36576.66","318469.79","556301.83","312487.67","842225.48","","","0","0","AutorizacaoPagamento{exercicioContabil=2026, numero=417, Juridicionado=01 - PREFEITURA MUNICIPAL DE VARGEM GRANDE DO SUL}","","2026","1210","","","1","Tesouro","","","111","REMUNERAÇÃO DE APLICAÇÕES FINANCEIRAS","0","","111.0000","1","1","Banco do Brasil S.A.","2763","4","0000030006","3","BCO BRASIL - CONTA MOVIMENTO","30/01/2026 00:00:00","RENTABILIDADE","1","160","","","Rendimentos","ENTRADA","5336.11"
"2026","1210","","1210","","","","","1","Tesouro","","","","110","GERAL","0","","","1","1","Banco do Brasil S.A.","2763","4","0000030006","3","BCO BRASIL - CONTA MOVIMENTO","29/01/2026 00:00:00","DEBITO_CONTA_CORRENTE","CONTA_BANCARIA","20","","417","16970","","","Baixa realizada via Retorno de Arquivo Bancário","SAIDA","250","1407","147474.28","738979.28","87627.75","","3595443.34","5336.11","2243042.88","36576.66","318469.79","556301.83","312487.67","842225.48","","","0","0","AutorizacaoPagamento{exercicioContabil=2026, numero=417, Juridicionado=01 - PREFEITURA MUNICIPAL DE VARGEM GRANDE DO SUL}","","2026","1210","","","1","Tesouro","","","111","REMUNERAÇÃO DE APLICAÇÕES FINANCEIRAS","0","","111.0000","1","1","Banco do Brasil S.A.","2763","4","0000030006","3","BCO BRASIL - CONTA MOVIMENTO","30/01/2026 00:00:00","RENTABILIDADE","1","160","","","Rendimentos","ENTRADA","5336.11"
"2026","1210","","1210","","","","","1","Tesouro","","","","110","GERAL","0","","","1","1","Banco do Brasil S.A.","2763","4","0000030006","3","BCO BRASIL - CONTA MOVIMENTO","29/01/2026 00:00:00","DEBITO_CONTA_CORRENTE","CONTA_BANCARIA","21","","417","16970","","","Baixa realizada via Retorno de Arquivo Bancário","SAIDA","164","1407","147474.28","738815.28","87627.75","","3595443.34","5336.11","2243042.88","36576.66","318469.79","556301.83","312487.67","842225.48","","","0","0","AutorizacaoPagamento{exercicioContabil=2026, numero=417, Juridicionado=01 - PREFEITURA MUNICIPAL DE VARGEM GRANDE DO SUL}","","2026","1210","","","1","Tesouro","","","111","REMUNERAÇÃO DE APLICAÇÕES FINANCEIRAS","0","","111.0000","1","1","Banco do Brasil S.A.","2763","4","0000030006","3","BCO BRASIL - CONTA MOVIMENTO","30/01/2026 00:00:00","RENTABILIDADE","1","160","","","Rendimentos","ENTRADA","5336.11"
"2026","1210","","1210","","","","","1","Tesouro","","","","110","GERAL","0","","","1","1","Banco do Brasil S.A.","2763","4","0000030006","3","BCO BRASIL - CONTA MOVIMENTO","29/01/2026 00:00:00","DEBITO_CONTA_CORRENTE","CONTA_BANCARIA","22","","417","16970","","","Baixa realizada via Retorno de Arquivo Bancário","SAIDA","191","1407","147474.28","738624.28","87627.75","","3595443.34","5336.11","2243042.88","36576.66","318469.79","556301.83","312487.67","842225.48","","","0","0","AutorizacaoPagamento{exercicioContabil=2026, numero=417, Juridicionado=01 - PREFEITURA MUNICIPAL DE VARGEM GRANDE DO SUL}","","2026","1210","","","1","Tesouro","","","111","REMUNERAÇÃO DE APLICAÇÕES FINANCEIRAS","0","","111.0000","1","1","Banco do Brasil S.A.","2763","4","0000030006","3","BCO BRASIL - CONTA MOVIMENTO","30/01/2026 00:00:00","RENTABILIDADE","1","160","","","Rendimentos","ENTRADA","5336.11"
"2026","1210","","1210","","","","","1","Tesouro","","","","110","GERAL","0","","","1","1","Banco do Brasil S.A.","2763","4","0000030006","3","BCO BRASIL - CONTA MOVIMENTO","29/01/2026 00:00:00","DEBITO_CONTA_CORRENTE","CONTA_BANCARIA","23","","417","16970","","","Baixa realizada via Retorno de Arquivo Bancário","SAIDA","1625","1407","147474.28","736999.28","87627.75","","3595443.34","5336.11","2243042.88","36576.66","318469.79","556301.83","312487.67","842225.48","","","0","0","AutorizacaoPagamento{exercicioContabil=2026, numero=417, Juridicionado=01 - PREFEITURA MUNICIPAL DE VARGEM GRANDE DO SUL}","","2026","1210","","","1","Tesouro","","","111","REMUNERAÇÃO DE APLICAÇÕES FINANCEIRAS","0","","111.0000","1","1","Banco do Brasil S.A.","2763","4","0000030006","3","BCO BRASIL - CONTA MOVIMENTO","30/01/2026 00:00:00","RENTABILIDADE","1","160","","","Rendimentos","ENTRADA","5336.11"
"2026","1210","","1210","","","","","1","Tesouro","","","","410","TRÂNSITO - SINALIZAÇÃO","0","","","1","1","Banco do Brasil S.A.","2763","4","0000030006","3","BCO BRASIL - CONTA MOVIMENTO","29/01/2026 00:00:00","DEBITO_CONTA_CORRENTE","CONTA_BANCARIA","24","","417","16970","","","Baixa realizada via Retorno de Arquivo Bancário","SAIDA","317.49","1407","147474.28","736681.79","87627.75","","3595443.34","5336.11","2243042.88","36576.66","318469.79","556301.83","312487.67","842225.48","","","0","0","AutorizacaoPagamento{exercicioContabil=2026, numero=417, Juridicionado=01 - PREFEITURA MUNICIPAL DE VARGEM GRANDE DO SUL}","","2026","1210","","","1","Tesouro","","","111","REMUNERAÇÃO DE APLICAÇÕES FINANCEIRAS","0","","111.0000","1","1","Banco do Brasil S.A.","2763","4","0000030006","3","BCO BRASIL - CONTA MOVIMENTO","30/01/2026 00:00:00","RENTABILIDADE","1","160","","","Rendimentos","ENTRADA","5336.11"
"2026","1210","","1210","","","","","1","Tesouro","","","","110","GERAL","0","","","1","1","Banco do Brasil S.A.","2763","4","0000030006","3","BCO BRASIL - CONTA MOVIMENTO","29/01/2026 00:00:00","DEBITO_CONTA_CORRENTE","CONTA_BANCARIA","25","","417","16970","","","Baixa realizada via Retorno de Arquivo Bancário","SAIDA","694","1407","147474.28","735987.79","87627.75","","3595443.34","5336.11","2243042.88","36576.66","318469.79","556301.83","312487.67","842225.48","","","0","0","AutorizacaoPagamento{exercicioContabil=2026, numero=417, Juridicionado=01 - PREFEITURA MUNICIPAL DE VARGEM GRANDE DO SUL}","","2026","1210","","","1","Tesouro","","","111","REMUNERAÇÃO DE APLICAÇÕES FINANCEIRAS","0","","111.0000","1","1","Banco do Brasil S.A.","2763","4","0000030006","3","BCO BRASIL - CONTA MOVIMENTO","30/01/2026 00:00:00","RENTABILIDADE","1","160","","","Rendimentos","ENTRADA","5336.11"
"2026","1210","","1210","","","","","1","Tesouro","","","","110","GERAL","0","","","1","1","Banco do Brasil S.A.","2763","4","0000030006","3","BCO BRASIL - CONTA MOVIMENTO","29/01/2026 00:00:00","DEBITO_CONTA_CORRENTE","CONTA_BANCARIA","26","","417","16970","","","Baixa realizada via Retorno de Arquivo Bancário","SAIDA","1723.03","1407","147474.28","734264.76","87627.75","","3595443.34","5336.11","2243042.88","36576.66","318469.79","556301.83","312487.67","842225.48","","","0","0","AutorizacaoPagamento{exercicioContabil=2026, numero=417, Juridicionado=01 - PREFEITURA MUNICIPAL DE VARGEM GRANDE DO SUL}","","2026","1210","","","1","Tesouro","","","111","REMUNERAÇÃO DE APLICAÇÕES FINANCEIRAS","0","","111.0000","1","1","Banco do Brasil S.A.","2763","4","0000030006","3","BCO BRASIL - CONTA MOVIMENTO","30/01/2026 00:00:00","RENTABILIDADE","1","160","","","Rendimentos","ENTRADA","5336.11"
"2026","1210","","1210","","","","","1","Tesouro","","","","110","GERAL","0","","","1","1","Banco do Brasil S.A.","2763","4","0000030006","3","BCO BRASIL - CONTA MOVIMENTO","29/01/2026 00:00:00","DEBITO_CONTA_CORRENTE","CONTA_BANCARIA","27","","417","16970","","","Baixa realizada via Retorno de Arquivo Bancário","SAIDA","901.6","1407","147474.28","733363.16","87627.75","","3595443.34","5336.11","2243042.88","36576.66","318469.79","556301.83","312487.67","842225.48","","","0","0","AutorizacaoPagamento{exercicioContabil=2026, numero=417, Juridicionado=01 - PREFEITURA MUNICIPAL DE VARGEM GRANDE DO SUL}","","2026","1210","","","1","Tesouro","","","111","REMUNERAÇÃO DE APLICAÇÕES FINANCEIRAS","0","","111.0000","1","1","Banco do Brasil S.A.","2763","4","0000030006","3","BCO BRASIL - CONTA MOVIMENTO","30/01/2026 00:00:00","RENTABILIDADE","1","160","","","Rendimentos","ENTRADA","5336.11"
"2026","1210","","1210","","","","","1","Tesouro","","","","110","GERAL","0","","","1","1","Banco do Brasil S.A.","2763","4","0000030006","3","BCO BRASIL - CONTA MOVIMENTO","29/01/2026 00:00:00","DEBITO_CONTA_CORRENTE","CONTA_BANCARIA","28","","417","16970","","","Baixa realizada via Retorno de Arquivo Bancário","SAIDA","1340.13","1407","147474.28","732023.03","87627.75","","3595443.34","5336.11","2243042.88","36576.66","318469.79","556301.83","312487.67","842225.48","","","0","0","AutorizacaoPagamento{exercicioContabil=2026, numero=417, Juridicionado=01 - PREFEITURA MUNICIPAL DE VARGEM GRANDE DO SUL}","","2026","1210","","","1","Tesouro","","","111","REMUNERAÇÃO DE APLICAÇÕES FINANCEIRAS","0","","111.0000","1","1","Banco do Brasil S.A.","2763","4","0000030006","3","BCO BRASIL - CONTA MOVIMENTO","30/01/2026 00:00:00","RENTABILIDADE","1","160","","","Rendimentos","ENTRADA","5336.11"
"2026","1210","","1210","","","","","1","Tesouro","","","","110","GERAL","0","","","1","1","Banco do Brasil S.A.","2763","4","0000030006","3","BCO BRASIL - CONTA MOVIMENTO","29/01/2026 00:00:00","DEBITO_CONTA_CORRENTE","CONTA_BANCARIA","29","","417","16970","","","Baixa realizada via Retorno de Arquivo Bancário","SAIDA","199.92","1407","147474.28","731823.11","87627.75","","3595443.34","5336.11","2243042.88","36576.66","318469.79","556301.83","312487.67","842225.48","","","0","0","AutorizacaoPagamento{exercicioContabil=2026, numero=417, Juridicionado=01 - PREFEITURA MUNICIPAL DE VARGEM GRANDE DO SUL}","","2026","1210","","","1","Tesouro","","","111","REMUNERAÇÃO DE APLICAÇÕES FINANCEIRAS","0","","111.0000","1","1","Banco do Brasil S.A.","2763","4","0000030006","3","BCO BRASIL - CONTA MOVIMENTO","30/01/2026 00:00:00","RENTABILIDADE","1","160","","","Rendimentos","ENTRADA","5336.11"
"2026","1210","","1210","","","","","1","Tesouro","","","","110","GERAL","0","","","1","1","Banco do Brasil S.A.","2763","4","0000030006","3","BCO BRASIL - CONTA MOVIMENTO","29/01/2026 00:00:00","DEBITO_CONTA_CORRENTE","CONTA_BANCARIA","30","","417","16970","","","Baixa realizada via Retorno de Arquivo Bancário","SAIDA","660","1407","147474.28","731163.11","87627.75","","3595443.34","5336.11","2243042.88","36576.66","318469.79","556301.83","312487.67","842225.48","","","0","0","AutorizacaoPagamento{exercicioContabil=2026, numero=417, Juridicionado=01 - PREFEITURA MUNICIPAL DE VARGEM GRANDE DO SUL}","","2026","1210","","","1","Tesouro","","","111","REMUNERAÇÃO DE APLICAÇÕES FINANCEIRAS","0","","111.0000","1","1","Banco do Brasil S.A.","2763","4","0000030006","3","BCO BRASIL - CONTA MOVIMENTO","30/01/2026 00:00:00","RENTABILIDADE","1","160","","","Rendimentos","ENTRADA","5336.11"
"2026","1210","","1210","","","","","1","Tesouro","","","","110","GERAL","0","","","1","1","Banco do Brasil S.A.","2763","4","0000030006","3","BCO BRASIL - CONTA MOVIMENTO","29/01/2026 00:00:00","DEBITO_CONTA_CORRENTE","CONTA_BANCARIA","31","","417","16970","","","Baixa realizada via Retorno de Arquivo Bancário","SAIDA","228.48","1407","147474.28","730934.63","87627.75","","3595443.34","5336.11","2243042.88","36576.66","318469.79","556301.83","312487.67","842225.48","","","0","0","AutorizacaoPagamento{exercicioContabil=2026, numero=417, Juridicionado=01 - PREFEITURA MUNICIPAL DE VARGEM GRANDE DO SUL}","","2026","1210","","","1","Tesouro","","","111","REMUNERAÇÃO DE APLICAÇÕES FINANCEIRAS","0","","111.0000","1","1","Banco do Brasil S.A.","2763","4","0000030006","3","BCO BRASIL - CONTA MOVIMENTO","30/01/2026 00:00:00","RENTABILIDADE","1","160","","","Rendimentos","ENTRADA","5336.11"
"2026","1210","","1210","","","","","1","Tesouro","","","","110","GERAL","0","","","1","1","Banco do Brasil S.A.","2763","4","0000030006","3","BCO BRASIL - CONTA MOVIMENTO","29/01/2026 00:00:00","DEBITO_CONTA_CORRENTE","CONTA_BANCARIA","32","","417","16970","","","Baixa realizada via Retorno de Arquivo Bancário","SAIDA","462.6","1407","147474.28","730472.03","87627.75","","3595443.34","5336.11","2243042.88","36576.66","318469.79","556301.83","312487.67","842225.48","","","0","0","AutorizacaoPagamento{exercicioContabil=2026, numero=417, Juridicionado=01 - PREFEITURA MUNICIPAL DE VARGEM GRANDE DO SUL}","","2026","1210","","","1","Tesouro","","","111","REMUNERAÇÃO DE APLICAÇÕES FINANCEIRAS","0","","111.0000","1","1","Banco do Brasil S.A.","2763","4","0000030006","3","BCO BRASIL - CONTA MOVIMENTO","30/01/2026 00:00:00","RENTABILIDADE","1","160","","","Rendimentos","ENTRADA","5336.11"
"2026","1210","","1210","","","","","1","Tesouro","","","","110","GERAL","0","","","1","1","Banco do Brasil S.A.","2763","4","0000030006","3","BCO BRASIL - CONTA MOVIMENTO","29/01/2026 00:00:00","DEBITO_CONTA_CORRENTE","CONTA_BANCARIA","33","","417","16970","","","Baixa realizada via Retorno de Arquivo Bancário","SAIDA","120","1407","147474.28","730352.03","87627.75","","3595443.34","5336.11","2243042.88","36576.66","318469.79","556301.83","312487.67","842225.48","","","0","0","AutorizacaoPagamento{exercicioContabil=2026, numero=417, Juridicionado=01 - PREFEITURA MUNICIPAL DE VARGEM GRANDE DO SUL}","","2026","1210","","","1","Tesouro","","","111","REMUNERAÇÃO DE APLICAÇÕES FINANCEIRAS","0","","111.0000","1","1","Banco do Brasil S.A.","2763","4","0000030006","3","BCO BRASIL - CONTA MOVIMENTO","30/01/2026 00:00:00","RENTABILIDADE","1","160","","","Rendimentos","ENTRADA","5336.11"
"2026","1210","","1210","","","","","1","Tesouro","","","","110","GERAL","0","","","1","1","Banco do Brasil S.A.","2763","4","0000030006","3","BCO BRASIL - CONTA MOVIMENTO","29/01/2026 00:00:00","DEBITO_CONTA_CORRENTE","CONTA_BANCARIA","34","","417","16970","","","Baixa realizada via Retorno de Arquivo Bancário","SAIDA","855","1407","147474.28","729497.03","87627.75","","3595443.34","5336.11","2243042.88","36576.66","318469.79","556301.83","312487.67","842225.48","","","0","0","AutorizacaoPagamento{exercicioContabil=2026, numero=417, Juridicionado=01 - PREFEITURA MUNICIPAL DE VARGEM GRANDE DO SUL}","","2026","1210","","","1","Tesouro","","","111","REMUNERAÇÃO DE APLICAÇÕES FINANCEIRAS","0","","111.0000","1","1","Banco do Brasil S.A.","2763","4","0000030006","3","BCO BRASIL - CONTA MOVIMENTO","30/01/2026 00:00:00","RENTABILIDADE","1","160","","","Rendimentos","ENTRADA","5336.11"
"2026","1210","","1210","","","","","1","Tesouro","","","","510","ASSISTÊNCIA SOCIAL - GERAL","0","","","1","1","Banco do Brasil S.A.","2763","4","0000030006","3","BCO BRASIL - CONTA MOVIMENTO","29/01/2026 00:00:00","DEBITO_CONTA_CORRENTE","CONTA_BANCARIA","35","","417","16970","","","Baixa realizada via Retorno de Arquivo Bancário","SAIDA","1918","1407","147474.28","727579.03","87627.75","","3595443.34","5336.11","2243042.88","36576.66","318469.79","556301.83","312487.67","842225.48","","","0","0","AutorizacaoPagamento{exercicioContabil=2026, numero=417, Juridicionado=01 - PREFEITURA MUNICIPAL DE VARGEM GRANDE DO SUL}","","2026","1210","","","1","Tesouro","","","111","REMUNERAÇÃO DE APLICAÇÕES FINANCEIRAS","0","","111.0000","1","1","Banco do Brasil S.A.","2763","4","0000030006","3","BCO BRASIL - CONTA MOVIMENTO","30/01/2026 00:00:00","RENTABILIDADE","1","160","","","Rendimentos","ENTRADA","5336.11"
"2026","1210","","1210","","","","","1","Tesouro","","","","110","GERAL","0","","","1","1","Banco do Brasil S.A.","2763","4","0000030006","3","BCO BRASIL - CONTA MOVIMENTO","29/01/2026 00:00:00","DEBITO_CONTA_CORRENTE","CONTA_BANCARIA","36","","417","16970","","","Baixa realizada via Retorno de Arquivo Bancário","SAIDA","49","1407","147474.28","727530.03","87627.75","","3595443.34","5336.11","2243042.88","36576.66","318469.79","556301.83","312487.67","842225.48","","","0","0","AutorizacaoPagamento{exercicioContabil=2026, numero=417, Juridicionado=01 - PREFEITURA MUNICIPAL DE VARGEM GRANDE DO SUL}","","2026","1210","","","1","Tesouro","","","111","REMUNERAÇÃO DE APLICAÇÕES FINANCEIRAS","0","","111.0000","1","1","Banco do Brasil S.A.","2763","4","0000030006","3","BCO BRASIL - CONTA MOVIMENTO","30/01/2026 00:00:00","RENTABILIDADE","1","160","","","Rendimentos","ENTRADA","5336.11"
"2026","1210","","1210","","","","","1","Tesouro","","","","110","GERAL","0","","","1","1","Banco do Brasil S.A.","2763","4","0000030006","3","BCO BRASIL - CONTA MOVIMENTO","29/01/2026 00:00:00","DEBITO_CONTA_CORRENTE","CONTA_BANCARIA","37","","417","16970","","","Baixa realizada via Retorno de Arquivo Bancário","SAIDA","140","1407","147474.28","727390.03","87627.75","","3595443.34","5336.11","2243042.88","36576.66","318469.79","556301.83","312487.67","842225.48","","","0","0","AutorizacaoPagamento{exercicioContabil=2026, numero=417, Juridicionado=01 - PREFEITURA MUNICIPAL DE VARGEM GRANDE DO SUL}","","2026","1210","","","1","Tesouro","","","111","REMUNERAÇÃO DE APLICAÇÕES FINANCEIRAS","0","","111.0000","1","1","Banco do Brasil S.A.","2763","4","0000030006","3","BCO BRASIL - CONTA MOVIMENTO","30/01/2026 00:00:00","RENTABILIDADE","1","160","","","Rendimentos","ENTRADA","5336.11"
"2026","1210","","1210","","","","","1","Tesouro","","","","110","GERAL","0","","","1","1","Banco do Brasil S.A.","2763","4","0000030006","3","BCO BRASIL - CONTA MOVIMENTO","29/01/2026 00:00:00","DEBITO_CONTA_CORRENTE","CONTA_BANCARIA","38","","417","16970","","","Baixa realizada via Retorno de Arquivo Bancário","SAIDA","210","1407","147474.28","727180.03","87627.75","","3595443.34","5336.11","2243042.88","36576.66","318469.79","556301.83","312487.67","842225.48","","","0","0","AutorizacaoPagamento{exercicioContabil=2026, numero=417, Juridicionado=01 - PREFEITURA MUNICIPAL DE VARGEM GRANDE DO SUL}","","2026","1210","","","1","Tesouro","","","111","REMUNERAÇÃO DE APLICAÇÕES FINANCEIRAS","0","","111.0000","1","1","Banco do Brasil S.A.","2763","4","0000030006","3","BCO BRASIL - CONTA MOVIMENTO","30/01/2026 00:00:00","RENTABILIDADE","1","160","","","Rendimentos","ENTRADA","5336.11"
"2026","1210","","1210","","","","","1","Tesouro","","","","110","GERAL","0","","","1","1","Banco do Brasil S.A.","2763","4","0000030006","3","BCO BRASIL - CONTA MOVIMENTO","29/01/2026 00:00:00","DEBITO_CONTA_CORRENTE","CONTA_BANCARIA","39","","417","16970","","","Baixa realizada via Retorno de Arquivo Bancário","SAIDA","1996.05","1407","147474.28","725183.98","87627.75","","3595443.34","5336.11","2243042.88","36576.66","318469.79","556301.83","312487.67","842225.48","","","0","0","AutorizacaoPagamento{exercicioContabil=2026, numero=417, Juridicionado=01 - PREFEITURA MUNICIPAL DE VARGEM GRANDE DO SUL}","","2026","1210","","","1","Tesouro","","","111","REMUNERAÇÃO DE APLICAÇÕES FINANCEIRAS","0","","111.0000","1","1","Banco do Brasil S.A.","2763","4","0000030006","3","BCO BRASIL - CONTA MOVIMENTO","30/01/2026 00:00:00","RENTABILIDADE","1","160","","","Rendimentos","ENTRADA","5336.11"
"2026","1210","","1210","","","","","1","Tesouro","","","","110","GERAL","0","","","1","1","Banco do Brasil S.A.","2763","4","0000030006","3","BCO BRASIL - CONTA MOVIMENTO","29/01/2026 00:00:00","DEBITO_CONTA_CORRENTE","CONTA_BANCARIA","40","","417","16970","","","Baixa realizada via Retorno de Arquivo Bancário","SAIDA","60","1407","147474.28","725123.98","87627.75","","3595443.34","5336.11","2243042.88","36576.66","318469.79","556301.83","312487.67","842225.48","","","0","0","AutorizacaoPagamento{exercicioContabil=2026, numero=417, Juridicionado=01 - PREFEITURA MUNICIPAL DE VARGEM GRANDE DO SUL}","","2026","1210","","","1","Tesouro","","","111","REMUNERAÇÃO DE APLICAÇÕES FINANCEIRAS","0","","111.0000","1","1","Banco do Brasil S.A.","2763","4","0000030006","3","BCO BRASIL - CONTA MOVIMENTO","30/01/2026 00:00:00","RENTABILIDADE","1","160","","","Rendimentos","ENTRADA","5336.11"
"2026","1210","","1210","","","","","1","Tesouro","","","","110","GERAL","0","","","1","1","Banco do Brasil S.A.","2763","4","0000030006","3","BCO BRASIL - CONTA MOVIMENTO","29/01/2026 00:00:00","DEBITO_CONTA_CORRENTE","CONTA_BANCARIA","41","","417","16970","","","Baixa realizada via Retorno de Arquivo Bancário","SAIDA","1531.58","1407","147474.28","723592.4","87627.75","","3595443.34","5336.11","2243042.88","36576.66","318469.79","556301.83","312487.67","842225.48","","","0","0","AutorizacaoPagamento{exercicioContabil=2026, numero=417, Juridicionado=01 - PREFEITURA MUNICIPAL DE VARGEM GRANDE DO SUL}","","2026","1210","","","1","Tesouro","","","111","REMUNERAÇÃO DE APLICAÇÕES FINANCEIRAS","0","","111.0000","1","1","Banco do Brasil S.A.","2763","4","0000030006","3","BCO BRASIL - CONTA MOVIMENTO","30/01/2026 00:00:00","RENTABILIDADE","1","160","","","Rendimentos","ENTRADA","5336.11"
"2026","1210","","1210","","","","","1","Tesouro","","","","110","GERAL","0","","","1","1","Banco do Brasil S.A.","2763","4","0000030006","3","BCO BRASIL - CONTA MOVIMENTO","29/01/2026 00:00:00","DEBITO_CONTA_CORRENTE","CONTA_BANCARIA","42","","417","16970","","","Baixa realizada via Retorno de Arquivo Bancário","SAIDA","840","1407","147474.28","722752.4","87627.75","","3595443.34","5336.11","2243042.88","36576.66","318469.79","556301.83","312487.67","842225.48","","","0","0","AutorizacaoPagamento{exercicioContabil=2026, numero=417, Juridicionado=01 - PREFEITURA MUNICIPAL DE VARGEM GRANDE DO SUL}","","2026","1210","","","1","Tesouro","","","111","REMUNERAÇÃO DE APLICAÇÕES FINANCEIRAS","0","","111.0000","1","1","Banco do Brasil S.A.","2763","4","0000030006","3","BCO BRASIL - CONTA MOVIMENTO","30/01/2026 00:00:00","RENTABILIDADE","1","160","","","Rendimentos","ENTRADA","5336.11"
"2026","1210","","1210","","","","","1","Tesouro","","","","110","GERAL","0","","","1","1","Banco do Brasil S.A.","2763","4","0000030006","3","BCO BRASIL - CONTA MOVIMENTO","29/01/2026 00:00:00","DEBITO_CONTA_CORRENTE","CONTA_BANCARIA","43","","417","16970","","","Baixa realizada via Retorno de Arquivo Bancário","SAIDA","625.1","1407","147474.28","722127.3","87627.75","","3595443.34","5336.11","2243042.88","36576.66","318469.79","556301.83","312487.67","842225.48","","","0","0","AutorizacaoPagamento{exercicioContabil=2026, numero=417, Juridicionado=01 - PREFEITURA MUNICIPAL DE VARGEM GRANDE DO SUL}","","2026","1210","","","1","Tesouro","","","111","REMUNERAÇÃO DE APLICAÇÕES FINANCEIRAS","0","","111.0000","1","1","Banco do Brasil S.A.","2763","4","0000030006","3","BCO BRASIL - CONTA MOVIMENTO","30/01/2026 00:00:00","RENTABILIDADE","1","160","","","Rendimentos","ENTRADA","5336.11"
"2026","1210","","1210","","","","","1","Tesouro","","","","110","GERAL","0","","","1","1","Banco do Brasil S.A.","2763","4","0000030006","3","BCO BRASIL - CONTA MOVIMENTO","29/01/2026 00:00:00","DEBITO_CONTA_CORRENTE","CONTA_BANCARIA","44","","417","16970","","","Baixa realizada via Retorno de Arquivo Bancário","SAIDA","2707.12","1407","147474.28","719420.18","87627.75","","3595443.34","5336.11","2243042.88","36576.66","318469.79","556301.83","312487.67","842225.48","","","0","0","AutorizacaoPagamento{exercicioContabil=2026, numero=417, Juridicionado=01 - PREFEITURA MUNICIPAL DE VARGEM GRANDE DO SUL}","","2026","1210","","","1","Tesouro","","","111","REMUNERAÇÃO DE APLICAÇÕES FINANCEIRAS","0","","111.0000","1","1","Banco do Brasil S.A.","2763","4","0000030006","3","BCO BRASIL - CONTA MOVIMENTO","30/01/2026 00:00:00","RENTABILIDADE","1","160","","","Rendimentos","ENTRADA","5336.11"
"2026","1210","","1210","","","","","1","Tesouro","","","","110","GERAL","0","","","1","1","Banco do Brasil S.A.","2763","4","0000030006","3","BCO BRASIL - CONTA MOVIMENTO","29/01/2026 00:00:00","DEBITO_CONTA_CORRENTE","CONTA_BANCARIA","45","","417","16970","","","Baixa realizada via Retorno de Arquivo Bancário","SAIDA","1773.78","1407","147474.28","717646.4","87627.75","","3595443.34","5336.11","2243042.88","36576.66","318469.79","556301.83","312487.67","842225.48","","","0","0","AutorizacaoPagamento{exercicioContabil=2026, numero=417, Juridicionado=01 - PREFEITURA MUNICIPAL DE VARGEM GRANDE DO SUL}","","2026","1210","","","1","Tesouro","","","111","REMUNERAÇÃO DE APLICAÇÕES FINANCEIRAS","0","","111.0000","1","1","Banco do Brasil S.A.","2763","4","0000030006","3","BCO BRASIL - CONTA MOVIMENTO","30/01/2026 00:00:00","RENTABILIDADE","1","160","","","Rendimentos","ENTRADA","5336.11"
"2026","1210","","1210","","","","","1","Tesouro","","","","110","GERAL","0","","","1","1","Banco do Brasil S.A.","2763","4","0000030006","3","BCO BRASIL - CONTA MOVIMENTO","29/01/2026 00:00:00","DEBITO_CONTA_CORRENTE","CONTA_BANCARIA","46","","417","16970","","","Baixa realizada via Retorno de Arquivo Bancário","SAIDA","691","1407","147474.28","716955.4","87627.75","","3595443.34","5336.11","2243042.88","36576.66","318469.79","556301.83","312487.67","842225.48","","","0","0","AutorizacaoPagamento{exercicioContabil=2026, numero=417, Juridicionado=01 - PREFEITURA MUNICIPAL DE VARGEM GRANDE DO SUL}","","2026","1210","","","1","Tesouro","","","111","REMUNERAÇÃO DE APLICAÇÕES FINANCEIRAS","0","","111.0000","1","1","Banco do Brasil S.A.","2763","4","0000030006","3","BCO BRASIL - CONTA MOVIMENTO","30/01/2026 00:00:00","RENTABILIDADE","1","160","","","Rendimentos","ENTRADA","5336.11"
"2026","1210","","1210","","","","","1","Tesouro","","","","110","GERAL","0","","","1","1","Banco do Brasil S.A.","2763","4","0000030006","3","BCO BRASIL - CONTA MOVIMENTO","29/01/2026 00:00:00","DEBITO_CONTA_CORRENTE","CONTA_BANCARIA","47","","417","16970","","","Baixa realizada via Retorno de Arquivo Bancário","SAIDA","792","1407","147474.28","716163.4","87627.75","","3595443.34","5336.11","2243042.88","36576.66","318469.79","556301.83","312487.67","842225.48","","","0","0","AutorizacaoPagamento{exercicioContabil=2026, numero=417, Juridicionado=01 - PREFEITURA MUNICIPAL DE VARGEM GRANDE DO SUL}","","2026","1210","","","1","Tesouro","","","111","REMUNERAÇÃO DE APLICAÇÕES FINANCEIRAS","0","","111.0000","1","1","Banco do Brasil S.A.","2763","4","0000030006","3","BCO BRASIL - CONTA MOVIMENTO","30/01/2026 00:00:00","RENTABILIDADE","1","160","","","Rendimentos","ENTRADA","5336.11"
"2026","1210","","1210","","","","","1","Tesouro","","","","110","GERAL","0","","","1","1","Banco do Brasil S.A.","2763","4","0000030006","3","BCO BRASIL - CONTA MOVIMENTO","29/01/2026 00:00:00","DEBITO_CONTA_CORRENTE","CONTA_BANCARIA","48","","417","16970","","","Baixa realizada via Retorno de Arquivo Bancário","SAIDA","9000","1407","147474.28","707163.4","87627.75","","3595443.34","5336.11","2243042.88","36576.66","318469.79","556301.83","312487.67","842225.48","","","0","0","AutorizacaoPagamento{exercicioContabil=2026, numero=417, Juridicionado=01 - PREFEITURA MUNICIPAL DE VARGEM GRANDE DO SUL}","","2026","1210","","","1","Tesouro","","","111","REMUNERAÇÃO DE APLICAÇÕES FINANCEIRAS","0","","111.0000","1","1","Banco do Brasil S.A.","2763","4","0000030006","3","BCO BRASIL - CONTA MOVIMENTO","30/01/2026 00:00:00","RENTABILIDADE","1","160","","","Rendimentos","ENTRADA","5336.11"
"2026","1210","","1210","","","","","1","Tesouro","","","","510","ASSISTÊNCIA SOCIAL - GERAL","0","","","1","1","Banco do Brasil S.A.","2763","4","0000030006","3","BCO BRASIL - CONTA MOVIMENTO","29/01/2026 00:00:00","DEBITO_CONTA_CORRENTE","CONTA_BANCARIA","49","","417","16970","","","Baixa realizada via Retorno de Arquivo Bancário","SAIDA","90","1407","147474.28","707073.4","87627.75","","3595443.34","5336.11","2243042.88","36576.66","318469.79","556301.83","312487.67","842225.48","","","0","0","AutorizacaoPagamento{exercicioContabil=2026, numero=417, Juridicionado=01 - PREFEITURA MUNICIPAL DE VARGEM GRANDE DO SUL}","","2026","1210","","","1","Tesouro","","","111","REMUNERAÇÃO DE APLICAÇÕES FINANCEIRAS","0","","111.0000","1","1","Banco do Brasil S.A.","2763","4","0000030006","3","BCO BRASIL - CONTA MOVIMENTO","30/01/2026 00:00:00","RENTABILIDADE","1","160","","","Rendimentos","ENTRADA","5336.11"
"2026","1210","","1210","","","","","1","Tesouro","","","","110","GERAL","0","","","1","1","Banco do Brasil S.A.","2763","4","0000030006","3","BCO BRASIL - CONTA MOVIMENTO","29/01/2026 00:00:00","DEBITO_CONTA_CORRENTE","CONTA_BANCARIA","50","","417","16970","","","Baixa realizada via Retorno de Arquivo Bancário","SAIDA","755","1407","147474.28","706318.4","87627.75","","3595443.34","5336.11","2243042.88","36576.66","318469.79","556301.83","312487.67","842225.48","","","0","0","AutorizacaoPagamento{exercicioContabil=2026, numero=417, Juridicionado=01 - PREFEITURA MUNICIPAL DE VARGEM GRANDE DO SUL}","","2026","1210","","","1","Tesouro","","","111","REMUNERAÇÃO DE APLICAÇÕES FINANCEIRAS","0","","111.0000","1","1","Banco do Brasil S.A.","2763","4","0000030006","3","BCO BRASIL - CONTA MOVIMENTO","30/01/2026 00:00:00","RENTABILIDADE","1","160","","","Rendimentos","ENTRADA","5336.11"
"2026","1210","","1210","","","","","1","Tesouro","","","","110","GERAL","0","","","1","1","Banco do Brasil S.A.","2763","4","0000030006","3","BCO BRASIL - CONTA MOVIMENTO","29/01/2026 00:00:00","DEBITO_CONTA_CORRENTE","CONTA_BANCARIA","51","","417","16970","","","Baixa realizada via Retorno de Arquivo Bancário","SAIDA","587.94","1407","147474.28","705730.46","87627.75","","3595443.34","5336.11","2243042.88","36576.66","318469.79","556301.83","312487.67","842225.48","","","0","0","AutorizacaoPagamento{exercicioContabil=2026, numero=417, Juridicionado=01 - PREFEITURA MUNICIPAL DE VARGEM GRANDE DO SUL}","","2026","1210","","","1","Tesouro","","","111","REMUNERAÇÃO DE APLICAÇÕES FINANCEIRAS","0","","111.0000","1","1","Banco do Brasil S.A.","2763","4","0000030006","3","BCO BRASIL - CONTA MOVIMENTO","30/01/2026 00:00:00","RENTABILIDADE","1","160","","","Rendimentos","ENTRADA","5336.11"
"2026","1210","","1210","","","","","1","Tesouro","","","","110","GERAL","0","","","1","1","Banco do Brasil S.A.","2763","4","0000030006","3","BCO BRASIL - CONTA MOVIMENTO","29/01/2026 00:00:00","DEBITO_CONTA_CORRENTE","CONTA_BANCARIA","52","","417","16970","","","Baixa realizada via Retorno de Arquivo Bancário","SAIDA","222.9","1407","147474.28","705507.56","87627.75","","3595443.34","5336.11","2243042.88","36576.66","318469.79","556301.83","312487.67","842225.48","","","0","0","AutorizacaoPagamento{exercicioContabil=2026, numero=417, Juridicionado=01 - PREFEITURA MUNICIPAL DE VARGEM GRANDE DO SUL}","","2026","1210","","","1","Tesouro","","","111","REMUNERAÇÃO DE APLICAÇÕES FINANCEIRAS","0","","111.0000","1","1","Banco do Brasil S.A.","2763","4","0000030006","3","BCO BRASIL - CONTA MOVIMENTO","30/01/2026 00:00:00","RENTABILIDADE","1","160","","","Rendimentos","ENTRADA","5336.11"
"2026","1210","","1210","","","","","1","Tesouro","","","","110","GERAL","0","","","1","1","Banco do Brasil S.A.","2763","4","0000030006","3","BCO BRASIL - CONTA MOVIMENTO","29/01/2026 00:00:00","DEBITO_CONTA_CORRENTE","CONTA_BANCARIA","53","","417","16970","","","Baixa realizada via Retorno de Arquivo Bancário","SAIDA","285.64","1407","147474.28","705221.92","87627.75","","3595443.34","5336.11","2243042.88","36576.66","318469.79","556301.83","312487.67","842225.48","","","0","0","AutorizacaoPagamento{exercicioContabil=2026, numero=417, Juridicionado=01 - PREFEITURA MUNICIPAL DE VARGEM GRANDE DO SUL}","","2026","1210","","","1","Tesouro","","","111","REMUNERAÇÃO DE APLICAÇÕES FINANCEIRAS","0","","111.0000","1","1","Banco do Brasil S.A.","2763","4","0000030006","3","BCO BRASIL - CONTA MOVIMENTO","30/01/2026 00:00:00","RENTABILIDADE","1","160","","","Rendimentos","ENTRADA","5336.11"
"2026","1210","","1210","","","","","1","Tesouro","","","","110","GERAL","0","","","1","1","Banco do Brasil S.A.","2763","4","0000030006","3","BCO BRASIL - CONTA MOVIMENTO","29/01/2026 00:00:00","DEBITO_CONTA_CORRENTE","CONTA_BANCARIA","54","","417","16970","","","Baixa realizada via Retorno de Arquivo Bancário","SAIDA","182.72","1407","147474.28","705039.2","87627.75","","3595443.34","5336.11","2243042.88","36576.66","318469.79","556301.83","312487.67","842225.48","","","0","0","AutorizacaoPagamento{exercicioContabil=2026, numero=417, Juridicionado=01 - PREFEITURA MUNICIPAL DE VARGEM GRANDE DO SUL}","","2026","1210","","","1","Tesouro","","","111","REMUNERAÇÃO DE APLICAÇÕES FINANCEIRAS","0","","111.0000","1","1","Banco do Brasil S.A.","2763","4","0000030006","3","BCO BRASIL - CONTA MOVIMENTO","30/01/2026 00:00:00","RENTABILIDADE","1","160","","","Rendimentos","ENTRADA","5336.11"
"2026","1210","","1210","","","","","1","Tesouro","","","","110","GERAL","0","","","1","1","Banco do Brasil S.A.","2763","4","0000030006","3","BCO BRASIL - CONTA MOVIMENTO","29/01/2026 00:00:00","DEBITO_CONTA_CORRENTE","CONTA_BANCARIA","55","","417","16970","","","Baixa realizada via Retorno de Arquivo Bancário","SAIDA","391.99","1407","147474.28","704647.21","87627.75","","3595443.34","5336.11","2243042.88","36576.66","318469.79","556301.83","312487.67","842225.48","","","0","0","AutorizacaoPagamento{exercicioContabil=2026, numero=417, Juridicionado=01 - PREFEITURA MUNICIPAL DE VARGEM GRANDE DO SUL}","","2026","1210","","","1","Tesouro","","","111","REMUNERAÇÃO DE APLICAÇÕES FINANCEIRAS","0","","111.0000","1","1","Banco do Brasil S.A.","2763","4","0000030006","3","BCO BRASIL - CONTA MOVIMENTO","30/01/2026 00:00:00","RENTABILIDADE","1","160","","","Rendimentos","ENTRADA","5336.11"
"2026","1210","","1210","","","","","1","Tesouro","","","","110","GERAL","0","","","1","1","Banco do Brasil S.A.","2763","4","0000030006","3","BCO BRASIL - CONTA MOVIMENTO","29/01/2026 00:00:00","DEBITO_CONTA_CORRENTE","CONTA_BANCARIA","56","","417","16970","","","Baixa realizada via Retorno de Arquivo Bancário","SAIDA","1336","1407","147474.28","703311.21","87627.75","","3595443.34","5336.11","2243042.88","36576.66","318469.79","556301.83","312487.67","842225.48","","","0","0","AutorizacaoPagamento{exercicioContabil=2026, numero=417, Juridicionado=01 - PREFEITURA MUNICIPAL DE VARGEM GRANDE DO SUL}","","2026","1210","","","1","Tesouro","","","111","REMUNERAÇÃO DE APLICAÇÕES FINANCEIRAS","0","","111.0000","1","1","Banco do Brasil S.A.","2763","4","0000030006","3","BCO BRASIL - CONTA MOVIMENTO","30/01/2026 00:00:00","RENTABILIDADE","1","160","","","Rendimentos","ENTRADA","5336.11"
"2026","1210","","1210","","","","","1","Tesouro","","","","110","GERAL","0","","","1","1","Banco do Brasil S.A.","2763","4","0000030006","3","BCO BRASIL - CONTA MOVIMENTO","29/01/2026 00:00:00","DEBITO_CONTA_CORRENTE","CONTA_BANCARIA","57","","417","16970","","","Baixa realizada via Retorno de Arquivo Bancário","SAIDA","703","1407","147474.28","702608.21","87627.75","","3595443.34","5336.11","2243042.88","36576.66","318469.79","556301.83","312487.67","842225.48","","","0","0","AutorizacaoPagamento{exercicioContabil=2026, numero=417, Juridicionado=01 - PREFEITURA MUNICIPAL DE VARGEM GRANDE DO SUL}","","2026","1210","","","1","Tesouro","","","111","REMUNERAÇÃO DE APLICAÇÕES FINANCEIRAS","0","","111.0000","1","1","Banco do Brasil S.A.","2763","4","0000030006","3","BCO BRASIL - CONTA MOVIMENTO","30/01/2026 00:00:00","RENTABILIDADE","1","160","","","Rendimentos","ENTRADA","5336.11"
"2026","1210","","1210","","","","","1","Tesouro","","","","110","GERAL","0","","","1","1","Banco do Brasil S.A.","2763","4","0000030006","3","BCO BRASIL - CONTA MOVIMENTO","29/01/2026 00:00:00","DEBITO_CONTA_CORRENTE","CONTA_BANCARIA","58","","417","16970","","","Baixa realizada via Retorno de Arquivo Bancário","SAIDA","100","1407","147474.28","702508.21","87627.75","","3595443.34","5336.11","2243042.88","36576.66","318469.79","556301.83","312487.67","842225.48","","","0","0","AutorizacaoPagamento{exercicioContabil=2026, numero=417, Juridicionado=01 - PREFEITURA MUNICIPAL DE VARGEM GRANDE DO SUL}","","2026","1210","","","1","Tesouro","","","111","REMUNERAÇÃO DE APLICAÇÕES FINANCEIRAS","0","","111.0000","1","1","Banco do Brasil S.A.","2763","4","0000030006","3","BCO BRASIL - CONTA MOVIMENTO","30/01/2026 00:00:00","RENTABILIDADE","1","160","","","Rendimentos","ENTRADA","5336.11"
"2026","1210","","1210","","","","","1","Tesouro","","","","110","GERAL","0","","","1","1","Banco do Brasil S.A.","2763","4","0000030006","3","BCO BRASIL - CONTA MOVIMENTO","29/01/2026 00:00:00","DEBITO_CONTA_CORRENTE","CONTA_BANCARIA","59","","417","16970","","","Baixa realizada via Retorno de Arquivo Bancário","SAIDA","320","1407","147474.28","702188.21","87627.75","","3595443.34","5336.11","2243042.88","36576.66","318469.79","556301.83","312487.67","842225.48","","","0","0","AutorizacaoPagamento{exercicioContabil=2026, numero=417, Juridicionado=01 - PREFEITURA MUNICIPAL DE VARGEM GRANDE DO SUL}","","2026","1210","","","1","Tesouro","","","111","REMUNERAÇÃO DE APLICAÇÕES FINANCEIRAS","0","","111.0000","1","1","Banco do Brasil S.A.","2763","4","0000030006","3","BCO BRASIL - CONTA MOVIMENTO","30/01/2026 00:00:00","RENTABILIDADE","1","160","","","Rendimentos","ENTRADA","5336.11"
"2026","1210","","1210","","","","","1","Tesouro","","","","110","GERAL","0","","","1","1","Banco do Brasil S.A.","2763","4","0000030006","3","BCO BRASIL - CONTA MOVIMENTO","29/01/2026 00:00:00","DEBITO_CONTA_CORRENTE","CONTA_BANCARIA","60","","417","16970","","","Baixa realizada via Retorno de Arquivo Bancário","SAIDA","2201.65","1407","147474.28","699986.56","87627.75","","3595443.34","5336.11","2243042.88","36576.66","318469.79","556301.83","312487.67","842225.48","","","0","0","AutorizacaoPagamento{exercicioContabil=2026, numero=417, Juridicionado=01 - PREFEITURA MUNICIPAL DE VARGEM GRANDE DO SUL}","","2026","1210","","","1","Tesouro","","","111","REMUNERAÇÃO DE APLICAÇÕES FINANCEIRAS","0","","111.0000","1","1","Banco do Brasil S.A.","2763","4","0000030006","3","BCO BRASIL - CONTA MOVIMENTO","30/01/2026 00:00:00","RENTABILIDADE","1","160","","","Rendimentos","ENTRADA","5336.11"
"2026","1210","","1210","","","","","1","Tesouro","","","","110","GERAL","0","","","1","1","Banco do Brasil S.A.","2763","4","0000030006","3","BCO BRASIL - CONTA MOVIMENTO","29/01/2026 00:00:00","DEBITO_CONTA_CORRENTE","CONTA_BANCARIA","61","","417","16970","","","Baixa realizada via Retorno de Arquivo Bancário","SAIDA","2547.06","1407","147474.28","697439.5","87627.75","","3595443.34","5336.11","2243042.88","36576.66","318469.79","556301.83","312487.67","842225.48","","","0","0","AutorizacaoPagamento{exercicioContabil=2026, numero=417, Juridicionado=01 - PREFEITURA MUNICIPAL DE VARGEM GRANDE DO SUL}","","2026","1210","","","1","Tesouro","","","111","REMUNERAÇÃO DE APLICAÇÕES FINANCEIRAS","0","","111.0000","1","1","Banco do Brasil S.A.","2763","4","0000030006","3","BCO BRASIL - CONTA MOVIMENTO","30/01/2026 00:00:00","RENTABILIDADE","1","160","","","Rendimentos","ENTRADA","5336.11"
"2026","1210","","1210","","","","","1","Tesouro","","","","110","GERAL","0","","","1","1","Banco do Brasil S.A.","2763","4","0000030006","3","BCO BRASIL - CONTA MOVIMENTO","29/01/2026 00:00:00","DEBITO_CONTA_CORRENTE","CONTA_BANCARIA","62","","417","16970","","","Baixa realizada via Retorno de Arquivo Bancário","SAIDA","2120","1407","147474.28","695319.5","87627.75","","3595443.34","5336.11","2243042.88","36576.66","318469.79","556301.83","312487.67","842225.48","","","0","0","AutorizacaoPagamento{exercicioContabil=2026, numero=417, Juridicionado=01 - PREFEITURA MUNICIPAL DE VARGEM GRANDE DO SUL}","","2026","1210","","","1","Tesouro","","","111","REMUNERAÇÃO DE APLICAÇÕES FINANCEIRAS","0","","111.0000","1","1","Banco do Brasil S.A.","2763","4","0000030006","3","BCO BRASIL - CONTA MOVIMENTO","30/01/2026 00:00:00","RENTABILIDADE","1","160","","","Rendimentos","ENTRADA","5336.11"
"2026","1210","","1210","","","","","1","Tesouro","","","","110","GERAL","0","","","1","1","Banco do Brasil S.A.","2763","4","0000030006","3","BCO BRASIL - CONTA MOVIMENTO","29/01/2026 00:00:00","DEBITO_CONTA_CORRENTE","CONTA_BANCARIA","63","","417","16970","","","Baixa realizada via Retorno de Arquivo Bancário","SAIDA","1109.7","1407","147474.28","694209.8","87627.75","","3595443.34","5336.11","2243042.88","36576.66","318469.79","556301.83","312487.67","842225.48","","","0","0","AutorizacaoPagamento{exercicioContabil=2026, numero=417, Juridicionado=01 - PREFEITURA MUNICIPAL DE VARGEM GRANDE DO SUL}","","2026","1210","","","1","Tesouro","","","111","REMUNERAÇÃO DE APLICAÇÕES FINANCEIRAS","0","","111.0000","1","1","Banco do Brasil S.A.","2763","4","0000030006","3","BCO BRASIL - CONTA MOVIMENTO","30/01/2026 00:00:00","RENTABILIDADE","1","160","","","Rendimentos","ENTRADA","5336.11"
"2026","1210","","1210","","","","","1","Tesouro","","","","110","GERAL","0","","","1","1","Banco do Brasil S.A.","2763","4","0000030006","3","BCO BRASIL - CONTA MOVIMENTO","29/01/2026 00:00:00","DEBITO_CONTA_CORRENTE","CONTA_BANCARIA","64","","417","16970","","","Baixa realizada via Retorno de Arquivo Bancário","SAIDA","783","1407","147474.28","693426.8","87627.75","","3595443.34","5336.11","2243042.88","36576.66","318469.79","556301.83","312487.67","842225.48","","","0","0","AutorizacaoPagamento{exercicioContabil=2026, numero=417, Juridicionado=01 - PREFEITURA MUNICIPAL DE VARGEM GRANDE DO SUL}","","2026","1210","","","1","Tesouro","","","111","REMUNERAÇÃO DE APLICAÇÕES FINANCEIRAS","0","","111.0000","1","1","Banco do Brasil S.A.","2763","4","0000030006","3","BCO BRASIL - CONTA MOVIMENTO","30/01/2026 00:00:00","RENTABILIDADE","1","160","","","Rendimentos","ENTRADA","5336.11"
"2026","1210","","1210","","","","","1","Tesouro","","","","510","ASSISTÊNCIA SOCIAL - GERAL","0","","","1","1","Banco do Brasil S.A.","2763","4","0000030006","3","BCO BRASIL - CONTA MOVIMENTO","29/01/2026 00:00:00","DEBITO_CONTA_CORRENTE","CONTA_BANCARIA","65","","417","16970","","","Baixa realizada via Retorno de Arquivo Bancário","SAIDA","866.48","1407","147474.28","692560.32","87627.75","","3595443.34","5336.11","2243042.88","36576.66","318469.79","556301.83","312487.67","842225.48","","","0","0","AutorizacaoPagamento{exercicioContabil=2026, numero=417, Juridicionado=01 - PREFEITURA MUNICIPAL DE VARGEM GRANDE DO SUL}","","2026","1210","","","1","Tesouro","","","111","REMUNERAÇÃO DE APLICAÇÕES FINANCEIRAS","0","","111.0000","1","1","Banco do Brasil S.A.","2763","4","0000030006","3","BCO BRASIL - CONTA MOVIMENTO","30/01/2026 00:00:00","RENTABILIDADE","1","160","","","Rendimentos","ENTRADA","5336.11"
"2026","1210","","1210","","","","","1","Tesouro","","","","510","ASSISTÊNCIA SOCIAL - GERAL","0","","","1","1","Banco do Brasil S.A.","2763","4","0000030006","3","BCO BRASIL - CONTA MOVIMENTO","29/01/2026 00:00:00","DEBITO_CONTA_CORRENTE","CONTA_BANCARIA","66","","417","16970","","","Baixa realizada via Retorno de Arquivo Bancário","SAIDA","1076.16","1407","147474.28","691484.16","87627.75","","3595443.34","5336.11","2243042.88","36576.66","318469.79","556301.83","312487.67","842225.48","","","0","0","AutorizacaoPagamento{exercicioContabil=2026, numero=417, Juridicionado=01 - PREFEITURA MUNICIPAL DE VARGEM GRANDE DO SUL}","","2026","1210","","","1","Tesouro","","","111","REMUNERAÇÃO DE APLICAÇÕES FINANCEIRAS","0","","111.0000","1","1","Banco do Brasil S.A.","2763","4","0000030006","3","BCO BRASIL - CONTA MOVIMENTO","30/01/2026 00:00:00","RENTABILIDADE","1","160","","","Rendimentos","ENTRADA","5336.11"
"2026","1210","","1210","","","","","1","Tesouro","","","","110","GERAL","0","","","1","1","Banco do Brasil S.A.","2763","4","0000030006","3","BCO BRASIL - CONTA MOVIMENTO","29/01/2026 00:00:00","DEBITO_CONTA_CORRENTE","CONTA_BANCARIA","67","","417","16970","","","Baixa realizada via Retorno de Arquivo Bancário","SAIDA","140","1407","147474.28","691344.16","87627.75","","3595443.34","5336.11","2243042.88","36576.66","318469.79","556301.83","312487.67","842225.48","","","0","0","AutorizacaoPagamento{exercicioContabil=2026, numero=417, Juridicionado=01 - PREFEITURA MUNICIPAL DE VARGEM GRANDE DO SUL}","","2026","1210","","","1","Tesouro","","","111","REMUNERAÇÃO DE APLICAÇÕES FINANCEIRAS","0","","111.0000","1","1","Banco do Brasil S.A.","2763","4","0000030006","3","BCO BRASIL - CONTA MOVIMENTO","30/01/2026 00:00:00","RENTABILIDADE","1","160","","","Rendimentos","ENTRADA","5336.11"
"2026","1210","","1210","","","","","1","Tesouro","","","","110","GERAL","0","","","1","1","Banco do Brasil S.A.","2763","4","0000030006","3","BCO BRASIL - CONTA MOVIMENTO","29/01/2026 00:00:00","DEBITO_CONTA_CORRENTE","CONTA_BANCARIA","68","","417","16970","","","Baixa realizada via Retorno de Arquivo Bancário","SAIDA","199.95","1407","147474.28","691144.21","87627.75","","3595443.34","5336.11","2243042.88","36576.66","318469.79","556301.83","312487.67","842225.48","","","0","0","AutorizacaoPagamento{exercicioContabil=2026, numero=417, Juridicionado=01 - PREFEITURA MUNICIPAL DE VARGEM GRANDE DO SUL}","","2026","1210","","","1","Tesouro","","","111","REMUNERAÇÃO DE APLICAÇÕES FINANCEIRAS","0","","111.0000","1","1","Banco do Brasil S.A.","2763","4","0000030006","3","BCO BRASIL - CONTA MOVIMENTO","30/01/2026 00:00:00","RENTABILIDADE","1","160","","","Rendimentos","ENTRADA","5336.11"
"2026","1210","","1210","","","","","1","Tesouro","","","","110","GERAL","0","","","1","1","Banco do Brasil S.A.","2763","4","0000030006","3","BCO BRASIL - CONTA MOVIMENTO","29/01/2026 00:00:00","DEBITO_CONTA_CORRENTE","CONTA_BANCARIA","69","","417","16970","","","Baixa realizada via Retorno de Arquivo Bancário","SAIDA","275","1407","147474.28","690869.21","87627.75","","3595443.34","5336.11","2243042.88","36576.66","318469.79","556301.83","312487.67","842225.48","","","0","0","AutorizacaoPagamento{exercicioContabil=2026, numero=417, Juridicionado=01 - PREFEITURA MUNICIPAL DE VARGEM GRANDE DO SUL}","","2026","1210","","","1","Tesouro","","","111","REMUNERAÇÃO DE APLICAÇÕES FINANCEIRAS","0","","111.0000","1","1","Banco do Brasil S.A.","2763","4","0000030006","3","BCO BRASIL - CONTA MOVIMENTO","30/01/2026 00:00:00","RENTABILIDADE","1","160","","","Rendimentos","ENTRADA","5336.11"
"2026","1210","","1210","","","","","1","Tesouro","","","","410","TRÂNSITO - SINALIZAÇÃO","0","","","1","1","Banco do Brasil S.A.","2763","4","0000030006","3","BCO BRASIL - CONTA MOVIMENTO","29/01/2026 00:00:00","DEBITO_CONTA_CORRENTE","CONTA_BANCARIA","70","","417","16970","","","Baixa realizada via Retorno de Arquivo Bancário","SAIDA","392.5","1407","147474.28","690476.71","87627.75","","3595443.34","5336.11","2243042.88","36576.66","318469.79","556301.83","312487.67","842225.48","","","0","0","AutorizacaoPagamento{exercicioContabil=2026, numero=417, Juridicionado=01 - PREFEITURA MUNICIPAL DE VARGEM GRANDE DO SUL}","","2026","1210","","","1","Tesouro","","","111","REMUNERAÇÃO DE APLICAÇÕES FINANCEIRAS","0","","111.0000","1","1","Banco do Brasil S.A.","2763","4","0000030006","3","BCO BRASIL - CONTA MOVIMENTO","30/01/2026 00:00:00","RENTABILIDADE","1","160","","","Rendimentos","ENTRADA","5336.11"
"2026","1210","","1210","","","","","1","Tesouro","","","","110","GERAL","0","","","1","1","Banco do Brasil S.A.","2763","4","0000030006","3","BCO BRASIL - CONTA MOVIMENTO","29/01/2026 00:00:00","DEBITO_CONTA_CORRENTE","CONTA_BANCARIA","71","","417","16970","","","Baixa realizada via Retorno de Arquivo Bancário","SAIDA","1343.68","1407","147474.28","689133.03","87627.75","","3595443.34","5336.11","2243042.88","36576.66","318469.79","556301.83","312487.67","842225.48","","","0","0","AutorizacaoPagamento{exercicioContabil=2026, numero=417, Juridicionado=01 - PREFEITURA MUNICIPAL DE VARGEM GRANDE DO SUL}","","2026","1210","","","1","Tesouro","","","111","REMUNERAÇÃO DE APLICAÇÕES FINANCEIRAS","0","","111.0000","1","1","Banco do Brasil S.A.","2763","4","0000030006","3","BCO BRASIL - CONTA MOVIMENTO","30/01/2026 00:00:00","RENTABILIDADE","1","160","","","Rendimentos","ENTRADA","5336.11"
"2026","1210","","1210","","","","","1","Tesouro","","","","110","GERAL","0","","","1","1","Banco do Brasil S.A.","2763","4","0000030006","3","BCO BRASIL - CONTA MOVIMENTO","29/01/2026 00:00:00","DEBITO_CONTA_CORRENTE","CONTA_BANCARIA","72","","417","16970","","","Baixa realizada via Retorno de Arquivo Bancário","SAIDA","1380","1407","147474.28","687753.03","87627.75","","3595443.34","5336.11","2243042.88","36576.66","318469.79","556301.83","312487.67","842225.48","","","0","0","AutorizacaoPagamento{exercicioContabil=2026, numero=417, Juridicionado=01 - PREFEITURA MUNICIPAL DE VARGEM GRANDE DO SUL}","","2026","1210","","","1","Tesouro","","","111","REMUNERAÇÃO DE APLICAÇÕES FINANCEIRAS","0","","111.0000","1","1","Banco do Brasil S.A.","2763","4","0000030006","3","BCO BRASIL - CONTA MOVIMENTO","30/01/2026 00:00:00","RENTABILIDADE","1","160","","","Rendimentos","ENTRADA","5336.11"
"2026","1210","","1210","","","","","1","Tesouro","","","","510","ASSISTÊNCIA SOCIAL - GERAL","0","","","1","1","Banco do Brasil S.A.","2763","4","0000030006","3","BCO BRASIL - CONTA MOVIMENTO","29/01/2026 00:00:00","DEBITO_CONTA_CORRENTE","CONTA_BANCARIA","73","","417","16970","","","Baixa realizada via Retorno de Arquivo Bancário","SAIDA","505.24","1407","147474.28","687247.79","87627.75","","3595443.34","5336.11","2243042.88","36576.66","318469.79","556301.83","312487.67","842225.48","","","0","0","AutorizacaoPagamento{exercicioContabil=2026, numero=417, Juridicionado=01 - PREFEITURA MUNICIPAL DE VARGEM GRANDE DO SUL}","","2026","1210","","","1","Tesouro","","","111","REMUNERAÇÃO DE APLICAÇÕES FINANCEIRAS","0","","111.0000","1","1","Banco do Brasil S.A.","2763","4","0000030006","3","BCO BRASIL - CONTA MOVIMENTO","30/01/2026 00:00:00","RENTABILIDADE","1","160","","","Rendimentos","ENTRADA","5336.11"
"2026","1210","","1210","","","","","1","Tesouro","","","","110","GERAL","0","","","1","1","Banco do Brasil S.A.","2763","4","0000030006","3","BCO BRASIL - CONTA MOVIMENTO","29/01/2026 00:00:00","DEBITO_CONTA_CORRENTE","CONTA_BANCARIA","74","","417","16970","","","Baixa realizada via Retorno de Arquivo Bancário","SAIDA","120","1407","147474.28","687127.79","87627.75","","3595443.34","5336.11","2243042.88","36576.66","318469.79","556301.83","312487.67","842225.48","","","0","0","AutorizacaoPagamento{exercicioContabil=2026, numero=417, Juridicionado=01 - PREFEITURA MUNICIPAL DE VARGEM GRANDE DO SUL}","","2026","1210","","","1","Tesouro","","","111","REMUNERAÇÃO DE APLICAÇÕES FINANCEIRAS","0","","111.0000","1","1","Banco do Brasil S.A.","2763","4","0000030006","3","BCO BRASIL - CONTA MOVIMENTO","30/01/2026 00:00:00","RENTABILIDADE","1","160","","","Rendimentos","ENTRADA","5336.11"
"2026","1210","","1210","","","","","1","Tesouro","","","","110","GERAL","0","","","1","1","Banco do Brasil S.A.","2763","4","0000030006","3","BCO BRASIL - CONTA MOVIMENTO","29/01/2026 00:00:00","DEBITO_CONTA_CORRENTE","CONTA_BANCARIA","75","","417","16970","","","Baixa realizada via Retorno de Arquivo Bancário","SAIDA","838.6","1407","147474.28","686289.19","87627.75","","3595443.34","5336.11","2243042.88","36576.66","318469.79","556301.83","312487.67","842225.48","","","0","0","AutorizacaoPagamento{exercicioContabil=2026, numero=417, Juridicionado=01 - PREFEITURA MUNICIPAL DE VARGEM GRANDE DO SUL}","","2026","1210","","","1","Tesouro","","","111","REMUNERAÇÃO DE APLICAÇÕES FINANCEIRAS","0","","111.0000","1","1","Banco do Brasil S.A.","2763","4","0000030006","3","BCO BRASIL - CONTA MOVIMENTO","30/01/2026 00:00:00","RENTABILIDADE","1","160","","","Rendimentos","ENTRADA","5336.11"
"2026","1210","","1210","","","","","1","Tesouro","","","","510","ASSISTÊNCIA SOCIAL - GERAL","0","","","1","1","Banco do Brasil S.A.","2763","4","0000030006","3","BCO BRASIL - CONTA MOVIMENTO","29/01/2026 00:00:00","DEBITO_CONTA_CORRENTE","CONTA_BANCARIA","76","","417","16970","","","Baixa realizada via Retorno de Arquivo Bancário","SAIDA","362","1407","147474.28","685927.19","87627.75","","3595443.34","5336.11","2243042.88","36576.66","318469.79","556301.83","312487.67","842225.48","","","0","0","AutorizacaoPagamento{exercicioContabil=2026, numero=417, Juridicionado=01 - PREFEITURA MUNICIPAL DE VARGEM GRANDE DO SUL}","","2026","1210","","","1","Tesouro","","","111","REMUNERAÇÃO DE APLICAÇÕES FINANCEIRAS","0","","111.0000","1","1","Banco do Brasil S.A.","2763","4","0000030006","3","BCO BRASIL - CONTA MOVIMENTO","30/01/2026 00:00:00","RENTABILIDADE","1","160","","","Rendimentos","ENTRADA","5336.11"
"2026","1210","","1210","","","","","1","Tesouro","","","","110","GERAL","0","","","1","1","Banco do Brasil S.A.","2763","4","0000030006","3","BCO BRASIL - CONTA MOVIMENTO","29/01/2026 00:00:00","DEBITO_CONTA_CORRENTE","CONTA_BANCARIA","77","","417","16970","","","Baixa realizada via Retorno de Arquivo Bancário","SAIDA","1170","1407","147474.28","684757.19","87627.75","","3595443.34","5336.11","2243042.88","36576.66","318469.79","556301.83","312487.67","842225.48","","","0","0","AutorizacaoPagamento{exercicioContabil=2026, numero=417, Juridicionado=01 - PREFEITURA MUNICIPAL DE VARGEM GRANDE DO SUL}","","2026","1210","","","1","Tesouro","","","111","REMUNERAÇÃO DE APLICAÇÕES FINANCEIRAS","0","","111.0000","1","1","Banco do Brasil S.A.","2763","4","0000030006","3","BCO BRASIL - CONTA MOVIMENTO","30/01/2026 00:00:00","RENTABILIDADE","1","160","","","Rendimentos","ENTRADA","5336.11"
"2026","1210","","1210","","","","","1","Tesouro","","","","110","GERAL","0","","","1","1","Banco do Brasil S.A.","2763","4","0000030006","3","BCO BRASIL - CONTA MOVIMENTO","29/01/2026 00:00:00","DEBITO_CONTA_CORRENTE","CONTA_BANCARIA","78","","417","16970","","","Baixa realizada via Retorno de Arquivo Bancário","SAIDA","120","1407","147474.28","684637.19","87627.75","","3595443.34","5336.11","2243042.88","36576.66","318469.79","556301.83","312487.67","842225.48","","","0","0","AutorizacaoPagamento{exercicioContabil=2026, numero=417, Juridicionado=01 - PREFEITURA MUNICIPAL DE VARGEM GRANDE DO SUL}","","2026","1210","","","1","Tesouro","","","111","REMUNERAÇÃO DE APLICAÇÕES FINANCEIRAS","0","","111.0000","1","1","Banco do Brasil S.A.","2763","4","0000030006","3","BCO BRASIL - CONTA MOVIMENTO","30/01/2026 00:00:00","RENTABILIDADE","1","160","","","Rendimentos","ENTRADA","5336.11"
"2026","1210","","1210","","","","","1","Tesouro","","","","110","GERAL","0","","","1","1","Banco do Brasil S.A.","2763","4","0000030006","3","BCO BRASIL - CONTA MOVIMENTO","29/01/2026 00:00:00","DEBITO_CONTA_CORRENTE","CONTA_BANCARIA","79","","417","16970","","","Baixa realizada via Retorno de Arquivo Bancário","SAIDA","180","1407","147474.28","684457.19","87627.75","","3595443.34","5336.11","2243042.88","36576.66","318469.79","556301.83","312487.67","842225.48","","","0","0","AutorizacaoPagamento{exercicioContabil=2026, numero=417, Juridicionado=01 - PREFEITURA MUNICIPAL DE VARGEM GRANDE DO SUL}","","2026","1210","","","1","Tesouro","","","111","REMUNERAÇÃO DE APLICAÇÕES FINANCEIRAS","0","","111.0000","1","1","Banco do Brasil S.A.","2763","4","0000030006","3","BCO BRASIL - CONTA MOVIMENTO","30/01/2026 00:00:00","RENTABILIDADE","1","160","","","Rendimentos","ENTRADA","5336.11"
"2026","1210","","1210","","","","","1","Tesouro","","","","510","ASSISTÊNCIA SOCIAL - GERAL","0","","","1","1","Banco do Brasil S.A.","2763","4","0000030006","3","BCO BRASIL - CONTA MOVIMENTO","29/01/2026 00:00:00","DEBITO_CONTA_CORRENTE","CONTA_BANCARIA","80","","417","16970","","","Baixa realizada via Retorno de Arquivo Bancário","SAIDA","337.71","1407","147474.28","684119.48","87627.75","","3595443.34","5336.11","2243042.88","36576.66","318469.79","556301.83","312487.67","842225.48","","","0","0","AutorizacaoPagamento{exercicioContabil=2026, numero=417, Juridicionado=01 - PREFEITURA MUNICIPAL DE VARGEM GRANDE DO SUL}","","2026","1210","","","1","Tesouro","","","111","REMUNERAÇÃO DE APLICAÇÕES FINANCEIRAS","0","","111.0000","1","1","Banco do Brasil S.A.","2763","4","0000030006","3","BCO BRASIL - CONTA MOVIMENTO","30/01/2026 00:00:00","RENTABILIDADE","1","160","","","Rendimentos","ENTRADA","5336.11"
"2026","1210","","1210","","","","","1","Tesouro","","","","110","GERAL","0","","","1","1","Banco do Brasil S.A.","2763","4","0000030006","3","BCO BRASIL - CONTA MOVIMENTO","29/01/2026 00:00:00","DEBITO_CONTA_CORRENTE","CONTA_BANCARIA","81","","417","16970","","","Baixa realizada via Retorno de Arquivo Bancário","SAIDA","1078.9","1407","147474.28","683040.58","87627.75","","3595443.34","5336.11","2243042.88","36576.66","318469.79","556301.83","312487.67","842225.48","","","0","0","AutorizacaoPagamento{exercicioContabil=2026, numero=417, Juridicionado=01 - PREFEITURA MUNICIPAL DE VARGEM GRANDE DO SUL}","","2026","1210","","","1","Tesouro","","","111","REMUNERAÇÃO DE APLICAÇÕES FINANCEIRAS","0","","111.0000","1","1","Banco do Brasil S.A.","2763","4","0000030006","3","BCO BRASIL - CONTA MOVIMENTO","30/01/2026 00:00:00","RENTABILIDADE","1","160","","","Rendimentos","ENTRADA","5336.11"
"2026","1210","","1210","","","","","1","Tesouro","","","","110","GERAL","0","","","1","1","Banco do Brasil S.A.","2763","4","0000030006","3","BCO BRASIL - CONTA MOVIMENTO","29/01/2026 00:00:00","DEBITO_CONTA_CORRENTE","CONTA_BANCARIA","82","","417","16970","","","Baixa realizada via Retorno de Arquivo Bancário","SAIDA","414.67","1407","147474.28","682625.91","87627.75","","3595443.34","5336.11","2243042.88","36576.66","318469.79","556301.83","312487.67","842225.48","","","0","0","AutorizacaoPagamento{exercicioContabil=2026, numero=417, Juridicionado=01 - PREFEITURA MUNICIPAL DE VARGEM GRANDE DO SUL}","","2026","1210","","","1","Tesouro","","","111","REMUNERAÇÃO DE APLICAÇÕES FINANCEIRAS","0","","111.0000","1","1","Banco do Brasil S.A.","2763","4","0000030006","3","BCO BRASIL - CONTA MOVIMENTO","30/01/2026 00:00:00","RENTABILIDADE","1","160","","","Rendimentos","ENTRADA","5336.11"
"2026","1210","","1210","","","","","1","Tesouro","","","","410","TRÂNSITO - SINALIZAÇÃO","0","","","1","1","Banco do Brasil S.A.","2763","4","0000030006","3","BCO BRASIL - CONTA MOVIMENTO","29/01/2026 00:00:00","DEBITO_CONTA_CORRENTE","CONTA_BANCARIA","83","","417","16970","","","Baixa realizada via Retorno de Arquivo Bancário","SAIDA","444.6","1407","147474.28","682181.31","87627.75","","3595443.34","5336.11","2243042.88","36576.66","318469.79","556301.83","312487.67","842225.48","","","0","0","AutorizacaoPagamento{exercicioContabil=2026, numero=417, Juridicionado=01 - PREFEITURA MUNICIPAL DE VARGEM GRANDE DO SUL}","","2026","1210","","","1","Tesouro","","","111","REMUNERAÇÃO DE APLICAÇÕES FINANCEIRAS","0","","111.0000","1","1","Banco do Brasil S.A.","2763","4","0000030006","3","BCO BRASIL - CONTA MOVIMENTO","30/01/2026 00:00:00","RENTABILIDADE","1","160","","","Rendimentos","ENTRADA","5336.11"
"2026","1210","","1210","","","","","1","Tesouro","","","","110","GERAL","0","","","1","1","Banco do Brasil S.A.","2763","4","0000030006","3","BCO BRASIL - CONTA MOVIMENTO","29/01/2026 00:00:00","DEBITO_CONTA_CORRENTE","CONTA_BANCARIA","84","","417","16970","","","Baixa realizada via Retorno de Arquivo Bancário","SAIDA","24","1407","147474.28","682157.31","87627.75","","3595443.34","5336.11","2243042.88","36576.66","318469.79","556301.83","312487.67","842225.48","","","0","0","AutorizacaoPagamento{exercicioContabil=2026, numero=417, Juridicionado=01 - PREFEITURA MUNICIPAL DE VARGEM GRANDE DO SUL}","","2026","1210","","","1","Tesouro","","","111","REMUNERAÇÃO DE APLICAÇÕES FINANCEIRAS","0","","111.0000","1","1","Banco do Brasil S.A.","2763","4","0000030006","3","BCO BRASIL - CONTA MOVIMENTO","30/01/2026 00:00:00","RENTABILIDADE","1","160","","","Rendimentos","ENTRADA","5336.11"
"2026","1210","","1210","","","","","1","Tesouro","","","","110","GERAL","0","","","1","1","Banco do Brasil S.A.","2763","4","0000030006","3","BCO BRASIL - CONTA MOVIMENTO","29/01/2026 00:00:00","DEBITO_CONTA_CORRENTE","CONTA_BANCARIA","85","","417","16970","","","Baixa realizada via Retorno de Arquivo Bancário","SAIDA","544.63","1407","147474.28","681612.68","87627.75","","3595443.34","5336.11","2243042.88","36576.66","318469.79","556301.83","312487.67","842225.48","","","0","0","AutorizacaoPagamento{exercicioContabil=2026, numero=417, Juridicionado=01 - PREFEITURA MUNICIPAL DE VARGEM GRANDE DO SUL}","","2026","1210","","","1","Tesouro","","","111","REMUNERAÇÃO DE APLICAÇÕES FINANCEIRAS","0","","111.0000","1","1","Banco do Brasil S.A.","2763","4","0000030006","3","BCO BRASIL - CONTA MOVIMENTO","30/01/2026 00:00:00","RENTABILIDADE","1","160","","","Rendimentos","ENTRADA","5336.11"
"2026","1210","","1210","","","","","1","Tesouro","","","","110","GERAL","0","","","1","1","Banco do Brasil S.A.","2763","4","0000030006","3","BCO BRASIL - CONTA MOVIMENTO","29/01/2026 00:00:00","DEBITO_CONTA_CORRENTE","CONTA_BANCARIA","86","","417","16970","","","Baixa realizada via Retorno de Arquivo Bancário","SAIDA","385.8","1407","147474.28","681226.88","87627.75","","3595443.34","5336.11","2243042.88","36576.66","318469.79","556301.83","312487.67","842225.48","","","0","0","AutorizacaoPagamento{exercicioContabil=2026, numero=417, Juridicionado=01 - PREFEITURA MUNICIPAL DE VARGEM GRANDE DO SUL}","","2026","1210","","","1","Tesouro","","","111","REMUNERAÇÃO DE APLICAÇÕES FINANCEIRAS","0","","111.0000","1","1","Banco do Brasil S.A.","2763","4","0000030006","3","BCO BRASIL - CONTA MOVIMENTO","30/01/2026 00:00:00","RENTABILIDADE","1","160","","","Rendimentos","ENTRADA","5336.11"
"2026","1210","","1210","","","","","1","Tesouro","","","","110","GERAL","0","","","1","1","Banco do Brasil S.A.","2763","4","0000030006","3","BCO BRASIL - CONTA MOVIMENTO","29/01/2026 00:00:00","DEBITO_CONTA_CORRENTE","CONTA_BANCARIA","87","","417","16970","","","Baixa realizada via Retorno de Arquivo Bancário","SAIDA","92.87","1407","147474.28","681134.01","87627.75","","3595443.34","5336.11","2243042.88","36576.66","318469.79","556301.83","312487.67","842225.48","","","0","0","AutorizacaoPagamento{exercicioContabil=2026, numero=417, Juridicionado=01 - PREFEITURA MUNICIPAL DE VARGEM GRANDE DO SUL}","","2026","1210","","","1","Tesouro","","","111","REMUNERAÇÃO DE APLICAÇÕES FINANCEIRAS","0","","111.0000","1","1","Banco do Brasil S.A.","2763","4","0000030006","3","BCO BRASIL - CONTA MOVIMENTO","30/01/2026 00:00:00","RENTABILIDADE","1","160","","","Rendimentos","ENTRADA","5336.11"
"2026","1210","","1210","","","","","1","Tesouro","","","","510","ASSISTÊNCIA SOCIAL - GERAL","0","","","1","1","Banco do Brasil S.A.","2763","4","0000030006","3","BCO BRASIL - CONTA MOVIMENTO","29/01/2026 00:00:00","DEBITO_CONTA_CORRENTE","CONTA_BANCARIA","88","","417","16970","","","Baixa realizada via Retorno de Arquivo Bancário","SAIDA","1070","1407","147474.28","680064.01","87627.75","","3595443.34","5336.11","2243042.88","36576.66","318469.79","556301.83","312487.67","842225.48","","","0","0","AutorizacaoPagamento{exercicioContabil=2026, numero=417, Juridicionado=01 - PREFEITURA MUNICIPAL DE VARGEM GRANDE DO SUL}","","2026","1210","","","1","Tesouro","","","111","REMUNERAÇÃO DE APLICAÇÕES FINANCEIRAS","0","","111.0000","1","1","Banco do Brasil S.A.","2763","4","0000030006","3","BCO BRASIL - CONTA MOVIMENTO","30/01/2026 00:00:00","RENTABILIDADE","1","160","","","Rendimentos","ENTRADA","5336.11"
"2026","1210","","1210","","","","","1","Tesouro","","","","410","TRÂNSITO - SINALIZAÇÃO","0","","","1","1","Banco do Brasil S.A.","2763","4","0000030006","3","BCO BRASIL - CONTA MOVIMENTO","29/01/2026 00:00:00","DEBITO_CONTA_CORRENTE","CONTA_BANCARIA","89","","","","166","","Transferência Aut. para compensação de Descontos de parcelas: Aut. Pagto.[417/2026].","SAIDA","77.86","1407","147474.28","679986.15","87627.75","","3595443.34","5336.11","2243042.88","36576.66","318469.79","556301.83","312487.67","842225.48","","","0","0","","","2026","1210","","","1","Tesouro","","","111","REMUNERAÇÃO DE APLICAÇÕES FINANCEIRAS","0","","111.0000","1","1","Banco do Brasil S.A.","2763","4","0000030006","3","BCO BRASIL - CONTA MOVIMENTO","30/01/2026 00:00:00","RENTABILIDADE","1","160","","","Rendimentos","ENTRADA","5336.11"
"2026","1210","","1210","","","","","1","Tesouro","","","","510","ASSISTÊNCIA SOCIAL - GERAL","0","","","1","1","Banco do Brasil S.A.","2763","4","0000030006","3","BCO BRASIL - CONTA MOVIMENTO","29/01/2026 00:00:00","DEBITO_CONTA_CORRENTE","CONTA_BANCARIA","90","","","","166","","Transferência Aut. para compensação de Descontos de parcelas: Aut. Pagto.[417/2026].","SAIDA","137.41","1407","147474.28","679848.74","87627.75","","3595443.34","5336.11","2243042.88","36576.66","318469.79","556301.83","312487.67","842225.48","","","0","0","","","2026","1210","","","1","Tesouro","","","111","REMUNERAÇÃO DE APLICAÇÕES FINANCEIRAS","0","","111.0000","1","1","Banco do Brasil S.A.","2763","4","0000030006","3","BCO BRASIL - CONTA MOVIMENTO","30/01/2026 00:00:00","RENTABILIDADE","1","160","","","Rendimentos","ENTRADA","5336.11"
"2026","1210","","1210","","","","","1","Tesouro","","","","110","GERAL","0","","","1","1","Banco do Brasil S.A.","2763","4","0000030006","3","BCO BRASIL - CONTA MOVIMENTO","29/01/2026 00:00:00","DEBITO_CONTA_CORRENTE","CONTA_BANCARIA","91","","479","17044","","","Baixa realizada via Retorno de Arquivo Bancário","SAIDA","1500","1407","147474.28","678348.74","87627.75","","3595443.34","5336.11","2243042.88","36576.66","318469.79","556301.83","312487.67","842225.48","","","0","0","AutorizacaoPagamento{exercicioContabil=2026, numero=479, Juridicionado=01 - PREFEITURA MUNICIPAL DE VARGEM GRANDE DO SUL}","","2026","1210","","","1","Tesouro","","","111","REMUNERAÇÃO DE APLICAÇÕES FINANCEIRAS","0","","111.0000","1","1","Banco do Brasil S.A.","2763","4","0000030006","3","BCO BRASIL - CONTA MOVIMENTO","30/01/2026 00:00:00","RENTABILIDADE","1","160","","","Rendimentos","ENTRADA","5336.11"
"2026","1210","","1210","","","","","1","Tesouro","","","","110","GERAL","0","","","1","1","Banco do Brasil S.A.","2763","4","0000030006","3","BCO BRASIL - CONTA MOVIMENTO","29/01/2026 00:00:00","DEBITO_CONTA_CORRENTE","CONTA_BANCARIA","92","","479","17044","","","Baixa realizada via Retorno de Arquivo Bancário","SAIDA","2697.24","1407","147474.28","675651.5","87627.75","","3595443.34","5336.11","2243042.88","36576.66","318469.79","556301.83","312487.67","842225.48","","","0","0","AutorizacaoPagamento{exercicioContabil=2026, numero=479, Juridicionado=01 - PREFEITURA MUNICIPAL DE VARGEM GRANDE DO SUL}","","2026","1210","","","1","Tesouro","","","111","REMUNERAÇÃO DE APLICAÇÕES FINANCEIRAS","0","","111.0000","1","1","Banco do Brasil S.A.","2763","4","0000030006","3","BCO BRASIL - CONTA MOVIMENTO","30/01/2026 00:00:00","RENTABILIDADE","1","160","","","Rendimentos","ENTRADA","5336.11"
"2026","1210","","1210","","","","","1","Tesouro","","","","410","TRÂNSITO - SINALIZAÇÃO","0","","","1","1","Banco do Brasil S.A.","2763","4","0000030006","3","BCO BRASIL - CONTA MOVIMENTO","29/01/2026 00:00:00","DEBITO_CONTA_CORRENTE","CONTA_BANCARIA","93","","479","17044","","","Baixa realizada via Retorno de Arquivo Bancário","SAIDA","1500","1407","147474.28","674151.5","87627.75","","3595443.34","5336.11","2243042.88","36576.66","318469.79","556301.83","312487.67","842225.48","","","0","0","AutorizacaoPagamento{exercicioContabil=2026, numero=479, Juridicionado=01 - PREFEITURA MUNICIPAL DE VARGEM GRANDE DO SUL}","","2026","1210","","","1","Tesouro","","","111","REMUNERAÇÃO DE APLICAÇÕES FINANCEIRAS","0","","111.0000","1","1","Banco do Brasil S.A.","2763","4","0000030006","3","BCO BRASIL - CONTA MOVIMENTO","30/01/2026 00:00:00","RENTABILIDADE","1","160","","","Rendimentos","ENTRADA","5336.11"
"2026","1210","","1210","","","","","1","Tesouro","","","","410","TRÂNSITO - SINALIZAÇÃO","0","","","1","1","Banco do Brasil S.A.","2763","4","0000030006","3","BCO BRASIL - CONTA MOVIMENTO","29/01/2026 00:00:00","DEBITO_CONTA_CORRENTE","CONTA_BANCARIA","94","","479","17044","","","Baixa realizada via Retorno de Arquivo Bancário","SAIDA","390","1407","147474.28","673761.5","87627.75","","3595443.34","5336.11","2243042.88","36576.66","318469.79","556301.83","312487.67","842225.48","","","0","0","AutorizacaoPagamento{exercicioContabil=2026, numero=479, Juridicionado=01 - PREFEITURA MUNICIPAL DE VARGEM GRANDE DO SUL}","","2026","1210","","","1","Tesouro","","","111","REMUNERAÇÃO DE APLICAÇÕES FINANCEIRAS","0","","111.0000","1","1","Banco do Brasil S.A.","2763","4","0000030006","3","BCO BRASIL - CONTA MOVIMENTO","30/01/2026 00:00:00","RENTABILIDADE","1","160","","","Rendimentos","ENTRADA","5336.11"
"2026","1210","","1210","","","","","1","Tesouro","","","","410","TRÂNSITO - SINALIZAÇÃO","0","","","1","1","Banco do Brasil S.A.","2763","4","0000030006","3","BCO BRASIL - CONTA MOVIMENTO","29/01/2026 00:00:00","DEBITO_CONTA_CORRENTE","CONTA_BANCARIA","95","","479","17044","","","Baixa realizada via Retorno de Arquivo Bancário","SAIDA","110","1407","147474.28","673651.5","87627.75","","3595443.34","5336.11","2243042.88","36576.66","318469.79","556301.83","312487.67","842225.48","","","0","0","AutorizacaoPagamento{exercicioContabil=2026, numero=479, Juridicionado=01 - PREFEITURA MUNICIPAL DE VARGEM GRANDE DO SUL}","","2026","1210","","","1","Tesouro","","","111","REMUNERAÇÃO DE APLICAÇÕES FINANCEIRAS","0","","111.0000","1","1","Banco do Brasil S.A.","2763","4","0000030006","3","BCO BRASIL - CONTA MOVIMENTO","30/01/2026 00:00:00","RENTABILIDADE","1","160","","","Rendimentos","ENTRADA","5336.11"
"2026","1210","","1210","","","","","1","Tesouro","","","","410","TRÂNSITO - SINALIZAÇÃO","0","","","1","1","Banco do Brasil S.A.","2763","4","0000030006","3","BCO BRASIL - CONTA MOVIMENTO","29/01/2026 00:00:00","DEBITO_CONTA_CORRENTE","CONTA_BANCARIA","96","","479","17044","","","Baixa realizada via Retorno de Arquivo Bancário","SAIDA","85","1407","147474.28","673566.5","87627.75","","3595443.34","5336.11","2243042.88","36576.66","318469.79","556301.83","312487.67","842225.48","","","0","0","AutorizacaoPagamento{exercicioContabil=2026, numero=479, Juridicionado=01 - PREFEITURA MUNICIPAL DE VARGEM GRANDE DO SUL}","","2026","1210","","","1","Tesouro","","","111","REMUNERAÇÃO DE APLICAÇÕES FINANCEIRAS","0","","111.0000","1","1","Banco do Brasil S.A.","2763","4","0000030006","3","BCO BRASIL - CONTA MOVIMENTO","30/01/2026 00:00:00","RENTABILIDADE","1","160","","","Rendimentos","ENTRADA","5336.11"
"2026","1210","","1210","","","","","1","Tesouro","","","","410","TRÂNSITO - SINALIZAÇÃO","0","","","1","1","Banco do Brasil S.A.","2763","4","0000030006","3","BCO BRASIL - CONTA MOVIMENTO","29/01/2026 00:00:00","DEBITO_CONTA_CORRENTE","CONTA_BANCARIA","97","","479","17044","","","Baixa realizada via Retorno de Arquivo Bancário","SAIDA","4046.57","1407","147474.28","669519.93","87627.75","","3595443.34","5336.11","2243042.88","36576.66","318469.79","556301.83","312487.67","842225.48","","","0","0","AutorizacaoPagamento{exercicioContabil=2026, numero=479, Juridicionado=01 - PREFEITURA MUNICIPAL DE VARGEM GRANDE DO SUL}","","2026","1210","","","1","Tesouro","","","111","REMUNERAÇÃO DE APLICAÇÕES FINANCEIRAS","0","","111.0000","1","1","Banco do Brasil S.A.","2763","4","0000030006","3","BCO BRASIL - CONTA MOVIMENTO","30/01/2026 00:00:00","RENTABILIDADE","1","160","","","Rendimentos","ENTRADA","5336.11"
"2026","1210","","1210","","","","","1","Tesouro","","","","410","TRÂNSITO - SINALIZAÇÃO","0","","","1","1","Banco do Brasil S.A.","2763","4","0000030006","3","BCO BRASIL - CONTA MOVIMENTO","29/01/2026 00:00:00","DEBITO_CONTA_CORRENTE","CONTA_BANCARIA","98","","479","17044","","","Baixa realizada via Retorno de Arquivo Bancário","SAIDA","285.64","1407","147474.28","669234.29","87627.75","","3595443.34","5336.11","2243042.88","36576.66","318469.79","556301.83","312487.67","842225.48","","","0","0","AutorizacaoPagamento{exercicioContabil=2026, numero=479, Juridicionado=01 - PREFEITURA MUNICIPAL DE VARGEM GRANDE DO SUL}","","2026","1210","","","1","Tesouro","","","111","REMUNERAÇÃO DE APLICAÇÕES FINANCEIRAS","0","","111.0000","1","1","Banco do Brasil S.A.","2763","4","0000030006","3","BCO BRASIL - CONTA MOVIMENTO","30/01/2026 00:00:00","RENTABILIDADE","1","160","","","Rendimentos","ENTRADA","5336.11"
"2026","1210","","1210","","","","","1","Tesouro","","","","110","GERAL","0","","","1","1","Banco do Brasil S.A.","2763","4","0000030006","3","BCO BRASIL - CONTA MOVIMENTO","29/01/2026 00:00:00","DEBITO_CONTA_CORRENTE","CONTA_BANCARIA","99","","479","17044","","","Baixa realizada via Retorno de Arquivo Bancário","SAIDA","1460","1407","147474.28","667774.29","87627.75","","3595443.34","5336.11","2243042.88","36576.66","318469.79","556301.83","312487.67","842225.48","","","0","0","AutorizacaoPagamento{exercicioContabil=2026, numero=479, Juridicionado=01 - PREFEITURA MUNICIPAL DE VARGEM GRANDE DO SUL}","","2026","1210","","","1","Tesouro","","","111","REMUNERAÇÃO DE APLICAÇÕES FINANCEIRAS","0","","111.0000","1","1","Banco do Brasil S.A.","2763","4","0000030006","3","BCO BRASIL - CONTA MOVIMENTO","30/01/2026 00:00:00","RENTABILIDADE","1","160","","","Rendimentos","ENTRADA","5336.11"
"2026","1210","","1210","","","","","1","Tesouro","","","","110","GERAL","0","","","1","1","Banco do Brasil S.A.","2763","4","0000030006","3","BCO BRASIL - CONTA MOVIMENTO","29/01/2026 00:00:00","DEBITO_CONTA_CORRENTE","CONTA_BANCARIA","100","","479","17044","","","Baixa realizada via Retorno de Arquivo Bancário","SAIDA","371.49","1407","147474.28","667402.8","87627.75","","3595443.34","5336.11","2243042.88","36576.66","318469.79","556301.83","312487.67","842225.48","","","0","0","AutorizacaoPagamento{exercicioContabil=2026, numero=479, Juridicionado=01 - PREFEITURA MUNICIPAL DE VARGEM GRANDE DO SUL}","","2026","1210","","","1","Tesouro","","","111","REMUNERAÇÃO DE APLICAÇÕES FINANCEIRAS","0","","111.0000","1","1","Banco do Brasil S.A.","2763","4","0000030006","3","BCO BRASIL - CONTA MOVIMENTO","30/01/2026 00:00:00","RENTABILIDADE","1","160","","","Rendimentos","ENTRADA","5336.11"
"2026","1210","","1210","","","","","1","Tesouro","","","","110","GERAL","0","","","1","1","Banco do Brasil S.A.","2763","4","0000030006","3","BCO BRASIL - CONTA MOVIMENTO","29/01/2026 00:00:00","DEBITO_CONTA_CORRENTE","CONTA_BANCARIA","101","","479","17044","","","Baixa realizada via Retorno de Arquivo Bancário","SAIDA","600.06","1407","147474.28","666802.74","87627.75","","3595443.34","5336.11","2243042.88","36576.66","318469.79","556301.83","312487.67","842225.48","","","0","0","AutorizacaoPagamento{exercicioContabil=2026, numero=479, Juridicionado=01 - PREFEITURA MUNICIPAL DE VARGEM GRANDE DO SUL}","","2026","1210","","","1","Tesouro","","","111","REMUNERAÇÃO DE APLICAÇÕES FINANCEIRAS","0","","111.0000","1","1","Banco do Brasil S.A.","2763","4","0000030006","3","BCO BRASIL - CONTA MOVIMENTO","30/01/2026 00:00:00","RENTABILIDADE","1","160","","","Rendimentos","ENTRADA","5336.11"
"2026","1210","","1210","","","","","1","Tesouro","","","","110","GERAL","0","","","1","1","Banco do Brasil S.A.","2763","4","0000030006","3","BCO BRASIL - CONTA MOVIMENTO","29/01/2026 00:00:00","DEBITO_CONTA_CORRENTE","CONTA_BANCARIA","102","","479","17044","","","Baixa realizada via Retorno de Arquivo Bancário","SAIDA","1078.9","1407","147474.28","665723.84","87627.75","","3595443.34","5336.11","2243042.88","36576.66","318469.79","556301.83","312487.67","842225.48","","","0","0","AutorizacaoPagamento{exercicioContabil=2026, numero=479, Juridicionado=01 - PREFEITURA MUNICIPAL DE VARGEM GRANDE DO SUL}","","2026","1210","","","1","Tesouro","","","111","REMUNERAÇÃO DE APLICAÇÕES FINANCEIRAS","0","","111.0000","1","1","Banco do Brasil S.A.","2763","4","0000030006","3","BCO BRASIL - CONTA MOVIMENTO","30/01/2026 00:00:00","RENTABILIDADE","1","160","","","Rendimentos","ENTRADA","5336.11"
"2026","1210","","1210","","","","","1","Tesouro","","","","410","TRÂNSITO - SINALIZAÇÃO","0","","","1","1","Banco do Brasil S.A.","2763","4","0000030006","3","BCO BRASIL - CONTA MOVIMENTO","29/01/2026 00:00:00","DEBITO_CONTA_CORRENTE","CONTA_BANCARIA","103","","479","17044","","","Baixa realizada via Retorno de Arquivo Bancário","SAIDA","430","1407","147474.28","665293.84","87627.75","","3595443.34","5336.11","2243042.88","36576.66","318469.79","556301.83","312487.67","842225.48","","","0","0","AutorizacaoPagamento{exercicioContabil=2026, numero=479, Juridicionado=01 - PREFEITURA MUNICIPAL DE VARGEM GRANDE DO SUL}","","2026","1210","","","1","Tesouro","","","111","REMUNERAÇÃO DE APLICAÇÕES FINANCEIRAS","0","","111.0000","1","1","Banco do Brasil S.A.","2763","4","0000030006","3","BCO BRASIL - CONTA MOVIMENTO","30/01/2026 00:00:00","RENTABILIDADE","1","160","","","Rendimentos","ENTRADA","5336.11"
"2026","1210","","1210","","","","","1","Tesouro","","","","410","TRÂNSITO - SINALIZAÇÃO","0","","","1","1","Banco do Brasil S.A.","2763","4","0000030006","3","BCO BRASIL - CONTA MOVIMENTO","29/01/2026 00:00:00","DEBITO_CONTA_CORRENTE","CONTA_BANCARIA","104","","479","17044","","","Baixa realizada via Retorno de Arquivo Bancário","SAIDA","1669","1407","147474.28","663624.84","87627.75","","3595443.34","5336.11","2243042.88","36576.66","318469.79","556301.83","312487.67","842225.48","","","0","0","AutorizacaoPagamento{exercicioContabil=2026, numero=479, Juridicionado=01 - PREFEITURA MUNICIPAL DE VARGEM GRANDE DO SUL}","","2026","1210","","","1","Tesouro","","","111","REMUNERAÇÃO DE APLICAÇÕES FINANCEIRAS","0","","111.0000","1","1","Banco do Brasil S.A.","2763","4","0000030006","3","BCO BRASIL - CONTA MOVIMENTO","30/01/2026 00:00:00","RENTABILIDADE","1","160","","","Rendimentos","ENTRADA","5336.11"
"2026","1210","","1210","","","","","1","Tesouro","","","","110","GERAL","0","","","1","1","Banco do Brasil S.A.","2763","4","0000030006","3","BCO BRASIL - CONTA MOVIMENTO","29/01/2026 00:00:00","DEBITO_CONTA_CORRENTE","CONTA_BANCARIA","105","","479","17044","","","Baixa realizada via Retorno de Arquivo Bancário","SAIDA","445.06","1407","147474.28","663179.78","87627.75","","3595443.34","5336.11","2243042.88","36576.66","318469.79","556301.83","312487.67","842225.48","","","0","0","AutorizacaoPagamento{exercicioContabil=2026, numero=479, Juridicionado=01 - PREFEITURA MUNICIPAL DE VARGEM GRANDE DO SUL}","","2026","1210","","","1","Tesouro","","","111","REMUNERAÇÃO DE APLICAÇÕES FINANCEIRAS","0","","111.0000","1","1","Banco do Brasil S.A.","2763","4","0000030006","3","BCO BRASIL - CONTA MOVIMENTO","30/01/2026 00:00:00","RENTABILIDADE","1","160","","","Rendimentos","ENTRADA","5336.11"
"2026","1210","","1210","","","","","1","Tesouro","","","","410","TRÂNSITO - SINALIZAÇÃO","0","","","1","1","Banco do Brasil S.A.","2763","4","0000030006","3","BCO BRASIL - CONTA MOVIMENTO","29/01/2026 00:00:00","DEBITO_CONTA_CORRENTE","CONTA_BANCARIA","106","","479","17044","","","Baixa realizada via Retorno de Arquivo Bancário","SAIDA","461","1407","147474.28","662718.78","87627.75","","3595443.34","5336.11","2243042.88","36576.66","318469.79","556301.83","312487.67","842225.48","","","0","0","AutorizacaoPagamento{exercicioContabil=2026, numero=479, Juridicionado=01 - PREFEITURA MUNICIPAL DE VARGEM GRANDE DO SUL}","","2026","1210","","","1","Tesouro","","","111","REMUNERAÇÃO DE APLICAÇÕES FINANCEIRAS","0","","111.0000","1","1","Banco do Brasil S.A.","2763","4","0000030006","3","BCO BRASIL - CONTA MOVIMENTO","30/01/2026 00:00:00","RENTABILIDADE","1","160","","","Rendimentos","ENTRADA","5336.11"
"2026","1210","","1210","","","","","1","Tesouro","","","","110","GERAL","0","","","1","1","Banco do Brasil S.A.","2763","4","0000030006","3","BCO BRASIL - CONTA MOVIMENTO","29/01/2026 00:00:00","DEBITO_CONTA_CORRENTE","CONTA_BANCARIA","107","","479","17044","","","Baixa realizada via Retorno de Arquivo Bancário","SAIDA","770","1407","147474.28","661948.78","87627.75","","3595443.34","5336.11","2243042.88","36576.66","318469.79","556301.83","312487.67","842225.48","","","0","0","AutorizacaoPagamento{exercicioContabil=2026, numero=479, Juridicionado=01 - PREFEITURA MUNICIPAL DE VARGEM GRANDE DO SUL}","","2026","1210","","","1","Tesouro","","","111","REMUNERAÇÃO DE APLICAÇÕES FINANCEIRAS","0","","111.0000","1","1","Banco do Brasil S.A.","2763","4","0000030006","3","BCO BRASIL - CONTA MOVIMENTO","30/01/2026 00:00:00","RENTABILIDADE","1","160","","","Rendimentos","ENTRADA","5336.11"
"2026","1210","","1210","","","","","1","Tesouro","","","","110","GERAL","0","","","1","1","Banco do Brasil S.A.","2763","4","0000030006","3","BCO BRASIL - CONTA MOVIMENTO","29/01/2026 00:00:00","DEBITO_CONTA_CORRENTE","CONTA_BANCARIA","108","","479","17044","","","Baixa realizada via Retorno de Arquivo Bancário","SAIDA","1666.9","1407","147474.28","660281.88","87627.75","","3595443.34","5336.11","2243042.88","36576.66","318469.79","556301.83","312487.67","842225.48","","","0","0","AutorizacaoPagamento{exercicioContabil=2026, numero=479, Juridicionado=01 - PREFEITURA MUNICIPAL DE VARGEM GRANDE DO SUL}","","2026","1210","","","1","Tesouro","","","111","REMUNERAÇÃO DE APLICAÇÕES FINANCEIRAS","0","","111.0000","1","1","Banco do Brasil S.A.","2763","4","0000030006","3","BCO BRASIL - CONTA MOVIMENTO","30/01/2026 00:00:00","RENTABILIDADE","1","160","","","Rendimentos","ENTRADA","5336.11"
"2026","1210","","1210","","","","","1","Tesouro","","","","410","TRÂNSITO - SINALIZAÇÃO","0","","","1","1","Banco do Brasil S.A.","2763","4","0000030006","3","BCO BRASIL - CONTA MOVIMENTO","29/01/2026 00:00:00","DEBITO_CONTA_CORRENTE","CONTA_BANCARIA","109","","","","167","","Transferência Aut. para compensação de Descontos de parcelas: Aut. Pagto.[479/2026].","SAIDA","217.79","1407","147474.28","660064.09","87627.75","","3595443.34","5336.11","2243042.88","36576.66","318469.79","556301.83","312487.67","842225.48","","","0","0","","","2026","1210","","","1","Tesouro","","","111","REMUNERAÇÃO DE APLICAÇÕES FINANCEIRAS","0","","111.0000","1","1","Banco do Brasil S.A.","2763","4","0000030006","3","BCO BRASIL - CONTA MOVIMENTO","30/01/2026 00:00:00","RENTABILIDADE","1","160","","","Rendimentos","ENTRADA","5336.11"
"2026","1210","","1210","","","","","1","Tesouro","","","","110","GERAL","0","","","1","1","Banco do Brasil S.A.","2763","4","0000030006","3","BCO BRASIL - CONTA MOVIMENTO","30/01/2026 00:00:00","DEBITO_CONTA_CORRENTE","CONTA_BANCARIA","1","","","","","682","ANULACAO CONTAB. AUTOMÁTICA - RECEB. DA GUIA ORÇAMENTÁRIA: 425","SAIDA","157.5","1407","147474.28","659906.59","87627.75","","3595443.34","5336.11","2243042.88","36576.66","318469.79","556301.83","312487.67","842225.48","","","0","0","","","2026","1210","","","1","Tesouro","","","111","REMUNERAÇÃO DE APLICAÇÕES FINANCEIRAS","0","","111.0000","1","1","Banco do Brasil S.A.","2763","4","0000030006","3","BCO BRASIL - CONTA MOVIMENTO","30/01/2026 00:00:00","RENTABILIDADE","1","160","","","Rendimentos","ENTRADA","5336.11"
"2026","1210","","1210","","","","","1","Tesouro","","","","110","GERAL","0","","","1","1","Banco do Brasil S.A.","2763","4","0000030006","3","BCO BRASIL - CONTA MOVIMENTO","30/01/2026 00:00:00","DEBITO_CONTA_CORRENTE","CONTA_BANCARIA","1","","","","","682","ANULACAO CONTAB. AUTOMÁTICA - RECEB. DA GUIA ORÇAMENTÁRIA: 425","SAIDA","166.75","1407","147474.28","659739.84","87627.75","","3595443.34","5336.11","2243042.88","36576.66","318469.79","556301.83","312487.67","842225.48","","","0","0","","","2026","1210","","","1","Tesouro","","","111","REMUNERAÇÃO DE APLICAÇÕES FINANCEIRAS","0","","111.0000","1","1","Banco do Brasil S.A.","2763","4","0000030006","3","BCO BRASIL - CONTA MOVIMENTO","30/01/2026 00:00:00","RENTABILIDADE","1","160","","","Rendimentos","ENTRADA","5336.11"
"2026","1210","","1210","","","","","1","Tesouro","","","","110","GERAL","0","","","1","1","Banco do Brasil S.A.","2763","4","0000030006","3","BCO BRASIL - CONTA MOVIMENTO","30/01/2026 00:00:00","DEBITO_CONTA_CORRENTE","CONTA_BANCARIA","1","","","","","682","ANULACAO CONTAB. AUTOMÁTICA - RECEB. DA GUIA ORÇAMENTÁRIA: 425","SAIDA","52.54","1407","147474.28","659687.3","87627.75","","3595443.34","5336.11","2243042.88","36576.66","318469.79","556301.83","312487.67","842225.48","","","0","0","","","2026","1210","","","1","Tesouro","","","111","REMUNERAÇÃO DE APLICAÇÕES FINANCEIRAS","0","","111.0000","1","1","Banco do Brasil S.A.","2763","4","0000030006","3","BCO BRASIL - CONTA MOVIMENTO","30/01/2026 00:00:00","RENTABILIDADE","1","160","","","Rendimentos","ENTRADA","5336.11"
"2026","1210","","1210","","","","","1","Tesouro","","","","110","GERAL","0","","","1","1","Banco do Brasil S.A.","2763","4","0000030006","3","BCO BRASIL - CONTA MOVIMENTO","30/01/2026 00:00:00","DEBITO_CONTA_CORRENTE","CONTA_BANCARIA","1","","","","","682","ANULACAO CONTAB. AUTOMÁTICA - RECEB. DA GUIA ORÇAMENTÁRIA: 425","SAIDA","439.06","1407","147474.28","659248.24","87627.75","","3595443.34","5336.11","2243042.88","36576.66","318469.79","556301.83","312487.67","842225.48","","","0","0","","","2026","1210","","","1","Tesouro","","","111","REMUNERAÇÃO DE APLICAÇÕES FINANCEIRAS","0","","111.0000","1","1","Banco do Brasil S.A.","2763","4","0000030006","3","BCO BRASIL - CONTA MOVIMENTO","30/01/2026 00:00:00","RENTABILIDADE","1","160","","","Rendimentos","ENTRADA","5336.11"
"2026","1210","","1210","","","","","1","Tesouro","","","","110","GERAL","0","","","1","1","Banco do Brasil S.A.","2763","4","0000030006","3","BCO BRASIL - CONTA MOVIMENTO","30/01/2026 00:00:00","CREDITO_CONTA_CORRENTE","CONTA_BANCARIA","1","425","","","","","CONTAB. AUTOMÁTICA - RECEB. DA GUIA ORÇAMENTÁRIA: 425","ENTRADA","2322.62","1407","147474.28","661570.86","87627.75","","3595443.34","5336.11","2243042.88","36576.66","318469.79","556301.83","312487.67","842225.48","","","0","0","","","2026","1210","","","1","Tesouro","","","111","REMUNERAÇÃO DE APLICAÇÕES FINANCEIRAS","0","","111.0000","1","1","Banco do Brasil S.A.","2763","4","0000030006","3","BCO BRASIL - CONTA MOVIMENTO","30/01/2026 00:00:00","RENTABILIDADE","1","160","","","Rendimentos","ENTRADA","5336.11"
"2026","1210","","1210","","","","","1","Tesouro","","","","110","GERAL","0","","","1","1","Banco do Brasil S.A.","2763","4","0000030006","3","BCO BRASIL - CONTA MOVIMENTO","30/01/2026 00:00:00","DEBITO_CONTA_CORRENTE","CONTA_BANCARIA","1","","","","","682","ANULACAO CONTAB. AUTOMÁTICA - RECEB. DA GUIA ORÇAMENTÁRIA: 425","SAIDA","225","1407","147474.28","661345.86","87627.75","","3595443.34","5336.11","2243042.88","36576.66","318469.79","556301.83","312487.67","842225.48","","","0","0","","","2026","1210","","","1","Tesouro","","","111","REMUNERAÇÃO DE APLICAÇÕES FINANCEIRAS","0","","111.0000","1","1","Banco do Brasil S.A.","2763","4","0000030006","3","BCO BRASIL - CONTA MOVIMENTO","30/01/2026 00:00:00","RENTABILIDADE","1","160","","","Rendimentos","ENTRADA","5336.11"
"2026","1210","","1210","","","","","1","Tesouro","","","","110","GERAL","0","","","1","1","Banco do Brasil S.A.","2763","4","0000030006","3","BCO BRASIL - CONTA MOVIMENTO","30/01/2026 00:00:00","DEBITO_CONTA_CORRENTE","CONTA_BANCARIA","1","","","","","682","ANULACAO CONTAB. AUTOMÁTICA - RECEB. DA GUIA ORÇAMENTÁRIA: 425","SAIDA","377.75","1407","147474.28","660968.11","87627.75","","3595443.34","5336.11","2243042.88","36576.66","318469.79","556301.83","312487.67","842225.48","","","0","0","","","2026","1210","","","1","Tesouro","","","111","REMUNERAÇÃO DE APLICAÇÕES FINANCEIRAS","0","","111.0000","1","1","Banco do Brasil S.A.","2763","4","0000030006","3","BCO BRASIL - CONTA MOVIMENTO","30/01/2026 00:00:00","RENTABILIDADE","1","160","","","Rendimentos","ENTRADA","5336.11"
"2026","1210","","1210","","","","","1","Tesouro","","","","110","GERAL","0","","","1","1","Banco do Brasil S.A.","2763","4","0000030006","3","BCO BRASIL - CONTA MOVIMENTO","30/01/2026 00:00:00","DEBITO_CONTA_CORRENTE","CONTA_BANCARIA","1","","535","17119","","","NE 1453/2026","SAIDA","461.04","1407","147474.28","660507.07","87627.75","","3595443.34","5336.11","2243042.88","36576.66","318469.79","556301.83","312487.67","842225.48","","","0","0","AutorizacaoPagamento{exercicioContabil=2026, numero=535, Juridicionado=01 - PREFEITURA MUNICIPAL DE VARGEM GRANDE DO SUL}","","2026","1210","","","1","Tesouro","","","111","REMUNERAÇÃO DE APLICAÇÕES FINANCEIRAS","0","","111.0000","1","1","Banco do Brasil S.A.","2763","4","0000030006","3","BCO BRASIL - CONTA MOVIMENTO","30/01/2026 00:00:00","RENTABILIDADE","1","160","","","Rendimentos","ENTRADA","5336.11"
"2026","1210","","1210","","","","","1","Tesouro","","","","110","GERAL","0","","","1","1","Banco do Brasil S.A.","2763","4","0000030006","3","BCO BRASIL - CONTA MOVIMENTO","30/01/2026 00:00:00","DEBITO_CONTA_CORRENTE","CONTA_BANCARIA","1","","","","","682","ANULACAO CONTAB. AUTOMÁTICA - RECEB. DA GUIA ORÇAMENTÁRIA: 425","SAIDA","469.94","1407","147474.28","660037.13","87627.75","","3595443.34","5336.11","2243042.88","36576.66","318469.79","556301.83","312487.67","842225.48","","","0","0","","","2026","1210","","","1","Tesouro","","","111","REMUNERAÇÃO DE APLICAÇÕES FINANCEIRAS","0","","111.0000","1","1","Banco do Brasil S.A.","2763","4","0000030006","3","BCO BRASIL - CONTA MOVIMENTO","30/01/2026 00:00:00","RENTABILIDADE","1","160","","","Rendimentos","ENTRADA","5336.11"
"2026","1210","","1210","","","","","1","Tesouro","","","","110","GERAL","0","","","1","1","Banco do Brasil S.A.","2763","4","0000030006","3","BCO BRASIL - CONTA MOVIMENTO","30/01/2026 00:00:00","DEBITO_CONTA_CORRENTE","CONTA_BANCARIA","1","","","","","682","ANULACAO CONTAB. AUTOMÁTICA - RECEB. DA GUIA ORÇAMENTÁRIA: 425","SAIDA","71.34","1407","147474.28","659965.79","87627.75","","3595443.34","5336.11","2243042.88","36576.66","318469.79","556301.83","312487.67","842225.48","","","0","0","","","2026","1210","","","1","Tesouro","","","111","REMUNERAÇÃO DE APLICAÇÕES FINANCEIRAS","0","","111.0000","1","1","Banco do Brasil S.A.","2763","4","0000030006","3","BCO BRASIL - CONTA MOVIMENTO","30/01/2026 00:00:00","RENTABILIDADE","1","160","","","Rendimentos","ENTRADA","5336.11"
"2026","1210","","1210","","","","","1","Tesouro","","","","110","GERAL","0","","","1","1","Banco do Brasil S.A.","2763","4","0000030006","3","BCO BRASIL - CONTA MOVIMENTO","30/01/2026 00:00:00","DEBITO_CONTA_CORRENTE","CONTA_BANCARIA","1","","","","","682","ANULACAO CONTAB. AUTOMÁTICA - RECEB. DA GUIA ORÇAMENTÁRIA: 425","SAIDA","185.26","1407","147474.28","659780.53","87627.75","","3595443.34","5336.11","2243042.88","36576.66","318469.79","556301.83","312487.67","842225.48","","","0","0","","","2026","1210","","","1","Tesouro","","","111","REMUNERAÇÃO DE APLICAÇÕES FINANCEIRAS","0","","111.0000","1","1","Banco do Brasil S.A.","2763","4","0000030006","3","BCO BRASIL - CONTA MOVIMENTO","30/01/2026 00:00:00","RENTABILIDADE","1","160","","","Rendimentos","ENTRADA","5336.11"
"2026","1210","","1210","","","","","1","Tesouro","","","","110","GERAL","0","","","1","1","Banco do Brasil S.A.","2763","4","0000030006","3","BCO BRASIL - CONTA MOVIMENTO","30/01/2026 00:00:00","DEBITO_CONTA_CORRENTE","CONTA_BANCARIA","1","","","","","682","ANULACAO CONTAB. AUTOMÁTICA - RECEB. DA GUIA ORÇAMENTÁRIA: 425","SAIDA","162","1407","147474.28","659618.53","87627.75","","3595443.34","5336.11","2243042.88","36576.66","318469.79","556301.83","312487.67","842225.48","","","0","0","","","2026","1210","","","1","Tesouro","","","111","REMUNERAÇÃO DE APLICAÇÕES FINANCEIRAS","0","","111.0000","1","1","Banco do Brasil S.A.","2763","4","0000030006","3","BCO BRASIL - CONTA MOVIMENTO","30/01/2026 00:00:00","RENTABILIDADE","1","160","","","Rendimentos","ENTRADA","5336.11"
"2026","1210","","1210","","","","","1","Tesouro","","","","110","GERAL","0","","","1","1","Banco do Brasil S.A.","2763","4","0000030006","3","BCO BRASIL - CONTA MOVIMENTO","30/01/2026 00:00:00","DEBITO_CONTA_CORRENTE","CONTA_BANCARIA","1","","","","","682","ANULACAO CONTAB. AUTOMÁTICA - RECEB. DA GUIA ORÇAMENTÁRIA: 425","SAIDA","15.48","1407","147474.28","659603.05","87627.75","","3595443.34","5336.11","2243042.88","36576.66","318469.79","556301.83","312487.67","842225.48","","","0","0","","","2026","1210","","","1","Tesouro","","","111","REMUNERAÇÃO DE APLICAÇÕES FINANCEIRAS","0","","111.0000","1","1","Banco do Brasil S.A.","2763","4","0000030006","3","BCO BRASIL - CONTA MOVIMENTO","30/01/2026 00:00:00","RENTABILIDADE","1","160","","","Rendimentos","ENTRADA","5336.11"
"2026","1210","","1210","","","","","1","Tesouro","","","","110","GERAL","0","","","1","1","Banco do Brasil S.A.","2763","4","0000030006","3","BCO BRASIL - CONTA MOVIMENTO","30/01/2026 00:00:00","CREDITO_CONTA_CORRENTE","CONTA_BANCARIA","1","140","","","","","LANÇAMENTO DE RECEITA","ENTRADA","1381.25","1407","147474.28","660984.3","87627.75","","3595443.34","5336.11","2243042.88","36576.66","318469.79","556301.83","312487.67","842225.48","","","0","0","","","2026","1210","","","1","Tesouro","","","111","REMUNERAÇÃO DE APLICAÇÕES FINANCEIRAS","0","","111.0000","1","1","Banco do Brasil S.A.","2763","4","0000030006","3","BCO BRASIL - CONTA MOVIMENTO","30/01/2026 00:00:00","RENTABILIDADE","1","160","","","Rendimentos","ENTRADA","5336.11"
"2026","1210","","1210","","","","","19","RECURSOS EXTRAÓRÇAMENTÁRIOS","","","","190","MOVIMENTAÇÕES EXTRAORÇAMENTÁRIAS GERAL","0","","","1","1","Banco do Brasil S.A.","2763","4","0000030006","3","BCO BRASIL - CONTA MOVIMENTO","30/01/2026 00:00:00","CREDITO_CONTA_CORRENTE","CONTA_BANCARIA","2","55","","","","","CONTAB. AUTOMÁTICA - RECEB. DA GUIA EXTRA-ORÇAMENTÁRIA: 55","ENTRADA","69.18","1407","147474.28","661053.48","87627.75","","3595443.34","5336.11","2243042.88","36576.66","318469.79","556301.83","312487.67","842225.48","","","0","0","","","2026","1210","","","1","Tesouro","","","111","REMUNERAÇÃO DE APLICAÇÕES FINANCEIRAS","0","","111.0000","1","1","Banco do Brasil S.A.","2763","4","0000030006","3","BCO BRASIL - CONTA MOVIMENTO","30/01/2026 00:00:00","RENTABILIDADE","1","160","","","Rendimentos","ENTRADA","5336.11"
"2026","1210","","1210","","","","","1","Tesouro","","","","110","GERAL","0","","","1","1","Banco do Brasil S.A.","2763","4","0000030006","3","BCO BRASIL - CONTA MOVIMENTO","30/01/2026 00:00:00","DEBITO_CONTA_CORRENTE","CONTA_BANCARIA","2","","537","17121","","","NE 1390/2026","SAIDA","2706","1407","147474.28","658347.48","87627.75","","3595443.34","5336.11","2243042.88","36576.66","318469.79","556301.83","312487.67","842225.48","","","0","0","AutorizacaoPagamento{exercicioContabil=2026, numero=537, Juridicionado=01 - PREFEITURA MUNICIPAL DE VARGEM GRANDE DO SUL}","","2026","1210","","","1","Tesouro","","","111","REMUNERAÇÃO DE APLICAÇÕES FINANCEIRAS","0","","111.0000","1","1","Banco do Brasil S.A.","2763","4","0000030006","3","BCO BRASIL - CONTA MOVIMENTO","30/01/2026 00:00:00","RENTABILIDADE","1","160","","","Rendimentos","ENTRADA","5336.11"
"2026","1210","","1210","","","","","1","Tesouro","","","","110","GERAL","0","","","1","1","Banco do Brasil S.A.","2763","4","0000030006","3","BCO BRASIL - CONTA MOVIMENTO","30/01/2026 00:00:00","CREDITO_CONTA_CORRENTE","CONTA_BANCARIA","2","142","","","","","Valor referente a retenção de ISSQN do SAE","ENTRADA","36.8","1407","147474.28","658384.28","87627.75","","3595443.34","5336.11","2243042.88","36576.66","318469.79","556301.83","312487.67","842225.48","","","0","0","","","2026","1210","","","1","Tesouro","","","111","REMUNERAÇÃO DE APLICAÇÕES FINANCEIRAS","0","","111.0000","1","1","Banco do Brasil S.A.","2763","4","0000030006","3","BCO BRASIL - CONTA MOVIMENTO","30/01/2026 00:00:00","RENTABILIDADE","1","160","","","Rendimentos","ENTRADA","5336.11"
"2026","1210","","1210","","","","","19","RECURSOS EXTRAÓRÇAMENTÁRIOS","","","","190","MOVIMENTAÇÕES EXTRAORÇAMENTÁRIAS GERAL","0","","","1","1","Banco do Brasil S.A.","2763","4","0000030006","3","BCO BRASIL - CONTA MOVIMENTO","30/01/2026 00:00:00","DEBITO_CONTA_CORRENTE","CONTA_BANCARIA","2","","","","","","ANULACAO CONTAB. AUTOMÁTICA - RECEB. DA GUIA EXTRA-ORÇAMENTÁRIA: 55","SAIDA","69.18","1407","147474.28","658315.1","87627.75","","3595443.34","5336.11","2243042.88","36576.66","318469.79","556301.83","312487.67","842225.48","","","0","0","","","2026","1210","","","1","Tesouro","","","111","REMUNERAÇÃO DE APLICAÇÕES FINANCEIRAS","0","","111.0000","1","1","Banco do Brasil S.A.","2763","4","0000030006","3","BCO BRASIL - CONTA MOVIMENTO","30/01/2026 00:00:00","RENTABILIDADE","1","160","","","Rendimentos","ENTRADA","5336.11"
"2026","1210","","1210","","","","","1","Tesouro","","","","110","GERAL","0","","","1","1","Banco do Brasil S.A.","2763","4","0000030006","3","BCO BRASIL - CONTA MOVIMENTO","30/01/2026 00:00:00","CREDITO_CONTA_CORRENTE","CONTA_BANCARIA","3","429","","","","","CONTAB. AUTOMÁTICA - RECEB. DA GUIA ORÇAMENTÁRIA: 429","ENTRADA","10865.19","1407","147474.28","669180.29","87627.75","","3595443.34","5336.11","2243042.88","36576.66","318469.79","556301.83","312487.67","842225.48","","","0","0","","","2026","1210","","","1","Tesouro","","","111","REMUNERAÇÃO DE APLICAÇÕES FINANCEIRAS","0","","111.0000","1","1","Banco do Brasil S.A.","2763","4","0000030006","3","BCO BRASIL - CONTA MOVIMENTO","30/01/2026 00:00:00","RENTABILIDADE","1","160","","","Rendimentos","ENTRADA","5336.11"
"2026","1210","","1210","","","","","1","Tesouro","","","","110","GERAL","0","","","1","1","Banco do Brasil S.A.","2763","4","0000030006","3","BCO BRASIL - CONTA MOVIMENTO","30/01/2026 00:00:00","DEBITO_CONTA_CORRENTE","CONTA_BANCARIA","3","","539","17123","","","NE 1401/2026","SAIDA","8712.12","1407","147474.28","660468.17","87627.75","","3595443.34","5336.11","2243042.88","36576.66","318469.79","556301.83","312487.67","842225.48","","","0","0","AutorizacaoPagamento{exercicioContabil=2026, numero=539, Juridicionado=01 - PREFEITURA MUNICIPAL DE VARGEM GRANDE DO SUL}","","2026","1210","","","1","Tesouro","","","111","REMUNERAÇÃO DE APLICAÇÕES FINANCEIRAS","0","","111.0000","1","1","Banco do Brasil S.A.","2763","4","0000030006","3","BCO BRASIL - CONTA MOVIMENTO","30/01/2026 00:00:00","RENTABILIDADE","1","160","","","Rendimentos","ENTRADA","5336.11"
"2026","1210","","1210","","","","","1","Tesouro","","","","110","GERAL","0","","","1","1","Banco do Brasil S.A.","2763","4","0000030006","3","BCO BRASIL - CONTA MOVIMENTO","30/01/2026 00:00:00","DEBITO_CONTA_CORRENTE","CONTA_BANCARIA","3","","","","","683","ANULACAO CONTAB. AUTOMÁTICA - RECEB. DA GUIA ORÇAMENTÁRIA: 429","SAIDA","544.77","1407","147474.28","659923.4","87627.75","","3595443.34","5336.11","2243042.88","36576.66","318469.79","556301.83","312487.67","842225.48","","","0","0","","","2026","1210","","","1","Tesouro","","","111","REMUNERAÇÃO DE APLICAÇÕES FINANCEIRAS","0","","111.0000","1","1","Banco do Brasil S.A.","2763","4","0000030006","3","BCO BRASIL - CONTA MOVIMENTO","30/01/2026 00:00:00","RENTABILIDADE","1","160","","","Rendimentos","ENTRADA","5336.11"
"2026","1210","","1210","","","","","1","Tesouro","","","","110","GERAL","0","","","1","1","Banco do Brasil S.A.","2763","4","0000030006","3","BCO BRASIL - CONTA MOVIMENTO","30/01/2026 00:00:00","DEBITO_CONTA_CORRENTE","CONTA_BANCARIA","3","","","","","683","ANULACAO CONTAB. AUTOMÁTICA - RECEB. DA GUIA ORÇAMENTÁRIA: 429","SAIDA","643.75","1407","147474.28","659279.65","87627.75","","3595443.34","5336.11","2243042.88","36576.66","318469.79","556301.83","312487.67","842225.48","","","0","0","","","2026","1210","","","1","Tesouro","","","111","REMUNERAÇÃO DE APLICAÇÕES FINANCEIRAS","0","","111.0000","1","1","Banco do Brasil S.A.","2763","4","0000030006","3","BCO BRASIL - CONTA MOVIMENTO","30/01/2026 00:00:00","RENTABILIDADE","1","160","","","Rendimentos","ENTRADA","5336.11"
"2026","1210","","1210","","","","","1","Tesouro","","","","110","GERAL","0","","","1","1","Banco do Brasil S.A.","2763","4","0000030006","3","BCO BRASIL - CONTA MOVIMENTO","30/01/2026 00:00:00","DEBITO_CONTA_CORRENTE","CONTA_BANCARIA","3","","","","","683","ANULACAO CONTAB. AUTOMÁTICA - RECEB. DA GUIA ORÇAMENTÁRIA: 429","SAIDA","4475","1407","147474.28","654804.65","87627.75","","3595443.34","5336.11","2243042.88","36576.66","318469.79","556301.83","312487.67","842225.48","","","0","0","","","2026","1210","","","1","Tesouro","","","111","REMUNERAÇÃO DE APLICAÇÕES FINANCEIRAS","0","","111.0000","1","1","Banco do Brasil S.A.","2763","4","0000030006","3","BCO BRASIL - CONTA MOVIMENTO","30/01/2026 00:00:00","RENTABILIDADE","1","160","","","Rendimentos","ENTRADA","5336.11"
"2026","1210","","1210","","","","","1","Tesouro","","","","110","GERAL","0","","","1","1","Banco do Brasil S.A.","2763","4","0000030006","3","BCO BRASIL - CONTA MOVIMENTO","30/01/2026 00:00:00","DEBITO_CONTA_CORRENTE","CONTA_BANCARIA","3","","","","","683","ANULACAO CONTAB. AUTOMÁTICA - RECEB. DA GUIA ORÇAMENTÁRIA: 429","SAIDA","5201.67","1407","147474.28","649602.98","87627.75","","3595443.34","5336.11","2243042.88","36576.66","318469.79","556301.83","312487.67","842225.48","","","0","0","","","2026","1210","","","1","Tesouro","","","111","REMUNERAÇÃO DE APLICAÇÕES FINANCEIRAS","0","","111.0000","1","1","Banco do Brasil S.A.","2763","4","0000030006","3","BCO BRASIL - CONTA MOVIMENTO","30/01/2026 00:00:00","RENTABILIDADE","1","160","","","Rendimentos","ENTRADA","5336.11"
"2026","1210","","1210","","","","","19","RECURSOS EXTRAÓRÇAMENTÁRIOS","","","","190","MOVIMENTAÇÕES EXTRAORÇAMENTÁRIAS GERAL","0","","","1","1","Banco do Brasil S.A.","2763","4","0000030006","3","BCO BRASIL - CONTA MOVIMENTO","30/01/2026 00:00:00","CREDITO_CONTA_CORRENTE","CONTA_BANCARIA","4","57","","","","","CONTAB. AUTOMÁTICA - RECEB. DA GUIA EXTRA-ORÇAMENTÁRIA: 57","ENTRADA","1365.43","1407","147474.28","650968.41","87627.75","","3595443.34","5336.11","2243042.88","36576.66","318469.79","556301.83","312487.67","842225.48","","","0","0","","","2026","1210","","","1","Tesouro","","","111","REMUNERAÇÃO DE APLICAÇÕES FINANCEIRAS","0","","111.0000","1","1","Banco do Brasil S.A.","2763","4","0000030006","3","BCO BRASIL - CONTA MOVIMENTO","30/01/2026 00:00:00","RENTABILIDADE","1","160","","","Rendimentos","ENTRADA","5336.11"
"2026","1210","","1210","","","","","19","RECURSOS EXTRAÓRÇAMENTÁRIOS","","","","190","MOVIMENTAÇÕES EXTRAORÇAMENTÁRIAS GERAL","0","","","1","1","Banco do Brasil S.A.","2763","4","0000030006","3","BCO BRASIL - CONTA MOVIMENTO","30/01/2026 00:00:00","DEBITO_CONTA_CORRENTE","CONTA_BANCARIA","4","","540","17126","","","DE 19/2026","SAIDA","316.8","1407","147474.28","650651.61","87627.75","","3595443.34","5336.11","2243042.88","36576.66","318469.79","556301.83","312487.67","842225.48","","","0","0","AutorizacaoPagamento{exercicioContabil=2026, numero=540, Juridicionado=01 - PREFEITURA MUNICIPAL DE VARGEM GRANDE DO SUL}","","2026","1210","","","1","Tesouro","","","111","REMUNERAÇÃO DE APLICAÇÕES FINANCEIRAS","0","","111.0000","1","1","Banco do Brasil S.A.","2763","4","0000030006","3","BCO BRASIL - CONTA MOVIMENTO","30/01/2026 00:00:00","RENTABILIDADE","1","160","","","Rendimentos","ENTRADA","5336.11"
"2026","1210","","1210","","","","","19","RECURSOS EXTRAÓRÇAMENTÁRIOS","","","","190","MOVIMENTAÇÕES EXTRAORÇAMENTÁRIAS GERAL","0","","","1","1","Banco do Brasil S.A.","2763","4","0000030006","3","BCO BRASIL - CONTA MOVIMENTO","30/01/2026 00:00:00","DEBITO_CONTA_CORRENTE","CONTA_BANCARIA","4","","","","","","ANULACAO CONTAB. AUTOMÁTICA - RECEB. DA GUIA EXTRA-ORÇAMENTÁRIA: 57","SAIDA","1365.43","1407","147474.28","649286.18","87627.75","","3595443.34","5336.11","2243042.88","36576.66","318469.79","556301.83","312487.67","842225.48","","","0","0","","","2026","1210","","","1","Tesouro","","","111","REMUNERAÇÃO DE APLICAÇÕES FINANCEIRAS","0","","111.0000","1","1","Banco do Brasil S.A.","2763","4","0000030006","3","BCO BRASIL - CONTA MOVIMENTO","30/01/2026 00:00:00","RENTABILIDADE","1","160","","","Rendimentos","ENTRADA","5336.11"
"2026","1210","","1210","","","","","1","Tesouro","","","","110","GERAL","0","","","1","1","Banco do Brasil S.A.","2763","4","0000030006","3","BCO BRASIL - CONTA MOVIMENTO","30/01/2026 00:00:00","DEBITO_CONTA_CORRENTE","CONTA_BANCARIA","5","","567","17155","","","NE 1464/2026","SAIDA","28.74","1407","147474.28","649257.44","87627.75","","3595443.34","5336.11","2243042.88","36576.66","318469.79","556301.83","312487.67","842225.48","","","0","0","AutorizacaoPagamento{exercicioContabil=2026, numero=567, Juridicionado=01 - PREFEITURA MUNICIPAL DE VARGEM GRANDE DO SUL}","","2026","1210","","","1","Tesouro","","","111","REMUNERAÇÃO DE APLICAÇÕES FINANCEIRAS","0","","111.0000","1","1","Banco do Brasil S.A.","2763","4","0000030006","3","BCO BRASIL - CONTA MOVIMENTO","30/01/2026 00:00:00","RENTABILIDADE","1","160","","","Rendimentos","ENTRADA","5336.11"
"2026","1210","","1210","","","","","1","Tesouro","","","","110","GERAL","0","","","1","1","Banco do Brasil S.A.","2763","4","0000030006","3","BCO BRASIL - CONTA MOVIMENTO","30/01/2026 00:00:00","CREDITO_CONTA_CORRENTE","CONTA_BANCARIA","5","430","","","","","LANÇAMENTO DE RECEITA","ENTRADA","1423.67","1407","147474.28","650681.11","87627.75","","3595443.34","5336.11","2243042.88","36576.66","318469.79","556301.83","312487.67","842225.48","","","0","0","","","2026","1210","","","1","Tesouro","","","111","REMUNERAÇÃO DE APLICAÇÕES FINANCEIRAS","0","","111.0000","1","1","Banco do Brasil S.A.","2763","4","0000030006","3","BCO BRASIL - CONTA MOVIMENTO","30/01/2026 00:00:00","RENTABILIDADE","1","160","","","Rendimentos","ENTRADA","5336.11"
"2026","1210","","1210","","","","","1","Tesouro","","","","110","GERAL","0","","","1","1","Banco do Brasil S.A.","2763","4","0000030006","3","BCO BRASIL - CONTA MOVIMENTO","30/01/2026 00:00:00","CREDITO_CONTA_CORRENTE","CONTA_BANCARIA","5","830","","","","","CONTAB. AUTOMÁTICA - RECEB. DA GUIA ORÇAMENTÁRIA: 830","ENTRADA","2322.62","1407","147474.28","653003.73","87627.75","","3595443.34","5336.11","2243042.88","36576.66","318469.79","556301.83","312487.67","842225.48","","","0","0","","","2026","1210","","","1","Tesouro","","","111","REMUNERAÇÃO DE APLICAÇÕES FINANCEIRAS","0","","111.0000","1","1","Banco do Brasil S.A.","2763","4","0000030006","3","BCO BRASIL - CONTA MOVIMENTO","30/01/2026 00:00:00","RENTABILIDADE","1","160","","","Rendimentos","ENTRADA","5336.11"
"2026","1210","","1210","","","","","1","Tesouro","","","","110","GERAL","0","","","1","1","Banco do Brasil S.A.","2763","4","0000030006","3","BCO BRASIL - CONTA MOVIMENTO","30/01/2026 00:00:00","DEBITO_CONTA_CORRENTE","CONTA_BANCARIA","6","","758","17393","","","Tarifas bancárias Janeiro/2026","SAIDA","3207.82","1407","147474.28","649795.91","87627.75","","3595443.34","5336.11","2243042.88","36576.66","318469.79","556301.83","312487.67","842225.48","","","0","0","AutorizacaoPagamento{exercicioContabil=2026, numero=758, Juridicionado=01 - PREFEITURA MUNICIPAL DE VARGEM GRANDE DO SUL}","","2026","1210","","","1","Tesouro","","","111","REMUNERAÇÃO DE APLICAÇÕES FINANCEIRAS","0","","111.0000","1","1","Banco do Brasil S.A.","2763","4","0000030006","3","BCO BRASIL - CONTA MOVIMENTO","30/01/2026 00:00:00","RENTABILIDADE","1","160","","","Rendimentos","ENTRADA","5336.11"
"2026","1210","","1210","","","","","19","RECURSOS EXTRAÓRÇAMENTÁRIOS","","","","190","MOVIMENTAÇÕES EXTRAORÇAMENTÁRIAS GERAL","0","","","1","1","Banco do Brasil S.A.","2763","4","0000030006","3","BCO BRASIL - CONTA MOVIMENTO","30/01/2026 00:00:00","CREDITO_CONTA_CORRENTE","CONTA_BANCARIA","6","149","","","","","CONTAB. AUTOMÁTICA - RECEB. DA GUIA EXTRA-ORÇAMENTÁRIA: 149","ENTRADA","69.18","1407","147474.28","649865.09","87627.75","","3595443.34","5336.11","2243042.88","36576.66","318469.79","556301.83","312487.67","842225.48","","","0","0","","","2026","1210","","","1","Tesouro","","","111","REMUNERAÇÃO DE APLICAÇÕES FINANCEIRAS","0","","111.0000","1","1","Banco do Brasil S.A.","2763","4","0000030006","3","BCO BRASIL - CONTA MOVIMENTO","30/01/2026 00:00:00","RENTABILIDADE","1","160","","","Rendimentos","ENTRADA","5336.11"
"2026","1210","","1210","","","","","1","Tesouro","","","","410","TRÂNSITO - SINALIZAÇÃO","0","","","1","1","Banco do Brasil S.A.","2763","4","0000030006","3","BCO BRASIL - CONTA MOVIMENTO","30/01/2026 00:00:00","DEBITO_CONTA_CORRENTE","CONTA_BANCARIA","7","","874","17542","","","P J Campos Perina","SAIDA","52.69","1407","147474.28","649812.4","87627.75","","3595443.34","5336.11","2243042.88","36576.66","318469.79","556301.83","312487.67","842225.48","","","0","0","AutorizacaoPagamento{exercicioContabil=2026, numero=874, Juridicionado=01 - PREFEITURA MUNICIPAL DE VARGEM GRANDE DO SUL}","","2026","1210","","","1","Tesouro","","","111","REMUNERAÇÃO DE APLICAÇÕES FINANCEIRAS","0","","111.0000","1","1","Banco do Brasil S.A.","2763","4","0000030006","3","BCO BRASIL - CONTA MOVIMENTO","30/01/2026 00:00:00","RENTABILIDADE","1","160","","","Rendimentos","ENTRADA","5336.11"
"2026","1210","","1210","","","","","1","Tesouro","","","","110","GERAL","0","","","1","1","Banco do Brasil S.A.","2763","4","0000030006","3","BCO BRASIL - CONTA MOVIMENTO","30/01/2026 00:00:00","CREDITO_CONTA_CORRENTE","CONTA_BANCARIA","7","831","","","","","CONTAB. AUTOMÁTICA - RECEB. DA GUIA ORÇAMENTÁRIA: 831","ENTRADA","10865.19","1407","147474.28","660677.59","87627.75","","3595443.34","5336.11","2243042.88","36576.66","318469.79","556301.83","312487.67","842225.48","","","0","0","","","2026","1210","","","1","Tesouro","","","111","REMUNERAÇÃO DE APLICAÇÕES FINANCEIRAS","0","","111.0000","1","1","Banco do Brasil S.A.","2763","4","0000030006","3","BCO BRASIL - CONTA MOVIMENTO","30/01/2026 00:00:00","RENTABILIDADE","1","160","","","Rendimentos","ENTRADA","5336.11"
"2026","1210","","1210","","","","","19","RECURSOS EXTRAÓRÇAMENTÁRIOS","","","","190","MOVIMENTAÇÕES EXTRAORÇAMENTÁRIAS GERAL","0","","","1","1","Banco do Brasil S.A.","2763","4","0000030006","3","BCO BRASIL - CONTA MOVIMENTO","30/01/2026 00:00:00","CREDITO_CONTA_CORRENTE","CONTA_BANCARIA","8","150","","","","","CONTAB. AUTOMÁTICA - RECEB. DA GUIA EXTRA-ORÇAMENTÁRIA: 150","ENTRADA","1365.43","1407","147474.28","662043.02","87627.75","","3595443.34","5336.11","2243042.88","36576.66","318469.79","556301.83","312487.67","842225.48","","","0","0","","","2026","1210","","","1","Tesouro","","","111","REMUNERAÇÃO DE APLICAÇÕES FINANCEIRAS","0","","111.0000","1","1","Banco do Brasil S.A.","2763","4","0000030006","3","BCO BRASIL - CONTA MOVIMENTO","30/01/2026 00:00:00","RENTABILIDADE","1","160","","","Rendimentos","ENTRADA","5336.11"
"2026","1210","","1210","","","","","1","Tesouro","","","","110","GERAL","0","","","1","1","Banco do Brasil S.A.","2763","4","0000030006","3","BCO BRASIL - CONTA MOVIMENTO","30/01/2026 00:00:00","DEBITO_CONTA_CORRENTE","CONTA_BANCARIA","8","","874","17542","","","P J Campos Perina","SAIDA","76.48","1407","147474.28","661966.54","87627.75","","3595443.34","5336.11","2243042.88","36576.66","318469.79","556301.83","312487.67","842225.48","","","0","0","AutorizacaoPagamento{exercicioContabil=2026, numero=874, Juridicionado=01 - PREFEITURA MUNICIPAL DE VARGEM GRANDE DO SUL}","","2026","1210","","","1","Tesouro","","","111","REMUNERAÇÃO DE APLICAÇÕES FINANCEIRAS","0","","111.0000","1","1","Banco do Brasil S.A.","2763","4","0000030006","3","BCO BRASIL - CONTA MOVIMENTO","30/01/2026 00:00:00","RENTABILIDADE","1","160","","","Rendimentos","ENTRADA","5336.11"
"2026","1210","","1210","","","","","1","Tesouro","","","","510","ASSISTÊNCIA SOCIAL - GERAL","0","","","1","1","Banco do Brasil S.A.","2763","4","0000030006","3","BCO BRASIL - CONTA MOVIMENTO","30/01/2026 00:00:00","DEBITO_CONTA_CORRENTE","CONTA_BANCARIA","9","","874","17542","","","P J Campos Perina","SAIDA","38.24","1407","147474.28","661928.3","87627.75","","3595443.34","5336.11","2243042.88","36576.66","318469.79","556301.83","312487.67","842225.48","","","0","0","AutorizacaoPagamento{exercicioContabil=2026, numero=874, Juridicionado=01 - PREFEITURA MUNICIPAL DE VARGEM GRANDE DO SUL}","","2026","1210","","","1","Tesouro","","","111","REMUNERAÇÃO DE APLICAÇÕES FINANCEIRAS","0","","111.0000","1","1","Banco do Brasil S.A.","2763","4","0000030006","3","BCO BRASIL - CONTA MOVIMENTO","30/01/2026 00:00:00","RENTABILIDADE","1","160","","","Rendimentos","ENTRADA","5336.11"
"2026","1210","","1210","","","","","1","Tesouro","","","","110","GERAL","0","","","1","1","Banco do Brasil S.A.","2763","4","0000030006","3","BCO BRASIL - CONTA MOVIMENTO","30/01/2026 00:00:00","DEBITO_CONTA_CORRENTE","CONTA_BANCARIA","10","","1237","18084","","","NE 2881, 2905, 2910, 2906, 2911, 2907, 2912, 2908","SAIDA","248.52","1407","147474.28","661679.78","87627.75","","3595443.34","5336.11","2243042.88","36576.66","318469.79","556301.83","312487.67","842225.48","","","0","0","AutorizacaoPagamento{exercicioContabil=2026, numero=1237, Juridicionado=01 - PREFEITURA MUNICIPAL DE VARGEM GRANDE DO SUL}","","2026","1210","","","1","Tesouro","","","111","REMUNERAÇÃO DE APLICAÇÕES FINANCEIRAS","0","","111.0000","1","1","Banco do Brasil S.A.","2763","4","0000030006","3","BCO BRASIL - CONTA MOVIMENTO","30/01/2026 00:00:00","RENTABILIDADE","1","160","","","Rendimentos","ENTRADA","5336.11"
