"ano","ficha","contaUnicaTesouro","codigoCTB","codigoOrgao","codigoMunicipio","codigoGrupoFonteRecurso","nomeGrupoFonteRecurso","codigoFonteRecurso","nomeFonteRecurso","codigoSubFonteRecurso","nomeSubFonteRecurso","codigoFonteRecursoFormatado","caFixo","nomeCaFixo","caVariavel","nomeVariavel","codigoAplicacaoFormatado","idEntidade","codigoBanco","nomeBanco","codigoAgencia","digitoAgencia","codigoContaBancaria","digitoContaBancaria","nomeContaBancaria","data","natureza","naturezaContaFinanceira","sequencial","numeroReceita","numeroAutPagto","idAutorizacao","numeroTransFin","numAnulacaoReceita","historico","tipoMovimento","valor","idContaFinanceira","saldoInicial","saldoParcial","saldoAplicadoAnterior","saldoAplicadoPeriodo","valorEntradasReceita","valorRentabilidade","valorSaidaPagamento","valorEntradaTransferencia","valorSaidaTransferencia","valorSaidaReceitaDedutora","valorCreditoRegularizar","valorDebitoRegularizar","valorAplicado","valorResgate","valorRentabilidadeAnulado","valorChequeTransito","autorizacaoPagamento","parcelasAutPagamento"
"2026","1210","","1210","","","","","1","Tesouro","","","","110","GERAL","0","","","1","1","Banco do Brasil S.A.","2763","4","0000030006","3","BCO BRASIL - CONTA MOVIMENTO","02/03/2026 00:00:00","DEBITO_CONTA_CORRENTE","CONTA_BANCARIA","1","","1140","17910","","","NE 1977/2026","SAIDA","798.26","1407","157537.61","156739.35","96419.89","","2078293.76","0","1388466.06","1574348.41","3388106.52","410923.62","312487.67","842225.48","","","0","0","AutorizacaoPagamento{exercicioContabil=2026, numero=1140, Juridicionado=01 - PREFEITURA MUNICIPAL DE VARGEM GRANDE DO SUL}",""
"2026","1210","","1210","","","","","1","Tesouro","","","","110","GERAL","0","","","1","1","Banco do Brasil S.A.","2763","4","0000030006","3","BCO BRASIL - CONTA MOVIMENTO","02/03/2026 00:00:00","DEBITO_CONTA_CORRENTE","CONTA_BANCARIA","2","","1141","17911","","","NE 2596, 2597, 2598, 2600","SAIDA","2300","1407","157537.61","154439.35","96419.89","","2078293.76","0","1388466.06","1574348.41","3388106.52","410923.62","312487.67","842225.48","","","0","0","AutorizacaoPagamento{exercicioContabil=2026, numero=1141, Juridicionado=01 - PREFEITURA MUNICIPAL DE VARGEM GRANDE DO SUL}",""
"2026","1210","","1210","","","","","1","Tesouro","","","","110","GERAL","0","","","1","1","Banco do Brasil S.A.","2763","4","0000030006","3","BCO BRASIL - CONTA MOVIMENTO","02/03/2026 00:00:00","CREDITO_CONTA_CORRENTE","CONTA_BANCARIA","2","","","","427","","Transf ref IR Serv Federal de Proc de Dados (NF 853328)","ENTRADA","8.24","1407","157537.61","154447.59","96419.89","","2078293.76","0","1388466.06","1574348.41","3388106.52","410923.62","312487.67","842225.48","","","0","0","",""
"2026","1210","","1210","","","","","1","Tesouro","","","","510","ASSISTÊNCIA SOCIAL - GERAL","0","","","1","1","Banco do Brasil S.A.","2763","4","0000030006","3","BCO BRASIL - CONTA MOVIMENTO","02/03/2026 00:00:00","DEBITO_CONTA_CORRENTE","CONTA_BANCARIA","3","","1142","17912","","","Ticket Soluções HDFGT S/A","SAIDA","2053.04","1407","157537.61","152394.55","96419.89","","2078293.76","0","1388466.06","1574348.41","3388106.52","410923.62","312487.67","842225.48","","","0","0","AutorizacaoPagamento{exercicioContabil=2026, numero=1142, Juridicionado=01 - PREFEITURA MUNICIPAL DE VARGEM GRANDE DO SUL}",""
"2026","1210","","1210","","","","","1","Tesouro","","","","110","GERAL","0","","","1","1","Banco do Brasil S.A.","2763","4","0000030006","3","BCO BRASIL - CONTA MOVIMENTO","02/03/2026 00:00:00","CREDITO_CONTA_CORRENTE","CONTA_BANCARIA","3","","","","429","","Transf ref IR Serv Federal de Proc de Dados (NF 852915)","ENTRADA","119.84","1407","157537.61","152514.39","96419.89","","2078293.76","0","1388466.06","1574348.41","3388106.52","410923.62","312487.67","842225.48","","","0","0","",""
"2026","1210","","1210","","","","","1","Tesouro","","","","110","GERAL","0","","","1","1","Banco do Brasil S.A.","2763","4","0000030006","3","BCO BRASIL - CONTA MOVIMENTO","02/03/2026 00:00:00","DEBITO_CONTA_CORRENTE","CONTA_BANCARIA","4","","1142","17912","","","Ticket Soluções HDFGT S/A","SAIDA","41847.23","1407","157537.61","110667.16","96419.89","","2078293.76","0","1388466.06","1574348.41","3388106.52","410923.62","312487.67","842225.48","","","0","0","AutorizacaoPagamento{exercicioContabil=2026, numero=1142, Juridicionado=01 - PREFEITURA MUNICIPAL DE VARGEM GRANDE DO SUL}",""
"2026","1210","","1210","","","","","1","Tesouro","","","","110","GERAL","0","","","1","1","Banco do Brasil S.A.","2763","4","0000030006","3","BCO BRASIL - CONTA MOVIMENTO","02/03/2026 00:00:00","CREDITO_CONTA_CORRENTE","CONTA_BANCARIA","4","","","","435","","Transf ref IR Cirúrgica União Ltda (NF 202529)","ENTRADA","16.59","1407","157537.61","110683.75","96419.89","","2078293.76","0","1388466.06","1574348.41","3388106.52","410923.62","312487.67","842225.48","","","0","0","",""
"2026","1210","","1210","","","","","1","Tesouro","","","","410","TRÂNSITO - SINALIZAÇÃO","0","","","1","1","Banco do Brasil S.A.","2763","4","0000030006","3","BCO BRASIL - CONTA MOVIMENTO","02/03/2026 00:00:00","DEBITO_CONTA_CORRENTE","CONTA_BANCARIA","5","","1142","17912","","","Ticket Soluções HDFGT S/A","SAIDA","3670.92","1407","157537.61","107012.83","96419.89","","2078293.76","0","1388466.06","1574348.41","3388106.52","410923.62","312487.67","842225.48","","","0","0","AutorizacaoPagamento{exercicioContabil=2026, numero=1142, Juridicionado=01 - PREFEITURA MUNICIPAL DE VARGEM GRANDE DO SUL}",""
"2026","1210","","1210","","","","","1","Tesouro","","","","110","GERAL","0","","","1","1","Banco do Brasil S.A.","2763","4","0000030006","3","BCO BRASIL - CONTA MOVIMENTO","02/03/2026 00:00:00","CREDITO_CONTA_CORRENTE","CONTA_BANCARIA","5","","","","437","","Transf ref ISS Gráfica Vargem Grande Ltda (NF 5712)","ENTRADA","86.83","1407","157537.61","107099.66","96419.89","","2078293.76","0","1388466.06","1574348.41","3388106.52","410923.62","312487.67","842225.48","","","0","0","",""
"2026","1210","","1210","","","","","1","Tesouro","","","","110","GERAL","0","","","1","1","Banco do Brasil S.A.","2763","4","0000030006","3","BCO BRASIL - CONTA MOVIMENTO","02/03/2026 00:00:00","CREDITO_CONTA_CORRENTE","CONTA_BANCARIA","6","","","","439","","Transf ref IR Lumar Com de Prods Farmacêuticos Ltda (NF 281216)","ENTRADA","13.56","1407","157537.61","107113.22","96419.89","","2078293.76","0","1388466.06","1574348.41","3388106.52","410923.62","312487.67","842225.48","","","0","0","",""
"2026","1210","","1210","","","","","1","Tesouro","","","","110","GERAL","0","","","1","1","Banco do Brasil S.A.","2763","4","0000030006","3","BCO BRASIL - CONTA MOVIMENTO","02/03/2026 00:00:00","DEBITO_CONTA_CORRENTE","CONTA_BANCARIA","6","","1145","17916","","","NE 158/2026","SAIDA","180","1407","157537.61","106933.22","96419.89","","2078293.76","0","1388466.06","1574348.41","3388106.52","410923.62","312487.67","842225.48","","","0","0","AutorizacaoPagamento{exercicioContabil=2026, numero=1145, Juridicionado=01 - PREFEITURA MUNICIPAL DE VARGEM GRANDE DO SUL}",""
"2026","1210","","1210","","","","","1","Tesouro","","","","110","GERAL","0","","","1","1","Banco do Brasil S.A.","2763","4","0000030006","3","BCO BRASIL - CONTA MOVIMENTO","02/03/2026 00:00:00","CREDITO_CONTA_CORRENTE","CONTA_BANCARIA","7","","","","441","","Transf ref ISS Citomac Piscina e Lazer Ltda (NF 4765, 1)","ENTRADA","7.73","1407","157537.61","106940.95","96419.89","","2078293.76","0","1388466.06","1574348.41","3388106.52","410923.62","312487.67","842225.48","","","0","0","",""
"2026","1210","","1210","","","","","1","Tesouro","","","","110","GERAL","0","","","1","1","Banco do Brasil S.A.","2763","4","0000030006","3","BCO BRASIL - CONTA MOVIMENTO","02/03/2026 00:00:00","CREDITO_CONTA_CORRENTE","CONTA_BANCARIA","8","","","","442","","Transf ref IR Pouso Farma Hospitalar Ltda (NF 21374)","ENTRADA","10.34","1407","157537.61","106951.29","96419.89","","2078293.76","0","1388466.06","1574348.41","3388106.52","410923.62","312487.67","842225.48","","","0","0","",""
"2026","1210","","1210","","","","","1","Tesouro","","","","110","GERAL","0","","","1","1","Banco do Brasil S.A.","2763","4","0000030006","3","BCO BRASIL - CONTA MOVIMENTO","02/03/2026 00:00:00","DEBITO_CONTA_CORRENTE","CONTA_BANCARIA","9","","1150","17924","","","NE 2752/2026","SAIDA","1595.2","1407","157537.61","105356.09","96419.89","","2078293.76","0","1388466.06","1574348.41","3388106.52","410923.62","312487.67","842225.48","","","0","0","AutorizacaoPagamento{exercicioContabil=2026, numero=1150, Juridicionado=01 - PREFEITURA MUNICIPAL DE VARGEM GRANDE DO SUL}",""
"2026","1210","","1210","","","","","1","Tesouro","","","","110","GERAL","0","","","1","1","Banco do Brasil S.A.","2763","4","0000030006","3","BCO BRASIL - CONTA MOVIMENTO","02/03/2026 00:00:00","CREDITO_CONTA_CORRENTE","CONTA_BANCARIA","9","","","","443","","Transf ref IR MKM Distribuidora de Medicamentos Ltda (NF 2835)","ENTRADA","10.04","1407","157537.61","105366.13","96419.89","","2078293.76","0","1388466.06","1574348.41","3388106.52","410923.62","312487.67","842225.48","","","0","0","",""
"2026","1210","","1210","","","","","1","Tesouro","","","","110","GERAL","0","","","1","1","Banco do Brasil S.A.","2763","4","0000030006","3","BCO BRASIL - CONTA MOVIMENTO","02/03/2026 00:00:00","DEBITO_CONTA_CORRENTE","CONTA_BANCARIA","10","","1167","17962","","","NE 646/2026","SAIDA","957.52","1407","157537.61","104408.61","96419.89","","2078293.76","0","1388466.06","1574348.41","3388106.52","410923.62","312487.67","842225.48","","","0","0","AutorizacaoPagamento{exercicioContabil=2026, numero=1167, Juridicionado=01 - PREFEITURA MUNICIPAL DE VARGEM GRANDE DO SUL}",""
"2026","1210","","1210","","","","","1","Tesouro","","","","110","GERAL","0","","","1","1","Banco do Brasil S.A.","2763","4","0000030006","3","BCO BRASIL - CONTA MOVIMENTO","02/03/2026 00:00:00","CREDITO_CONTA_CORRENTE","CONTA_BANCARIA","10","","","","444","","Transf ref IR Soma SP Prods Hospitalares Ltda (NF 358170)","ENTRADA","30","1407","157537.61","104438.61","96419.89","","2078293.76","0","1388466.06","1574348.41","3388106.52","410923.62","312487.67","842225.48","","","0","0","",""
"2026","1210","","1210","","","","","1","Tesouro","","","","110","GERAL","0","","","1","1","Banco do Brasil S.A.","2763","4","0000030006","3","BCO BRASIL - CONTA MOVIMENTO","02/03/2026 00:00:00","CREDITO_CONTA_CORRENTE","CONTA_BANCARIA","11","","","","445","","Transf ref IR Diagcenter - Medic Diagnóstica Ltda (NF 2852)","ENTRADA","772.66","1407","157537.61","105211.27","96419.89","","2078293.76","0","1388466.06","1574348.41","3388106.52","410923.62","312487.67","842225.48","","","0","0","",""
"2026","1210","","1210","","","","","1","Tesouro","","","","110","GERAL","0","","","1","1","Banco do Brasil S.A.","2763","4","0000030006","3","BCO BRASIL - CONTA MOVIMENTO","02/03/2026 00:00:00","DEBITO_CONTA_CORRENTE","CONTA_BANCARIA","11","","1168","17963","","","NE 979/2026","SAIDA","163.22","1407","157537.61","105048.05","96419.89","","2078293.76","0","1388466.06","1574348.41","3388106.52","410923.62","312487.67","842225.48","","","0","0","AutorizacaoPagamento{exercicioContabil=2026, numero=1168, Juridicionado=01 - PREFEITURA MUNICIPAL DE VARGEM GRANDE DO SUL}",""
"2026","1210","","1210","","","","","1","Tesouro","","","","110","GERAL","0","","","1","1","Banco do Brasil S.A.","2763","4","0000030006","3","BCO BRASIL - CONTA MOVIMENTO","02/03/2026 00:00:00","CREDITO_CONTA_CORRENTE","CONTA_BANCARIA","12","","","","446","","Transf ref ISS Diagcenter - Medic Diagnóstica Ltda (NF 2852)","ENTRADA","1931.65","1407","157537.61","106979.7","96419.89","","2078293.76","0","1388466.06","1574348.41","3388106.52","410923.62","312487.67","842225.48","","","0","0","",""
"2026","1210","","1210","","","","","1","Tesouro","","","","110","GERAL","0","","","1","1","Banco do Brasil S.A.","2763","4","0000030006","3","BCO BRASIL - CONTA MOVIMENTO","02/03/2026 00:00:00","DEBITO_CONTA_CORRENTE","CONTA_BANCARIA","12","","1169","17964","","","NE 2252/2026","SAIDA","326.44","1407","157537.61","106653.26","96419.89","","2078293.76","0","1388466.06","1574348.41","3388106.52","410923.62","312487.67","842225.48","","","0","0","AutorizacaoPagamento{exercicioContabil=2026, numero=1169, Juridicionado=01 - PREFEITURA MUNICIPAL DE VARGEM GRANDE DO SUL}",""
"2026","1210","","1210","","","","","1","Tesouro","","","","110","GERAL","0","","","1","1","Banco do Brasil S.A.","2763","4","0000030006","3","BCO BRASIL - CONTA MOVIMENTO","02/03/2026 00:00:00","CREDITO_CONTA_CORRENTE","CONTA_BANCARIA","13","623","","","","","Valor referente a retenção de IRRF do SAE","ENTRADA","185.71","1407","157537.61","106838.97","96419.89","","2078293.76","0","1388466.06","1574348.41","3388106.52","410923.62","312487.67","842225.48","","","0","0","",""
"2026","1210","","1210","","","","","1","Tesouro","","","","110","GERAL","0","","","1","1","Banco do Brasil S.A.","2763","4","0000030006","3","BCO BRASIL - CONTA MOVIMENTO","02/03/2026 00:00:00","DEBITO_CONTA_CORRENTE","CONTA_BANCARIA","13","","1170","17965","","","NE 2253/2026","SAIDA","6120.66","1407","157537.61","100718.31","96419.89","","2078293.76","0","1388466.06","1574348.41","3388106.52","410923.62","312487.67","842225.48","","","0","0","AutorizacaoPagamento{exercicioContabil=2026, numero=1170, Juridicionado=01 - PREFEITURA MUNICIPAL DE VARGEM GRANDE DO SUL}",""
"2026","1210","","1210","","","","","1","Tesouro","","","","110","GERAL","0","","","1","1","Banco do Brasil S.A.","2763","4","0000030006","3","BCO BRASIL - CONTA MOVIMENTO","02/03/2026 00:00:00","DEBITO_CONTA_CORRENTE","CONTA_BANCARIA","14","","1171","17966","","","NE 2739/2026","SAIDA","734.47","1407","157537.61","99983.84","96419.89","","2078293.76","0","1388466.06","1574348.41","3388106.52","410923.62","312487.67","842225.48","","","0","0","AutorizacaoPagamento{exercicioContabil=2026, numero=1171, Juridicionado=01 - PREFEITURA MUNICIPAL DE VARGEM GRANDE DO SUL}",""
"2026","1210","","1210","","","","","1","Tesouro","","","","110","GERAL","0","","","1","1","Banco do Brasil S.A.","2763","4","0000030006","3","BCO BRASIL - CONTA MOVIMENTO","02/03/2026 00:00:00","CREDITO_CONTA_CORRENTE","CONTA_BANCARIA","14","624","","","","","Valor referente a retenção de IRRF do SAE","ENTRADA","35.81","1407","157537.61","100019.65","96419.89","","2078293.76","0","1388466.06","1574348.41","3388106.52","410923.62","312487.67","842225.48","","","0","0","",""
"2026","1210","","1210","","","","","1","Tesouro","","","","110","GERAL","0","","","1","1","Banco do Brasil S.A.","2763","4","0000030006","3","BCO BRASIL - CONTA MOVIMENTO","02/03/2026 00:00:00","CREDITO_CONTA_CORRENTE","CONTA_BANCARIA","15","625","","","","","Valor referente a retenção de IRRF do SAE","ENTRADA","387.2","1407","157537.61","100406.85","96419.89","","2078293.76","0","1388466.06","1574348.41","3388106.52","410923.62","312487.67","842225.48","","","0","0","",""
"2026","1210","","1210","","","","","1","Tesouro","","","","110","GERAL","0","","","1","1","Banco do Brasil S.A.","2763","4","0000030006","3","BCO BRASIL - CONTA MOVIMENTO","02/03/2026 00:00:00","CREDITO_CONTA_CORRENTE","CONTA_BANCARIA","16","626","","","","","Valor referente a retenção de IRRF do SAE","ENTRADA","29.98","1407","157537.61","100436.83","96419.89","","2078293.76","0","1388466.06","1574348.41","3388106.52","410923.62","312487.67","842225.48","","","0","0","",""
"2026","1210","","1210","","","","","1","Tesouro","","","","110","GERAL","0","","","1","1","Banco do Brasil S.A.","2763","4","0000030006","3","BCO BRASIL - CONTA MOVIMENTO","02/03/2026 00:00:00","CREDITO_CONTA_CORRENTE","CONTA_BANCARIA","17","627","","","","","Valor referente a retenção de IRRF do SAE","ENTRADA","110.34","1407","157537.61","100547.17","96419.89","","2078293.76","0","1388466.06","1574348.41","3388106.52","410923.62","312487.67","842225.48","","","0","0","",""
"2026","1210","","1210","","","","","1","Tesouro","","","","110","GERAL","0","","","1","1","Banco do Brasil S.A.","2763","4","0000030006","3","BCO BRASIL - CONTA MOVIMENTO","02/03/2026 00:00:00","CREDITO_CONTA_CORRENTE","CONTA_BANCARIA","18","945","","","","","LANÇAMENTO DE RECEITA","ENTRADA","455.69","1407","157537.61","101002.86","96419.89","","2078293.76","0","1388466.06","1574348.41","3388106.52","410923.62","312487.67","842225.48","","","0","0","",""
"2026","1210","","1210","","","","","1","Tesouro","","","","110","GERAL","0","","","1","1","Banco do Brasil S.A.","2763","4","0000030006","3","BCO BRASIL - CONTA MOVIMENTO","03/03/2026 00:00:00","CREDITO_CONTA_CORRENTE","CONTA_BANCARIA","1","","","","462","","Transf ref IR Dental IPO Ltda (NF 7079)","ENTRADA","11.7","1407","157537.61","101014.56","96419.89","","2078293.76","0","1388466.06","1574348.41","3388106.52","410923.62","312487.67","842225.48","","","0","0","",""
"2026","1210","","1210","","","","","1","Tesouro","","","","110","GERAL","0","","","1","1","Banco do Brasil S.A.","2763","4","0000030006","3","BCO BRASIL - CONTA MOVIMENTO","03/03/2026 00:00:00","DEBITO_CONTA_CORRENTE","CONTA_BANCARIA","1","","1180","17976","","","NE 16030/2025","SAIDA","90","1407","157537.61","100924.56","96419.89","","2078293.76","0","1388466.06","1574348.41","3388106.52","410923.62","312487.67","842225.48","","","0","0","AutorizacaoPagamento{exercicioContabil=2026, numero=1180, Juridicionado=01 - PREFEITURA MUNICIPAL DE VARGEM GRANDE DO SUL}",""
"2026","1210","","1210","","","","","1","Tesouro","","","","110","GERAL","0","","","1","1","Banco do Brasil S.A.","2763","4","0000030006","3","BCO BRASIL - CONTA MOVIMENTO","03/03/2026 00:00:00","DEBITO_CONTA_CORRENTE","CONTA_BANCARIA","2","","1183","17979","","","NE 3689/2025","SAIDA","578.55","1407","157537.61","100346.01","96419.89","","2078293.76","0","1388466.06","1574348.41","3388106.52","410923.62","312487.67","842225.48","","","0","0","AutorizacaoPagamento{exercicioContabil=2026, numero=1183, Juridicionado=01 - PREFEITURA MUNICIPAL DE VARGEM GRANDE DO SUL}",""
"2026","1210","","1210","","","","","1","Tesouro","","","","110","GERAL","0","","","1","1","Banco do Brasil S.A.","2763","4","0000030006","3","BCO BRASIL - CONTA MOVIMENTO","03/03/2026 00:00:00","CREDITO_CONTA_CORRENTE","CONTA_BANCARIA","2","","","","464","","Transf ref IR UP Dent Importação e Exportação Comercial Ltda (NF 4925)","ENTRADA","26.69","1407","157537.61","100372.7","96419.89","","2078293.76","0","1388466.06","1574348.41","3388106.52","410923.62","312487.67","842225.48","","","0","0","",""
"2026","1210","","1210","","","","","1","Tesouro","","","","110","GERAL","0","","","1","1","Banco do Brasil S.A.","2763","4","0000030006","3","BCO BRASIL - CONTA MOVIMENTO","03/03/2026 00:00:00","CREDITO_CONTA_CORRENTE","CONTA_BANCARIA","3","946","","","","","LANÇAMENTO DE RECEITA","ENTRADA","4.42","1407","157537.61","100377.12","96419.89","","2078293.76","0","1388466.06","1574348.41","3388106.52","410923.62","312487.67","842225.48","","","0","0","",""
"2026","1210","","1210","","","","","1","Tesouro","","","","110","GERAL","0","","","1","1","Banco do Brasil S.A.","2763","4","0000030006","3","BCO BRASIL - CONTA MOVIMENTO","03/03/2026 00:00:00","DEBITO_CONTA_CORRENTE","CONTA_BANCARIA","3","","1194","17998","","","NE 108/2026","SAIDA","1490.27","1407","157537.61","98886.85","96419.89","","2078293.76","0","1388466.06","1574348.41","3388106.52","410923.62","312487.67","842225.48","","","0","0","AutorizacaoPagamento{exercicioContabil=2026, numero=1194, Juridicionado=01 - PREFEITURA MUNICIPAL DE VARGEM GRANDE DO SUL}",""
"2026","1210","","1210","","","","","1","Tesouro","","","","110","GERAL","0","","","1","1","Banco do Brasil S.A.","2763","4","0000030006","3","BCO BRASIL - CONTA MOVIMENTO","03/03/2026 00:00:00","DEBITO_CONTA_CORRENTE","CONTA_BANCARIA","4","","","","467","","Transferência ref pagto Conselheiros Tutelares - Fevereiro/2026","SAIDA","16221.7","1407","157537.61","82665.15","96419.89","","2078293.76","0","1388466.06","1574348.41","3388106.52","410923.62","312487.67","842225.48","","","0","0","",""
"2026","1210","","1210","","","","","1","Tesouro","","","","110","GERAL","0","","","1","1","Banco do Brasil S.A.","2763","4","0000030006","3","BCO BRASIL - CONTA MOVIMENTO","03/03/2026 00:00:00","CREDITO_CONTA_CORRENTE","CONTA_BANCARIA","4","980","","","","","LANÇAMENTO DE GUIA DE TRANSFERÊNCIAS GOVERNAMENTAIS","ENTRADA","1372279.21","1407","157537.61","1454944.36","96419.89","","2078293.76","0","1388466.06","1574348.41","3388106.52","410923.62","312487.67","842225.48","","","0","0","",""
"2026","1210","","1210","","","","","19","RECURSOS EXTRAÓRÇAMENTÁRIOS","","","","190","MOVIMENTAÇÕES EXTRAORÇAMENTÁRIAS GERAL","0","","","1","1","Banco do Brasil S.A.","2763","4","0000030006","3","BCO BRASIL - CONTA MOVIMENTO","03/03/2026 00:00:00","DEBITO_CONTA_CORRENTE","CONTA_BANCARIA","5","","1200","18004","","","DE 331/2026","SAIDA","400.98","1407","157537.61","1454543.38","96419.89","","2078293.76","0","1388466.06","1574348.41","3388106.52","410923.62","312487.67","842225.48","","","0","0","AutorizacaoPagamento{exercicioContabil=2026, numero=1200, Juridicionado=01 - PREFEITURA MUNICIPAL DE VARGEM GRANDE DO SUL}",""
"2026","1210","","1210","","","","","1","Tesouro","","","","110","GERAL","0","","","1","1","Banco do Brasil S.A.","2763","4","0000030006","3","BCO BRASIL - CONTA MOVIMENTO","03/03/2026 00:00:00","CREDITO_CONTA_CORRENTE","CONTA_BANCARIA","5","981","","","","","LANÇAMENTO DE GUIA DE TRANSFERÊNCIAS GOVERNAMENTAIS","ENTRADA","2810.34","1407","157537.61","1457353.72","96419.89","","2078293.76","0","1388466.06","1574348.41","3388106.52","410923.62","312487.67","842225.48","","","0","0","",""
"2026","1210","","1210","","","","","1","Tesouro","","","","110","GERAL","0","","","1","1","Banco do Brasil S.A.","2763","4","0000030006","3","BCO BRASIL - CONTA MOVIMENTO","03/03/2026 00:00:00","CREDITO_CONTA_CORRENTE","CONTA_BANCARIA","6","982","","","","","LANÇAMENTO DE GUIA DE TRANSFERÊNCIAS GOVERNAMENTAIS","ENTRADA","4297.89","1407","157537.61","1461651.61","96419.89","","2078293.76","0","1388466.06","1574348.41","3388106.52","410923.62","312487.67","842225.48","","","0","0","",""
"2026","1210","","1210","","","","","19","RECURSOS EXTRAÓRÇAMENTÁRIOS","","","","190","MOVIMENTAÇÕES EXTRAORÇAMENTÁRIAS GERAL","0","","","1","1","Banco do Brasil S.A.","2763","4","0000030006","3","BCO BRASIL - CONTA MOVIMENTO","03/03/2026 00:00:00","DEBITO_CONTA_CORRENTE","CONTA_BANCARIA","6","","1201","18005","","","DE 332/2026","SAIDA","400.98","1407","157537.61","1461250.63","96419.89","","2078293.76","0","1388466.06","1574348.41","3388106.52","410923.62","312487.67","842225.48","","","0","0","AutorizacaoPagamento{exercicioContabil=2026, numero=1201, Juridicionado=01 - PREFEITURA MUNICIPAL DE VARGEM GRANDE DO SUL}",""
"2026","1210","","1210","","","","","19","RECURSOS EXTRAÓRÇAMENTÁRIOS","","","","190","MOVIMENTAÇÕES EXTRAORÇAMENTÁRIAS GERAL","0","","","1","1","Banco do Brasil S.A.","2763","4","0000030006","3","BCO BRASIL - CONTA MOVIMENTO","03/03/2026 00:00:00","DEBITO_CONTA_CORRENTE","CONTA_BANCARIA","7","","1202","18006","","","DE 333/2026","SAIDA","400.98","1407","157537.61","1460849.65","96419.89","","2078293.76","0","1388466.06","1574348.41","3388106.52","410923.62","312487.67","842225.48","","","0","0","AutorizacaoPagamento{exercicioContabil=2026, numero=1202, Juridicionado=01 - PREFEITURA MUNICIPAL DE VARGEM GRANDE DO SUL}",""
"2026","1210","","1210","","","","","19","RECURSOS EXTRAÓRÇAMENTÁRIOS","","","","190","MOVIMENTAÇÕES EXTRAORÇAMENTÁRIAS GERAL","0","","","1","1","Banco do Brasil S.A.","2763","4","0000030006","3","BCO BRASIL - CONTA MOVIMENTO","03/03/2026 00:00:00","DEBITO_CONTA_CORRENTE","CONTA_BANCARIA","9","","1204","18008","","","DE 335/2026","SAIDA","400.98","1407","157537.61","1460448.67","96419.89","","2078293.76","0","1388466.06","1574348.41","3388106.52","410923.62","312487.67","842225.48","","","0","0","AutorizacaoPagamento{exercicioContabil=2026, numero=1204, Juridicionado=01 - PREFEITURA MUNICIPAL DE VARGEM GRANDE DO SUL}",""
"2026","1210","","1210","","","","","19","RECURSOS EXTRAÓRÇAMENTÁRIOS","","","","190","MOVIMENTAÇÕES EXTRAORÇAMENTÁRIAS GERAL","0","","","1","1","Banco do Brasil S.A.","2763","4","0000030006","3","BCO BRASIL - CONTA MOVIMENTO","03/03/2026 00:00:00","DEBITO_CONTA_CORRENTE","CONTA_BANCARIA","10","","1208","18012","","","DE 336/2026","SAIDA","400.98","1407","157537.61","1460047.69","96419.89","","2078293.76","0","1388466.06","1574348.41","3388106.52","410923.62","312487.67","842225.48","","","0","0","AutorizacaoPagamento{exercicioContabil=2026, numero=1208, Juridicionado=01 - PREFEITURA MUNICIPAL DE VARGEM GRANDE DO SUL}",""
"2026","1210","","1210","","","","","1","Tesouro","","","","110","GERAL","0","","","1","1","Banco do Brasil S.A.","2763","4","0000030006","3","BCO BRASIL - CONTA MOVIMENTO","03/03/2026 00:00:00","DEBITO_CONTA_CORRENTE","CONTA_BANCARIA","11","","1213","18028","","","NE 3054/2025","SAIDA","1061.23","1407","157537.61","1458986.46","96419.89","","2078293.76","0","1388466.06","1574348.41","3388106.52","410923.62","312487.67","842225.48","","","0","0","AutorizacaoPagamento{exercicioContabil=2026, numero=1213, Juridicionado=01 - PREFEITURA MUNICIPAL DE VARGEM GRANDE DO SUL}",""
"2026","1210","","1210","","","","","1","Tesouro","","","","110","GERAL","0","","","1","1","Banco do Brasil S.A.","2763","4","0000030006","3","BCO BRASIL - CONTA MOVIMENTO","03/03/2026 00:00:00","DEBITO_CONTA_CORRENTE","CONTA_BANCARIA","12","","","","473","","Transferência entre contas","SAIDA","500000","1407","157537.61","958986.46","96419.89","","2078293.76","0","1388466.06","1574348.41","3388106.52","410923.62","312487.67","842225.48","","","0","0","",""
"2026","1210","","1210","","","","","1","Tesouro","","","","110","GERAL","0","","","1","1","Banco do Brasil S.A.","2763","4","0000030006","3","BCO BRASIL - CONTA MOVIMENTO","03/03/2026 00:00:00","DEBITO_CONTA_CORRENTE","CONTA_BANCARIA","13","980","","","","","LANÇAMENTO DE GUIA DE TRANSFERÊNCIAS GOVERNAMENTAIS","SAIDA","274455.84","1407","157537.61","684530.62","96419.89","","2078293.76","0","1388466.06","1574348.41","3388106.52","410923.62","312487.67","842225.48","","","0","0","",""
"2026","1210","","1210","","","","","1","Tesouro","","","","110","GERAL","0","","","1","1","Banco do Brasil S.A.","2763","4","0000030006","3","BCO BRASIL - CONTA MOVIMENTO","03/03/2026 00:00:00","DEBITO_CONTA_CORRENTE","CONTA_BANCARIA","14","981","","","","","LANÇAMENTO DE GUIA DE TRANSFERÊNCIAS GOVERNAMENTAIS","SAIDA","562.07","1407","157537.61","683968.55","96419.89","","2078293.76","0","1388466.06","1574348.41","3388106.52","410923.62","312487.67","842225.48","","","0","0","",""
"2026","1210","","1210","","","","","1","Tesouro","","","","110","GERAL","0","","","1","1","Banco do Brasil S.A.","2763","4","0000030006","3","BCO BRASIL - CONTA MOVIMENTO","04/03/2026 00:00:00","CREDITO_CONTA_CORRENTE","CONTA_BANCARIA","1","","","","474","","Transf ref IR Contro-Lab Análises Clínicas S/C Ltda (NF 844)","ENTRADA","1968.11","1407","157537.61","685936.66","96419.89","","2078293.76","0","1388466.06","1574348.41","3388106.52","410923.62","312487.67","842225.48","","","0","0","",""
"2026","1210","","1210","","","","","1","Tesouro","","","","110","GERAL","0","","","1","1","Banco do Brasil S.A.","2763","4","0000030006","3","BCO BRASIL - CONTA MOVIMENTO","04/03/2026 00:00:00","DEBITO_CONTA_CORRENTE","CONTA_BANCARIA","1","","1214","18047","","","NE 3450/2025","SAIDA","959.1","1407","157537.61","684977.56","96419.89","","2078293.76","0","1388466.06","1574348.41","3388106.52","410923.62","312487.67","842225.48","","","0","0","AutorizacaoPagamento{exercicioContabil=2026, numero=1214, Juridicionado=01 - PREFEITURA MUNICIPAL DE VARGEM GRANDE DO SUL}",""
"2026","1210","","1210","","","","","1","Tesouro","","","","110","GERAL","0","","","1","1","Banco do Brasil S.A.","2763","4","0000030006","3","BCO BRASIL - CONTA MOVIMENTO","04/03/2026 00:00:00","DEBITO_CONTA_CORRENTE","CONTA_BANCARIA","2","","1215","18048","","","NE 1501/2026","SAIDA","17036.01","1407","157537.61","667941.55","96419.89","","2078293.76","0","1388466.06","1574348.41","3388106.52","410923.62","312487.67","842225.48","","","0","0","AutorizacaoPagamento{exercicioContabil=2026, numero=1215, Juridicionado=01 - PREFEITURA MUNICIPAL DE VARGEM GRANDE DO SUL}",""
"2026","1210","","1210","","","","","1","Tesouro","","","","110","GERAL","0","","","1","1","Banco do Brasil S.A.","2763","4","0000030006","3","BCO BRASIL - CONTA MOVIMENTO","04/03/2026 00:00:00","CREDITO_CONTA_CORRENTE","CONTA_BANCARIA","2","","","","475","","Transf ref ISS Contro-Lab Análises Clínicas S/C Ltda (NF 844)","ENTRADA","4920.26","1407","157537.61","672861.81","96419.89","","2078293.76","0","1388466.06","1574348.41","3388106.52","410923.62","312487.67","842225.48","","","0","0","",""
"2026","1210","","1210","","","","","1","Tesouro","","","","110","GERAL","0","","","1","1","Banco do Brasil S.A.","2763","4","0000030006","3","BCO BRASIL - CONTA MOVIMENTO","04/03/2026 00:00:00","CREDITO_CONTA_CORRENTE","CONTA_BANCARIA","3","","","","476","","Transf ref ISS Washington M V da Silva (NF 6)","ENTRADA","53.78","1407","157537.61","672915.59","96419.89","","2078293.76","0","1388466.06","1574348.41","3388106.52","410923.62","312487.67","842225.48","","","0","0","",""
"2026","1210","","1210","","","","","1","Tesouro","","","","110","GERAL","0","","","1","1","Banco do Brasil S.A.","2763","4","0000030006","3","BCO BRASIL - CONTA MOVIMENTO","04/03/2026 00:00:00","DEBITO_CONTA_CORRENTE","CONTA_BANCARIA","3","","1216","18049","","","NE 1977/2026","SAIDA","1397.69","1407","157537.61","671517.9","96419.89","","2078293.76","0","1388466.06","1574348.41","3388106.52","410923.62","312487.67","842225.48","","","0","0","AutorizacaoPagamento{exercicioContabil=2026, numero=1216, Juridicionado=01 - PREFEITURA MUNICIPAL DE VARGEM GRANDE DO SUL}",""
"2026","1210","","1210","","","","","1","Tesouro","","","","110","GERAL","0","","","1","1","Banco do Brasil S.A.","2763","4","0000030006","3","BCO BRASIL - CONTA MOVIMENTO","04/03/2026 00:00:00","DEBITO_CONTA_CORRENTE","CONTA_BANCARIA","4","","1231","18073","","","NE 2169/2026","SAIDA","9.88","1407","157537.61","671508.02","96419.89","","2078293.76","0","1388466.06","1574348.41","3388106.52","410923.62","312487.67","842225.48","","","0","0","AutorizacaoPagamento{exercicioContabil=2026, numero=1231, Juridicionado=01 - PREFEITURA MUNICIPAL DE VARGEM GRANDE DO SUL}",""
"2026","1210","","1210","","","","","19","RECURSOS EXTRAÓRÇAMENTÁRIOS","","","","190","MOVIMENTAÇÕES EXTRAORÇAMENTÁRIAS GERAL","0","","","1","1","Banco do Brasil S.A.","2763","4","0000030006","3","BCO BRASIL - CONTA MOVIMENTO","04/03/2026 00:00:00","CREDITO_CONTA_CORRENTE","CONTA_BANCARIA","4","","","","477","","Transferência Aut. para compensação de Descontos de parcelas: Aut. Pagto.[1240/2026].","ENTRADA","663.14","1407","157537.61","672171.16","96419.89","","2078293.76","0","1388466.06","1574348.41","3388106.52","410923.62","312487.67","842225.48","","","0","0","",""
"2026","1210","","1210","","","","","1","Tesouro","","","","110","GERAL","0","","","1","1","Banco do Brasil S.A.","2763","4","0000030006","3","BCO BRASIL - CONTA MOVIMENTO","04/03/2026 00:00:00","DEBITO_CONTA_CORRENTE","CONTA_BANCARIA","5","","1232","18074","","","NE 1395/2026","SAIDA","699","1407","157537.61","671472.16","96419.89","","2078293.76","0","1388466.06","1574348.41","3388106.52","410923.62","312487.67","842225.48","","","0","0","AutorizacaoPagamento{exercicioContabil=2026, numero=1232, Juridicionado=01 - PREFEITURA MUNICIPAL DE VARGEM GRANDE DO SUL}",""
"2026","1210","","1210","","","","","1","Tesouro","","","","110","GERAL","0","","","1","1","Banco do Brasil S.A.","2763","4","0000030006","3","BCO BRASIL - CONTA MOVIMENTO","04/03/2026 00:00:00","CREDITO_CONTA_CORRENTE","CONTA_BANCARIA","5","","","","481","","Transferência Aut. para compensação de Descontos de parcelas: Aut. Pagto.[1157/2026].","ENTRADA","6.13","1407","157537.61","671478.29","96419.89","","2078293.76","0","1388466.06","1574348.41","3388106.52","410923.62","312487.67","842225.48","","","0","0","",""
"2026","1210","","1210","","","","","1","Tesouro","","","","110","GERAL","0","","","1","1","Banco do Brasil S.A.","2763","4","0000030006","3","BCO BRASIL - CONTA MOVIMENTO","04/03/2026 00:00:00","CREDITO_CONTA_CORRENTE","CONTA_BANCARIA","6","947","","","","","LANÇAMENTO DE RECEITA","ENTRADA","42.43","1407","157537.61","671520.72","96419.89","","2078293.76","0","1388466.06","1574348.41","3388106.52","410923.62","312487.67","842225.48","","","0","0","",""
"2026","1210","","1210","","","","","1","Tesouro","","","","110","GERAL","0","","","1","1","Banco do Brasil S.A.","2763","4","0000030006","3","BCO BRASIL - CONTA MOVIMENTO","04/03/2026 00:00:00","DEBITO_CONTA_CORRENTE","CONTA_BANCARIA","6","","1236","18081","","","NE 18436/2025","SAIDA","643.01","1407","157537.61","670877.71","96419.89","","2078293.76","0","1388466.06","1574348.41","3388106.52","410923.62","312487.67","842225.48","","","0","0","AutorizacaoPagamento{exercicioContabil=2026, numero=1236, Juridicionado=01 - PREFEITURA MUNICIPAL DE VARGEM GRANDE DO SUL}",""
"2026","1210","","1210","","","","","1","Tesouro","","","","110","GERAL","0","","","1","1","Banco do Brasil S.A.","2763","4","0000030006","3","BCO BRASIL - CONTA MOVIMENTO","04/03/2026 00:00:00","DEBITO_CONTA_CORRENTE","CONTA_BANCARIA","7","","1238","18086","","","NE 2914, 2915, 2916, 2917, 2918","SAIDA","130.8","1407","157537.61","670746.91","96419.89","","2078293.76","0","1388466.06","1574348.41","3388106.52","410923.62","312487.67","842225.48","","","0","0","AutorizacaoPagamento{exercicioContabil=2026, numero=1238, Juridicionado=01 - PREFEITURA MUNICIPAL DE VARGEM GRANDE DO SUL}",""
"2026","1210","","1210","","","","","1","Tesouro","","","","110","GERAL","0","","","1","1","Banco do Brasil S.A.","2763","4","0000030006","3","BCO BRASIL - CONTA MOVIMENTO","04/03/2026 00:00:00","DEBITO_CONTA_CORRENTE","CONTA_BANCARIA","8","","1240","18088","","","NE 155/2026","SAIDA","6196.86","1407","157537.61","664550.05","96419.89","","2078293.76","0","1388466.06","1574348.41","3388106.52","410923.62","312487.67","842225.48","","","0","0","AutorizacaoPagamento{exercicioContabil=2026, numero=1240, Juridicionado=01 - PREFEITURA MUNICIPAL DE VARGEM GRANDE DO SUL}",""
"2026","1210","","1210","","","","","1","Tesouro","","","","110","GERAL","0","","","1","1","Banco do Brasil S.A.","2763","4","0000030006","3","BCO BRASIL - CONTA MOVIMENTO","04/03/2026 00:00:00","DEBITO_CONTA_CORRENTE","CONTA_BANCARIA","9","","","","477","","Transferência Aut. para compensação de Descontos de parcelas: Aut. Pagto.[1240/2026].","SAIDA","663.14","1407","157537.61","663886.91","96419.89","","2078293.76","0","1388466.06","1574348.41","3388106.52","410923.62","312487.67","842225.48","","","0","0","",""
"2026","1210","","1210","","","","","1","Tesouro","","","","110","GERAL","0","","","1","1","Banco do Brasil S.A.","2763","4","0000030006","3","BCO BRASIL - CONTA MOVIMENTO","04/03/2026 00:00:00","DEBITO_CONTA_CORRENTE","CONTA_BANCARIA","10","","1241","18089","","","NE 2794/2026","SAIDA","108.07","1407","157537.61","663778.84","96419.89","","2078293.76","0","1388466.06","1574348.41","3388106.52","410923.62","312487.67","842225.48","","","0","0","AutorizacaoPagamento{exercicioContabil=2026, numero=1241, Juridicionado=01 - PREFEITURA MUNICIPAL DE VARGEM GRANDE DO SUL}",""
"2026","1210","","1210","","","","","19","RECURSOS EXTRAÓRÇAMENTÁRIOS","","","","190","MOVIMENTAÇÕES EXTRAORÇAMENTÁRIAS GERAL","0","","","1","1","Banco do Brasil S.A.","2763","4","0000030006","3","BCO BRASIL - CONTA MOVIMENTO","04/03/2026 00:00:00","DEBITO_CONTA_CORRENTE","CONTA_BANCARIA","11","","1245","18096","","","DE 347/2026","SAIDA","663.14","1407","157537.61","663115.7","96419.89","","2078293.76","0","1388466.06","1574348.41","3388106.52","410923.62","312487.67","842225.48","","","0","0","AutorizacaoPagamento{exercicioContabil=2026, numero=1245, Juridicionado=01 - PREFEITURA MUNICIPAL DE VARGEM GRANDE DO SUL}",""
"2026","1210","","1210","","","","","1","Tesouro","","","","110","GERAL","0","","","1","1","Banco do Brasil S.A.","2763","4","0000030006","3","BCO BRASIL - CONTA MOVIMENTO","04/03/2026 00:00:00","DEBITO_CONTA_CORRENTE","CONTA_BANCARIA","12","","1247","18098","","","NE 2873/2026","SAIDA","6560.64","1407","157537.61","656555.06","96419.89","","2078293.76","0","1388466.06","1574348.41","3388106.52","410923.62","312487.67","842225.48","","","0","0","AutorizacaoPagamento{exercicioContabil=2026, numero=1247, Juridicionado=01 - PREFEITURA MUNICIPAL DE VARGEM GRANDE DO SUL}",""
"2026","1210","","1210","","","","","1","Tesouro","","","","110","GERAL","0","","","1","1","Banco do Brasil S.A.","2763","4","0000030006","3","BCO BRASIL - CONTA MOVIMENTO","04/03/2026 00:00:00","DEBITO_CONTA_CORRENTE","CONTA_BANCARIA","13","","1248","18099","","","NE 2874, 2876","SAIDA","18808.3","1407","157537.61","637746.76","96419.89","","2078293.76","0","1388466.06","1574348.41","3388106.52","410923.62","312487.67","842225.48","","","0","0","AutorizacaoPagamento{exercicioContabil=2026, numero=1248, Juridicionado=01 - PREFEITURA MUNICIPAL DE VARGEM GRANDE DO SUL}",""
"2026","1210","","1210","","","","","1","Tesouro","","","","110","GERAL","0","","","1","1","Banco do Brasil S.A.","2763","4","0000030006","3","BCO BRASIL - CONTA MOVIMENTO","04/03/2026 00:00:00","DEBITO_CONTA_CORRENTE","CONTA_BANCARIA","14","","1249","18100","","","NE 2871, 2872","SAIDA","28883.12","1407","157537.61","608863.64","96419.89","","2078293.76","0","1388466.06","1574348.41","3388106.52","410923.62","312487.67","842225.48","","","0","0","AutorizacaoPagamento{exercicioContabil=2026, numero=1249, Juridicionado=01 - PREFEITURA MUNICIPAL DE VARGEM GRANDE DO SUL}",""
"2026","1210","","1210","","","","","1","Tesouro","","","","110","GERAL","0","","","1","1","Banco do Brasil S.A.","2763","4","0000030006","3","BCO BRASIL - CONTA MOVIMENTO","04/03/2026 00:00:00","DEBITO_CONTA_CORRENTE","CONTA_BANCARIA","15","","1250","18101","","","NE 2869, 2870","SAIDA","149738.6","1407","157537.61","459125.04","96419.89","","2078293.76","0","1388466.06","1574348.41","3388106.52","410923.62","312487.67","842225.48","","","0","0","AutorizacaoPagamento{exercicioContabil=2026, numero=1250, Juridicionado=01 - PREFEITURA MUNICIPAL DE VARGEM GRANDE DO SUL}",""
"2026","1210","","1210","","","","","1","Tesouro","","","","110","GERAL","0","","","1","1","Banco do Brasil S.A.","2763","4","0000030006","3","BCO BRASIL - CONTA MOVIMENTO","04/03/2026 00:00:00","DEBITO_CONTA_CORRENTE","CONTA_BANCARIA","16","","1257","18113","","","NE 2788/2026","SAIDA","80.71","1407","157537.61","459044.33","96419.89","","2078293.76","0","1388466.06","1574348.41","3388106.52","410923.62","312487.67","842225.48","","","0","0","AutorizacaoPagamento{exercicioContabil=2026, numero=1257, Juridicionado=01 - PREFEITURA MUNICIPAL DE VARGEM GRANDE DO SUL}",""
"2026","1210","","1210","","","","","1","Tesouro","","","","110","GERAL","0","","","1","1","Banco do Brasil S.A.","2763","4","0000030006","3","BCO BRASIL - CONTA MOVIMENTO","04/03/2026 00:00:00","DEBITO_CONTA_CORRENTE","CONTA_BANCARIA","17","","1157","17944","","","Baixa realizada via Retorno de Arquivo Bancário","SAIDA","54.86","1407","157537.61","458989.47","96419.89","","2078293.76","0","1388466.06","1574348.41","3388106.52","410923.62","312487.67","842225.48","","","0","0","AutorizacaoPagamento{exercicioContabil=2026, numero=1157, Juridicionado=01 - PREFEITURA MUNICIPAL DE VARGEM GRANDE DO SUL}",""
"2026","1210","","1210","","","","","1","Tesouro","","","","110","GERAL","0","","","1","1","Banco do Brasil S.A.","2763","4","0000030006","3","BCO BRASIL - CONTA MOVIMENTO","04/03/2026 00:00:00","DEBITO_CONTA_CORRENTE","CONTA_BANCARIA","18","","1157","17944","","","Baixa realizada via Retorno de Arquivo Bancário","SAIDA","54.86","1407","157537.61","458934.61","96419.89","","2078293.76","0","1388466.06","1574348.41","3388106.52","410923.62","312487.67","842225.48","","","0","0","AutorizacaoPagamento{exercicioContabil=2026, numero=1157, Juridicionado=01 - PREFEITURA MUNICIPAL DE VARGEM GRANDE DO SUL}",""
"2026","1210","","1210","","","","","1","Tesouro","","","","110","GERAL","0","","","1","1","Banco do Brasil S.A.","2763","4","0000030006","3","BCO BRASIL - CONTA MOVIMENTO","04/03/2026 00:00:00","DEBITO_CONTA_CORRENTE","CONTA_BANCARIA","19","","1157","17944","","","Baixa realizada via Retorno de Arquivo Bancário","SAIDA","53.45","1407","157537.61","458881.16","96419.89","","2078293.76","0","1388466.06","1574348.41","3388106.52","410923.62","312487.67","842225.48","","","0","0","AutorizacaoPagamento{exercicioContabil=2026, numero=1157, Juridicionado=01 - PREFEITURA MUNICIPAL DE VARGEM GRANDE DO SUL}",""
"2026","1210","","1210","","","","","1","Tesouro","","","","110","GERAL","0","","","1","1","Banco do Brasil S.A.","2763","4","0000030006","3","BCO BRASIL - CONTA MOVIMENTO","04/03/2026 00:00:00","DEBITO_CONTA_CORRENTE","CONTA_BANCARIA","20","","1157","17944","","","Baixa realizada via Retorno de Arquivo Bancário","SAIDA","286","1407","157537.61","458595.16","96419.89","","2078293.76","0","1388466.06","1574348.41","3388106.52","410923.62","312487.67","842225.48","","","0","0","AutorizacaoPagamento{exercicioContabil=2026, numero=1157, Juridicionado=01 - PREFEITURA MUNICIPAL DE VARGEM GRANDE DO SUL}",""
"2026","1210","","1210","","","","","1","Tesouro","","","","110","GERAL","0","","","1","1","Banco do Brasil S.A.","2763","4","0000030006","3","BCO BRASIL - CONTA MOVIMENTO","04/03/2026 00:00:00","DEBITO_CONTA_CORRENTE","CONTA_BANCARIA","21","","1157","17944","","","Baixa realizada via Retorno de Arquivo Bancário","SAIDA","625.1","1407","157537.61","457970.06","96419.89","","2078293.76","0","1388466.06","1574348.41","3388106.52","410923.62","312487.67","842225.48","","","0","0","AutorizacaoPagamento{exercicioContabil=2026, numero=1157, Juridicionado=01 - PREFEITURA MUNICIPAL DE VARGEM GRANDE DO SUL}",""
"2026","1210","","1210","","","","","1","Tesouro","","","","110","GERAL","0","","","1","1","Banco do Brasil S.A.","2763","4","0000030006","3","BCO BRASIL - CONTA MOVIMENTO","04/03/2026 00:00:00","DEBITO_CONTA_CORRENTE","CONTA_BANCARIA","22","","1157","17944","","","Baixa realizada via Retorno de Arquivo Bancário","SAIDA","123.6","1407","157537.61","457846.46","96419.89","","2078293.76","0","1388466.06","1574348.41","3388106.52","410923.62","312487.67","842225.48","","","0","0","AutorizacaoPagamento{exercicioContabil=2026, numero=1157, Juridicionado=01 - PREFEITURA MUNICIPAL DE VARGEM GRANDE DO SUL}",""
"2026","1210","","1210","","","","","1","Tesouro","","","","110","GERAL","0","","","1","1","Banco do Brasil S.A.","2763","4","0000030006","3","BCO BRASIL - CONTA MOVIMENTO","04/03/2026 00:00:00","DEBITO_CONTA_CORRENTE","CONTA_BANCARIA","23","","1157","17944","","","Baixa realizada via Retorno de Arquivo Bancário","SAIDA","713.04","1407","157537.61","457133.42","96419.89","","2078293.76","0","1388466.06","1574348.41","3388106.52","410923.62","312487.67","842225.48","","","0","0","AutorizacaoPagamento{exercicioContabil=2026, numero=1157, Juridicionado=01 - PREFEITURA MUNICIPAL DE VARGEM GRANDE DO SUL}",""
"2026","1210","","1210","","","","","1","Tesouro","","","","110","GERAL","0","","","1","1","Banco do Brasil S.A.","2763","4","0000030006","3","BCO BRASIL - CONTA MOVIMENTO","04/03/2026 00:00:00","DEBITO_CONTA_CORRENTE","CONTA_BANCARIA","24","","1157","17944","","","Baixa realizada via Retorno de Arquivo Bancário","SAIDA","154","1407","157537.61","456979.42","96419.89","","2078293.76","0","1388466.06","1574348.41","3388106.52","410923.62","312487.67","842225.48","","","0","0","AutorizacaoPagamento{exercicioContabil=2026, numero=1157, Juridicionado=01 - PREFEITURA MUNICIPAL DE VARGEM GRANDE DO SUL}",""
"2026","1210","","1210","","","","","1","Tesouro","","","","110","GERAL","0","","","1","1","Banco do Brasil S.A.","2763","4","0000030006","3","BCO BRASIL - CONTA MOVIMENTO","04/03/2026 00:00:00","DEBITO_CONTA_CORRENTE","CONTA_BANCARIA","25","","1157","17944","","","Baixa realizada via Retorno de Arquivo Bancário","SAIDA","2597","1407","157537.61","454382.42","96419.89","","2078293.76","0","1388466.06","1574348.41","3388106.52","410923.62","312487.67","842225.48","","","0","0","AutorizacaoPagamento{exercicioContabil=2026, numero=1157, Juridicionado=01 - PREFEITURA MUNICIPAL DE VARGEM GRANDE DO SUL}",""
"2026","1210","","1210","","","","","1","Tesouro","","","","110","GERAL","0","","","1","1","Banco do Brasil S.A.","2763","4","0000030006","3","BCO BRASIL - CONTA MOVIMENTO","04/03/2026 00:00:00","DEBITO_CONTA_CORRENTE","CONTA_BANCARIA","26","","1157","17944","","","Baixa realizada via Retorno de Arquivo Bancário","SAIDA","864.68","1407","157537.61","453517.74","96419.89","","2078293.76","0","1388466.06","1574348.41","3388106.52","410923.62","312487.67","842225.48","","","0","0","AutorizacaoPagamento{exercicioContabil=2026, numero=1157, Juridicionado=01 - PREFEITURA MUNICIPAL DE VARGEM GRANDE DO SUL}",""
"2026","1210","","1210","","","","","1","Tesouro","","","","110","GERAL","0","","","1","1","Banco do Brasil S.A.","2763","4","0000030006","3","BCO BRASIL - CONTA MOVIMENTO","04/03/2026 00:00:00","DEBITO_CONTA_CORRENTE","CONTA_BANCARIA","27","","1157","17944","","","Baixa realizada via Retorno de Arquivo Bancário","SAIDA","54.86","1407","157537.61","453462.88","96419.89","","2078293.76","0","1388466.06","1574348.41","3388106.52","410923.62","312487.67","842225.48","","","0","0","AutorizacaoPagamento{exercicioContabil=2026, numero=1157, Juridicionado=01 - PREFEITURA MUNICIPAL DE VARGEM GRANDE DO SUL}",""
"2026","1210","","1210","","","","","1","Tesouro","","","","110","GERAL","0","","","1","1","Banco do Brasil S.A.","2763","4","0000030006","3","BCO BRASIL - CONTA MOVIMENTO","04/03/2026 00:00:00","DEBITO_CONTA_CORRENTE","CONTA_BANCARIA","28","","1157","17944","","","Baixa realizada via Retorno de Arquivo Bancário","SAIDA","910","1407","157537.61","452552.88","96419.89","","2078293.76","0","1388466.06","1574348.41","3388106.52","410923.62","312487.67","842225.48","","","0","0","AutorizacaoPagamento{exercicioContabil=2026, numero=1157, Juridicionado=01 - PREFEITURA MUNICIPAL DE VARGEM GRANDE DO SUL}",""
"2026","1210","","1210","","","","","1","Tesouro","","","","110","GERAL","0","","","1","1","Banco do Brasil S.A.","2763","4","0000030006","3","BCO BRASIL - CONTA MOVIMENTO","04/03/2026 00:00:00","DEBITO_CONTA_CORRENTE","CONTA_BANCARIA","29","","1157","17944","","","Baixa realizada via Retorno de Arquivo Bancário","SAIDA","906.06","1407","157537.61","451646.82","96419.89","","2078293.76","0","1388466.06","1574348.41","3388106.52","410923.62","312487.67","842225.48","","","0","0","AutorizacaoPagamento{exercicioContabil=2026, numero=1157, Juridicionado=01 - PREFEITURA MUNICIPAL DE VARGEM GRANDE DO SUL}",""
"2026","1210","","1210","","","","","1","Tesouro","","","","110","GERAL","0","","","1","1","Banco do Brasil S.A.","2763","4","0000030006","3","BCO BRASIL - CONTA MOVIMENTO","04/03/2026 00:00:00","DEBITO_CONTA_CORRENTE","CONTA_BANCARIA","30","","1157","17944","","","Baixa realizada via Retorno de Arquivo Bancário","SAIDA","222.11","1407","157537.61","451424.71","96419.89","","2078293.76","0","1388466.06","1574348.41","3388106.52","410923.62","312487.67","842225.48","","","0","0","AutorizacaoPagamento{exercicioContabil=2026, numero=1157, Juridicionado=01 - PREFEITURA MUNICIPAL DE VARGEM GRANDE DO SUL}",""
"2026","1210","","1210","","","","","1","Tesouro","","","","110","GERAL","0","","","1","1","Banco do Brasil S.A.","2763","4","0000030006","3","BCO BRASIL - CONTA MOVIMENTO","04/03/2026 00:00:00","DEBITO_CONTA_CORRENTE","CONTA_BANCARIA","31","","1157","17944","","","Baixa realizada via Retorno de Arquivo Bancário","SAIDA","170.81","1407","157537.61","451253.9","96419.89","","2078293.76","0","1388466.06","1574348.41","3388106.52","410923.62","312487.67","842225.48","","","0","0","AutorizacaoPagamento{exercicioContabil=2026, numero=1157, Juridicionado=01 - PREFEITURA MUNICIPAL DE VARGEM GRANDE DO SUL}",""
"2026","1210","","1210","","","","","1","Tesouro","","","","110","GERAL","0","","","1","1","Banco do Brasil S.A.","2763","4","0000030006","3","BCO BRASIL - CONTA MOVIMENTO","04/03/2026 00:00:00","DEBITO_CONTA_CORRENTE","CONTA_BANCARIA","32","","1157","17944","","","Baixa realizada via Retorno de Arquivo Bancário","SAIDA","110.7","1407","157537.61","451143.2","96419.89","","2078293.76","0","1388466.06","1574348.41","3388106.52","410923.62","312487.67","842225.48","","","0","0","AutorizacaoPagamento{exercicioContabil=2026, numero=1157, Juridicionado=01 - PREFEITURA MUNICIPAL DE VARGEM GRANDE DO SUL}",""
"2026","1210","","1210","","","","","1","Tesouro","","","","110","GERAL","0","","","1","1","Banco do Brasil S.A.","2763","4","0000030006","3","BCO BRASIL - CONTA MOVIMENTO","04/03/2026 00:00:00","DEBITO_CONTA_CORRENTE","CONTA_BANCARIA","33","","1157","17944","","","Baixa realizada via Retorno de Arquivo Bancário","SAIDA","975","1407","157537.61","450168.2","96419.89","","2078293.76","0","1388466.06","1574348.41","3388106.52","410923.62","312487.67","842225.48","","","0","0","AutorizacaoPagamento{exercicioContabil=2026, numero=1157, Juridicionado=01 - PREFEITURA MUNICIPAL DE VARGEM GRANDE DO SUL}",""
"2026","1210","","1210","","","","","1","Tesouro","","","","110","GERAL","0","","","1","1","Banco do Brasil S.A.","2763","4","0000030006","3","BCO BRASIL - CONTA MOVIMENTO","04/03/2026 00:00:00","DEBITO_CONTA_CORRENTE","CONTA_BANCARIA","34","","1157","17944","","","Baixa realizada via Retorno de Arquivo Bancário","SAIDA","727.68","1407","157537.61","449440.52","96419.89","","2078293.76","0","1388466.06","1574348.41","3388106.52","410923.62","312487.67","842225.48","","","0","0","AutorizacaoPagamento{exercicioContabil=2026, numero=1157, Juridicionado=01 - PREFEITURA MUNICIPAL DE VARGEM GRANDE DO SUL}",""
"2026","1210","","1210","","","","","1","Tesouro","","","","110","GERAL","0","","","1","1","Banco do Brasil S.A.","2763","4","0000030006","3","BCO BRASIL - CONTA MOVIMENTO","04/03/2026 00:00:00","DEBITO_CONTA_CORRENTE","CONTA_BANCARIA","35","","1157","17944","","","Baixa realizada via Retorno de Arquivo Bancário","SAIDA","320","1407","157537.61","449120.52","96419.89","","2078293.76","0","1388466.06","1574348.41","3388106.52","410923.62","312487.67","842225.48","","","0","0","AutorizacaoPagamento{exercicioContabil=2026, numero=1157, Juridicionado=01 - PREFEITURA MUNICIPAL DE VARGEM GRANDE DO SUL}",""
"2026","1210","","1210","","","","","1","Tesouro","","","","110","GERAL","0","","","1","1","Banco do Brasil S.A.","2763","4","0000030006","3","BCO BRASIL - CONTA MOVIMENTO","04/03/2026 00:00:00","DEBITO_CONTA_CORRENTE","CONTA_BANCARIA","36","","1157","17944","","","Baixa realizada via Retorno de Arquivo Bancário","SAIDA","274.3","1407","157537.61","448846.22","96419.89","","2078293.76","0","1388466.06","1574348.41","3388106.52","410923.62","312487.67","842225.48","","","0","0","AutorizacaoPagamento{exercicioContabil=2026, numero=1157, Juridicionado=01 - PREFEITURA MUNICIPAL DE VARGEM GRANDE DO SUL}",""
"2026","1210","","1210","","","","","1","Tesouro","","","","110","GERAL","0","","","1","1","Banco do Brasil S.A.","2763","4","0000030006","3","BCO BRASIL - CONTA MOVIMENTO","04/03/2026 00:00:00","DEBITO_CONTA_CORRENTE","CONTA_BANCARIA","37","","1157","17944","","","Baixa realizada via Retorno de Arquivo Bancário","SAIDA","1590.94","1407","157537.61","447255.28","96419.89","","2078293.76","0","1388466.06","1574348.41","3388106.52","410923.62","312487.67","842225.48","","","0","0","AutorizacaoPagamento{exercicioContabil=2026, numero=1157, Juridicionado=01 - PREFEITURA MUNICIPAL DE VARGEM GRANDE DO SUL}",""
"2026","1210","","1210","","","","","1","Tesouro","","","","110","GERAL","0","","","1","1","Banco do Brasil S.A.","2763","4","0000030006","3","BCO BRASIL - CONTA MOVIMENTO","04/03/2026 00:00:00","DEBITO_CONTA_CORRENTE","CONTA_BANCARIA","38","","1157","17944","","","Baixa realizada via Retorno de Arquivo Bancário","SAIDA","54.86","1407","157537.61","447200.42","96419.89","","2078293.76","0","1388466.06","1574348.41","3388106.52","410923.62","312487.67","842225.48","","","0","0","AutorizacaoPagamento{exercicioContabil=2026, numero=1157, Juridicionado=01 - PREFEITURA MUNICIPAL DE VARGEM GRANDE DO SUL}",""
"2026","1210","","1210","","","","","1","Tesouro","","","","110","GERAL","0","","","1","1","Banco do Brasil S.A.","2763","4","0000030006","3","BCO BRASIL - CONTA MOVIMENTO","04/03/2026 00:00:00","DEBITO_CONTA_CORRENTE","CONTA_BANCARIA","39","","1157","17944","","","Baixa realizada via Retorno de Arquivo Bancário","SAIDA","2057.79","1407","157537.61","445142.63","96419.89","","2078293.76","0","1388466.06","1574348.41","3388106.52","410923.62","312487.67","842225.48","","","0","0","AutorizacaoPagamento{exercicioContabil=2026, numero=1157, Juridicionado=01 - PREFEITURA MUNICIPAL DE VARGEM GRANDE DO SUL}",""
"2026","1210","","1210","","","","","1","Tesouro","","","","410","TRÂNSITO - SINALIZAÇÃO","0","","","1","1","Banco do Brasil S.A.","2763","4","0000030006","3","BCO BRASIL - CONTA MOVIMENTO","04/03/2026 00:00:00","DEBITO_CONTA_CORRENTE","CONTA_BANCARIA","40","","1157","17944","","","Baixa realizada via Retorno de Arquivo Bancário","SAIDA","298.87","1407","157537.61","444843.76","96419.89","","2078293.76","0","1388466.06","1574348.41","3388106.52","410923.62","312487.67","842225.48","","","0","0","AutorizacaoPagamento{exercicioContabil=2026, numero=1157, Juridicionado=01 - PREFEITURA MUNICIPAL DE VARGEM GRANDE DO SUL}",""
"2026","1210","","1210","","","","","1","Tesouro","","","","110","GERAL","0","","","1","1","Banco do Brasil S.A.","2763","4","0000030006","3","BCO BRASIL - CONTA MOVIMENTO","04/03/2026 00:00:00","DEBITO_CONTA_CORRENTE","CONTA_BANCARIA","41","","1157","17944","","","Baixa realizada via Retorno de Arquivo Bancário","SAIDA","1640","1407","157537.61","443203.76","96419.89","","2078293.76","0","1388466.06","1574348.41","3388106.52","410923.62","312487.67","842225.48","","","0","0","AutorizacaoPagamento{exercicioContabil=2026, numero=1157, Juridicionado=01 - PREFEITURA MUNICIPAL DE VARGEM GRANDE DO SUL}",""
"2026","1210","","1210","","","","","1","Tesouro","","","","110","GERAL","0","","","1","1","Banco do Brasil S.A.","2763","4","0000030006","3","BCO BRASIL - CONTA MOVIMENTO","04/03/2026 00:00:00","DEBITO_CONTA_CORRENTE","CONTA_BANCARIA","42","","1157","17944","","","Baixa realizada via Retorno de Arquivo Bancário","SAIDA","708.93","1407","157537.61","442494.83","96419.89","","2078293.76","0","1388466.06","1574348.41","3388106.52","410923.62","312487.67","842225.48","","","0","0","AutorizacaoPagamento{exercicioContabil=2026, numero=1157, Juridicionado=01 - PREFEITURA MUNICIPAL DE VARGEM GRANDE DO SUL}",""
"2026","1210","","1210","","","","","1","Tesouro","","","","110","GERAL","0","","","1","1","Banco do Brasil S.A.","2763","4","0000030006","3","BCO BRASIL - CONTA MOVIMENTO","04/03/2026 00:00:00","DEBITO_CONTA_CORRENTE","CONTA_BANCARIA","43","","1157","17944","","","Baixa realizada via Retorno de Arquivo Bancário","SAIDA","267.25","1407","157537.61","442227.58","96419.89","","2078293.76","0","1388466.06","1574348.41","3388106.52","410923.62","312487.67","842225.48","","","0","0","AutorizacaoPagamento{exercicioContabil=2026, numero=1157, Juridicionado=01 - PREFEITURA MUNICIPAL DE VARGEM GRANDE DO SUL}",""
"2026","1210","","1210","","","","","1","Tesouro","","","","110","GERAL","0","","","1","1","Banco do Brasil S.A.","2763","4","0000030006","3","BCO BRASIL - CONTA MOVIMENTO","04/03/2026 00:00:00","DEBITO_CONTA_CORRENTE","CONTA_BANCARIA","44","","1157","17944","","","Baixa realizada via Retorno de Arquivo Bancário","SAIDA","164.58","1407","157537.61","442063","96419.89","","2078293.76","0","1388466.06","1574348.41","3388106.52","410923.62","312487.67","842225.48","","","0","0","AutorizacaoPagamento{exercicioContabil=2026, numero=1157, Juridicionado=01 - PREFEITURA MUNICIPAL DE VARGEM GRANDE DO SUL}",""
"2026","1210","","1210","","","","","1","Tesouro","","","","110","GERAL","0","","","1","1","Banco do Brasil S.A.","2763","4","0000030006","3","BCO BRASIL - CONTA MOVIMENTO","04/03/2026 00:00:00","DEBITO_CONTA_CORRENTE","CONTA_BANCARIA","45","","1157","17944","","","Baixa realizada via Retorno de Arquivo Bancário","SAIDA","27.43","1407","157537.61","442035.57","96419.89","","2078293.76","0","1388466.06","1574348.41","3388106.52","410923.62","312487.67","842225.48","","","0","0","AutorizacaoPagamento{exercicioContabil=2026, numero=1157, Juridicionado=01 - PREFEITURA MUNICIPAL DE VARGEM GRANDE DO SUL}",""
"2026","1210","","1210","","","","","1","Tesouro","","","","110","GERAL","0","","","1","1","Banco do Brasil S.A.","2763","4","0000030006","3","BCO BRASIL - CONTA MOVIMENTO","04/03/2026 00:00:00","DEBITO_CONTA_CORRENTE","CONTA_BANCARIA","46","","1157","17944","","","Baixa realizada via Retorno de Arquivo Bancário","SAIDA","5600","1407","157537.61","436435.57","96419.89","","2078293.76","0","1388466.06","1574348.41","3388106.52","410923.62","312487.67","842225.48","","","0","0","AutorizacaoPagamento{exercicioContabil=2026, numero=1157, Juridicionado=01 - PREFEITURA MUNICIPAL DE VARGEM GRANDE DO SUL}",""
"2026","1210","","1210","","","","","1","Tesouro","","","","110","GERAL","0","","","1","1","Banco do Brasil S.A.","2763","4","0000030006","3","BCO BRASIL - CONTA MOVIMENTO","04/03/2026 00:00:00","DEBITO_CONTA_CORRENTE","CONTA_BANCARIA","47","","1157","17944","","","Baixa realizada via Retorno de Arquivo Bancário","SAIDA","602.15","1407","157537.61","435833.42","96419.89","","2078293.76","0","1388466.06","1574348.41","3388106.52","410923.62","312487.67","842225.48","","","0","0","AutorizacaoPagamento{exercicioContabil=2026, numero=1157, Juridicionado=01 - PREFEITURA MUNICIPAL DE VARGEM GRANDE DO SUL}",""
"2026","1210","","1210","","","","","1","Tesouro","","","","110","GERAL","0","","","1","1","Banco do Brasil S.A.","2763","4","0000030006","3","BCO BRASIL - CONTA MOVIMENTO","04/03/2026 00:00:00","DEBITO_CONTA_CORRENTE","CONTA_BANCARIA","48","","1157","17944","","","Baixa realizada via Retorno de Arquivo Bancário","SAIDA","698.57","1407","157537.61","435134.85","96419.89","","2078293.76","0","1388466.06","1574348.41","3388106.52","410923.62","312487.67","842225.48","","","0","0","AutorizacaoPagamento{exercicioContabil=2026, numero=1157, Juridicionado=01 - PREFEITURA MUNICIPAL DE VARGEM GRANDE DO SUL}",""
"2026","1210","","1210","","","","","1","Tesouro","","","","110","GERAL","0","","","1","1","Banco do Brasil S.A.","2763","4","0000030006","3","BCO BRASIL - CONTA MOVIMENTO","04/03/2026 00:00:00","DEBITO_CONTA_CORRENTE","CONTA_BANCARIA","49","","1157","17944","","","Baixa realizada via Retorno de Arquivo Bancário","SAIDA","1679.6","1407","157537.61","433455.25","96419.89","","2078293.76","0","1388466.06","1574348.41","3388106.52","410923.62","312487.67","842225.48","","","0","0","AutorizacaoPagamento{exercicioContabil=2026, numero=1157, Juridicionado=01 - PREFEITURA MUNICIPAL DE VARGEM GRANDE DO SUL}",""
"2026","1210","","1210","","","","","1","Tesouro","","","","110","GERAL","0","","","1","1","Banco do Brasil S.A.","2763","4","0000030006","3","BCO BRASIL - CONTA MOVIMENTO","04/03/2026 00:00:00","DEBITO_CONTA_CORRENTE","CONTA_BANCARIA","50","","1157","17944","","","Baixa realizada via Retorno de Arquivo Bancário","SAIDA","4","1407","157537.61","433451.25","96419.89","","2078293.76","0","1388466.06","1574348.41","3388106.52","410923.62","312487.67","842225.48","","","0","0","AutorizacaoPagamento{exercicioContabil=2026, numero=1157, Juridicionado=01 - PREFEITURA MUNICIPAL DE VARGEM GRANDE DO SUL}",""
"2026","1210","","1210","","","","","1","Tesouro","","","","110","GERAL","0","","","1","1","Banco do Brasil S.A.","2763","4","0000030006","3","BCO BRASIL - CONTA MOVIMENTO","04/03/2026 00:00:00","DEBITO_CONTA_CORRENTE","CONTA_BANCARIA","51","","1157","17944","","","Baixa realizada via Retorno de Arquivo Bancário","SAIDA","787.21","1407","157537.61","432664.04","96419.89","","2078293.76","0","1388466.06","1574348.41","3388106.52","410923.62","312487.67","842225.48","","","0","0","AutorizacaoPagamento{exercicioContabil=2026, numero=1157, Juridicionado=01 - PREFEITURA MUNICIPAL DE VARGEM GRANDE DO SUL}",""
"2026","1210","","1210","","","","","1","Tesouro","","","","110","GERAL","0","","","1","1","Banco do Brasil S.A.","2763","4","0000030006","3","BCO BRASIL - CONTA MOVIMENTO","04/03/2026 00:00:00","DEBITO_CONTA_CORRENTE","CONTA_BANCARIA","52","","1157","17944","","","Baixa realizada via Retorno de Arquivo Bancário","SAIDA","239","1407","157537.61","432425.04","96419.89","","2078293.76","0","1388466.06","1574348.41","3388106.52","410923.62","312487.67","842225.48","","","0","0","AutorizacaoPagamento{exercicioContabil=2026, numero=1157, Juridicionado=01 - PREFEITURA MUNICIPAL DE VARGEM GRANDE DO SUL}",""
"2026","1210","","1210","","","","","1","Tesouro","","","","110","GERAL","0","","","1","1","Banco do Brasil S.A.","2763","4","0000030006","3","BCO BRASIL - CONTA MOVIMENTO","04/03/2026 00:00:00","DEBITO_CONTA_CORRENTE","CONTA_BANCARIA","53","","1157","17944","","","Baixa realizada via Retorno de Arquivo Bancário","SAIDA","150","1407","157537.61","432275.04","96419.89","","2078293.76","0","1388466.06","1574348.41","3388106.52","410923.62","312487.67","842225.48","","","0","0","AutorizacaoPagamento{exercicioContabil=2026, numero=1157, Juridicionado=01 - PREFEITURA MUNICIPAL DE VARGEM GRANDE DO SUL}",""
"2026","1210","","1210","","","","","1","Tesouro","","","","410","TRÂNSITO - SINALIZAÇÃO","0","","","1","1","Banco do Brasil S.A.","2763","4","0000030006","3","BCO BRASIL - CONTA MOVIMENTO","04/03/2026 00:00:00","DEBITO_CONTA_CORRENTE","CONTA_BANCARIA","54","","1157","17944","","","Baixa realizada via Retorno de Arquivo Bancário","SAIDA","1390","1407","157537.61","430885.04","96419.89","","2078293.76","0","1388466.06","1574348.41","3388106.52","410923.62","312487.67","842225.48","","","0","0","AutorizacaoPagamento{exercicioContabil=2026, numero=1157, Juridicionado=01 - PREFEITURA MUNICIPAL DE VARGEM GRANDE DO SUL}",""
"2026","1210","","1210","","","","","1","Tesouro","","","","410","TRÂNSITO - SINALIZAÇÃO","0","","","1","1","Banco do Brasil S.A.","2763","4","0000030006","3","BCO BRASIL - CONTA MOVIMENTO","04/03/2026 00:00:00","DEBITO_CONTA_CORRENTE","CONTA_BANCARIA","55","","1157","17944","","","Baixa realizada via Retorno de Arquivo Bancário","SAIDA","700","1407","157537.61","430185.04","96419.89","","2078293.76","0","1388466.06","1574348.41","3388106.52","410923.62","312487.67","842225.48","","","0","0","AutorizacaoPagamento{exercicioContabil=2026, numero=1157, Juridicionado=01 - PREFEITURA MUNICIPAL DE VARGEM GRANDE DO SUL}",""
"2026","1210","","1210","","","","","1","Tesouro","","","","110","GERAL","0","","","1","1","Banco do Brasil S.A.","2763","4","0000030006","3","BCO BRASIL - CONTA MOVIMENTO","04/03/2026 00:00:00","DEBITO_CONTA_CORRENTE","CONTA_BANCARIA","56","","1157","17944","","","Baixa realizada via Retorno de Arquivo Bancário","SAIDA","1078.2","1407","157537.61","429106.84","96419.89","","2078293.76","0","1388466.06","1574348.41","3388106.52","410923.62","312487.67","842225.48","","","0","0","AutorizacaoPagamento{exercicioContabil=2026, numero=1157, Juridicionado=01 - PREFEITURA MUNICIPAL DE VARGEM GRANDE DO SUL}",""
"2026","1210","","1210","","","","","1","Tesouro","","","","110","GERAL","0","","","1","1","Banco do Brasil S.A.","2763","4","0000030006","3","BCO BRASIL - CONTA MOVIMENTO","04/03/2026 00:00:00","DEBITO_CONTA_CORRENTE","CONTA_BANCARIA","57","","1157","17944","","","Baixa realizada via Retorno de Arquivo Bancário","SAIDA","54.86","1407","157537.61","429051.98","96419.89","","2078293.76","0","1388466.06","1574348.41","3388106.52","410923.62","312487.67","842225.48","","","0","0","AutorizacaoPagamento{exercicioContabil=2026, numero=1157, Juridicionado=01 - PREFEITURA MUNICIPAL DE VARGEM GRANDE DO SUL}",""
"2026","1210","","1210","","","","","1","Tesouro","","","","410","TRÂNSITO - SINALIZAÇÃO","0","","","1","1","Banco do Brasil S.A.","2763","4","0000030006","3","BCO BRASIL - CONTA MOVIMENTO","04/03/2026 00:00:00","DEBITO_CONTA_CORRENTE","CONTA_BANCARIA","58","","1157","17944","","","Baixa realizada via Retorno de Arquivo Bancário","SAIDA","548.6","1407","157537.61","428503.38","96419.89","","2078293.76","0","1388466.06","1574348.41","3388106.52","410923.62","312487.67","842225.48","","","0","0","AutorizacaoPagamento{exercicioContabil=2026, numero=1157, Juridicionado=01 - PREFEITURA MUNICIPAL DE VARGEM GRANDE DO SUL}",""
"2026","1210","","1210","","","","","1","Tesouro","","","","510","ASSISTÊNCIA SOCIAL - GERAL","0","","","1","1","Banco do Brasil S.A.","2763","4","0000030006","3","BCO BRASIL - CONTA MOVIMENTO","04/03/2026 00:00:00","DEBITO_CONTA_CORRENTE","CONTA_BANCARIA","59","","1157","17944","","","Baixa realizada via Retorno de Arquivo Bancário","SAIDA","219.44","1407","157537.61","428283.94","96419.89","","2078293.76","0","1388466.06","1574348.41","3388106.52","410923.62","312487.67","842225.48","","","0","0","AutorizacaoPagamento{exercicioContabil=2026, numero=1157, Juridicionado=01 - PREFEITURA MUNICIPAL DE VARGEM GRANDE DO SUL}",""
"2026","1210","","1210","","","","","1","Tesouro","","","","510","ASSISTÊNCIA SOCIAL - GERAL","0","","","1","1","Banco do Brasil S.A.","2763","4","0000030006","3","BCO BRASIL - CONTA MOVIMENTO","04/03/2026 00:00:00","DEBITO_CONTA_CORRENTE","CONTA_BANCARIA","60","","1157","17944","","","Baixa realizada via Retorno de Arquivo Bancário","SAIDA","104.08","1407","157537.61","428179.86","96419.89","","2078293.76","0","1388466.06","1574348.41","3388106.52","410923.62","312487.67","842225.48","","","0","0","AutorizacaoPagamento{exercicioContabil=2026, numero=1157, Juridicionado=01 - PREFEITURA MUNICIPAL DE VARGEM GRANDE DO SUL}",""
"2026","1210","","1210","","","","","1","Tesouro","","","","110","GERAL","0","","","1","1","Banco do Brasil S.A.","2763","4","0000030006","3","BCO BRASIL - CONTA MOVIMENTO","04/03/2026 00:00:00","DEBITO_CONTA_CORRENTE","CONTA_BANCARIA","61","","1157","17944","","","Baixa realizada via Retorno de Arquivo Bancário","SAIDA","5.64","1407","157537.61","428174.22","96419.89","","2078293.76","0","1388466.06","1574348.41","3388106.52","410923.62","312487.67","842225.48","","","0","0","AutorizacaoPagamento{exercicioContabil=2026, numero=1157, Juridicionado=01 - PREFEITURA MUNICIPAL DE VARGEM GRANDE DO SUL}",""
"2026","1210","","1210","","","","","1","Tesouro","","","","110","GERAL","0","","","1","1","Banco do Brasil S.A.","2763","4","0000030006","3","BCO BRASIL - CONTA MOVIMENTO","04/03/2026 00:00:00","DEBITO_CONTA_CORRENTE","CONTA_BANCARIA","62","","1157","17944","","","Baixa realizada via Retorno de Arquivo Bancário","SAIDA","26.02","1407","157537.61","428148.2","96419.89","","2078293.76","0","1388466.06","1574348.41","3388106.52","410923.62","312487.67","842225.48","","","0","0","AutorizacaoPagamento{exercicioContabil=2026, numero=1157, Juridicionado=01 - PREFEITURA MUNICIPAL DE VARGEM GRANDE DO SUL}",""
"2026","1210","","1210","","","","","1","Tesouro","","","","110","GERAL","0","","","1","1","Banco do Brasil S.A.","2763","4","0000030006","3","BCO BRASIL - CONTA MOVIMENTO","04/03/2026 00:00:00","DEBITO_CONTA_CORRENTE","CONTA_BANCARIA","63","","1157","17944","","","Baixa realizada via Retorno de Arquivo Bancário","SAIDA","1.41","1407","157537.61","428146.79","96419.89","","2078293.76","0","1388466.06","1574348.41","3388106.52","410923.62","312487.67","842225.48","","","0","0","AutorizacaoPagamento{exercicioContabil=2026, numero=1157, Juridicionado=01 - PREFEITURA MUNICIPAL DE VARGEM GRANDE DO SUL}",""
"2026","1210","","1210","","","","","1","Tesouro","","","","110","GERAL","0","","","1","1","Banco do Brasil S.A.","2763","4","0000030006","3","BCO BRASIL - CONTA MOVIMENTO","04/03/2026 00:00:00","DEBITO_CONTA_CORRENTE","CONTA_BANCARIA","64","","1157","17944","","","Baixa realizada via Retorno de Arquivo Bancário","SAIDA","26.02","1407","157537.61","428120.77","96419.89","","2078293.76","0","1388466.06","1574348.41","3388106.52","410923.62","312487.67","842225.48","","","0","0","AutorizacaoPagamento{exercicioContabil=2026, numero=1157, Juridicionado=01 - PREFEITURA MUNICIPAL DE VARGEM GRANDE DO SUL}",""
"2026","1210","","1210","","","","","1","Tesouro","","","","110","GERAL","0","","","1","1","Banco do Brasil S.A.","2763","4","0000030006","3","BCO BRASIL - CONTA MOVIMENTO","04/03/2026 00:00:00","DEBITO_CONTA_CORRENTE","CONTA_BANCARIA","65","","1157","17944","","","Baixa realizada via Retorno de Arquivo Bancário","SAIDA","1.41","1407","157537.61","428119.36","96419.89","","2078293.76","0","1388466.06","1574348.41","3388106.52","410923.62","312487.67","842225.48","","","0","0","AutorizacaoPagamento{exercicioContabil=2026, numero=1157, Juridicionado=01 - PREFEITURA MUNICIPAL DE VARGEM GRANDE DO SUL}",""
"2026","1210","","1210","","","","","1","Tesouro","","","","110","GERAL","0","","","1","1","Banco do Brasil S.A.","2763","4","0000030006","3","BCO BRASIL - CONTA MOVIMENTO","04/03/2026 00:00:00","DEBITO_CONTA_CORRENTE","CONTA_BANCARIA","66","","1157","17944","","","Baixa realizada via Retorno de Arquivo Bancário","SAIDA","78.06","1407","157537.61","428041.3","96419.89","","2078293.76","0","1388466.06","1574348.41","3388106.52","410923.62","312487.67","842225.48","","","0","0","AutorizacaoPagamento{exercicioContabil=2026, numero=1157, Juridicionado=01 - PREFEITURA MUNICIPAL DE VARGEM GRANDE DO SUL}",""
"2026","1210","","1210","","","","","1","Tesouro","","","","110","GERAL","0","","","1","1","Banco do Brasil S.A.","2763","4","0000030006","3","BCO BRASIL - CONTA MOVIMENTO","04/03/2026 00:00:00","DEBITO_CONTA_CORRENTE","CONTA_BANCARIA","67","","1157","17944","","","Baixa realizada via Retorno de Arquivo Bancário","SAIDA","4.23","1407","157537.61","428037.07","96419.89","","2078293.76","0","1388466.06","1574348.41","3388106.52","410923.62","312487.67","842225.48","","","0","0","AutorizacaoPagamento{exercicioContabil=2026, numero=1157, Juridicionado=01 - PREFEITURA MUNICIPAL DE VARGEM GRANDE DO SUL}",""
"2026","1210","","1210","","","","","1","Tesouro","","","","110","GERAL","0","","","1","1","Banco do Brasil S.A.","2763","4","0000030006","3","BCO BRASIL - CONTA MOVIMENTO","04/03/2026 00:00:00","DEBITO_CONTA_CORRENTE","CONTA_BANCARIA","68","","1157","17944","","","Baixa realizada via Retorno de Arquivo Bancário","SAIDA","26.02","1407","157537.61","428011.05","96419.89","","2078293.76","0","1388466.06","1574348.41","3388106.52","410923.62","312487.67","842225.48","","","0","0","AutorizacaoPagamento{exercicioContabil=2026, numero=1157, Juridicionado=01 - PREFEITURA MUNICIPAL DE VARGEM GRANDE DO SUL}",""
"2026","1210","","1210","","","","","1","Tesouro","","","","110","GERAL","0","","","1","1","Banco do Brasil S.A.","2763","4","0000030006","3","BCO BRASIL - CONTA MOVIMENTO","04/03/2026 00:00:00","DEBITO_CONTA_CORRENTE","CONTA_BANCARIA","69","","1157","17944","","","Baixa realizada via Retorno de Arquivo Bancário","SAIDA","28.84","1407","157537.61","427982.21","96419.89","","2078293.76","0","1388466.06","1574348.41","3388106.52","410923.62","312487.67","842225.48","","","0","0","AutorizacaoPagamento{exercicioContabil=2026, numero=1157, Juridicionado=01 - PREFEITURA MUNICIPAL DE VARGEM GRANDE DO SUL}",""
"2026","1210","","1210","","","","","1","Tesouro","","","","110","GERAL","0","","","1","1","Banco do Brasil S.A.","2763","4","0000030006","3","BCO BRASIL - CONTA MOVIMENTO","04/03/2026 00:00:00","DEBITO_CONTA_CORRENTE","CONTA_BANCARIA","70","","1157","17944","","","Baixa realizada via Retorno de Arquivo Bancário","SAIDA","26.02","1407","157537.61","427956.19","96419.89","","2078293.76","0","1388466.06","1574348.41","3388106.52","410923.62","312487.67","842225.48","","","0","0","AutorizacaoPagamento{exercicioContabil=2026, numero=1157, Juridicionado=01 - PREFEITURA MUNICIPAL DE VARGEM GRANDE DO SUL}",""
"2026","1210","","1210","","","","","1","Tesouro","","","","110","GERAL","0","","","1","1","Banco do Brasil S.A.","2763","4","0000030006","3","BCO BRASIL - CONTA MOVIMENTO","04/03/2026 00:00:00","DEBITO_CONTA_CORRENTE","CONTA_BANCARIA","71","","1157","17944","","","Baixa realizada via Retorno de Arquivo Bancário","SAIDA","53.45","1407","157537.61","427902.74","96419.89","","2078293.76","0","1388466.06","1574348.41","3388106.52","410923.62","312487.67","842225.48","","","0","0","AutorizacaoPagamento{exercicioContabil=2026, numero=1157, Juridicionado=01 - PREFEITURA MUNICIPAL DE VARGEM GRANDE DO SUL}",""
"2026","1210","","1210","","","","","1","Tesouro","","","","510","ASSISTÊNCIA SOCIAL - GERAL","0","","","1","1","Banco do Brasil S.A.","2763","4","0000030006","3","BCO BRASIL - CONTA MOVIMENTO","04/03/2026 00:00:00","DEBITO_CONTA_CORRENTE","CONTA_BANCARIA","72","","1157","17944","","","Baixa realizada via Retorno de Arquivo Bancário","SAIDA","104.08","1407","157537.61","427798.66","96419.89","","2078293.76","0","1388466.06","1574348.41","3388106.52","410923.62","312487.67","842225.48","","","0","0","AutorizacaoPagamento{exercicioContabil=2026, numero=1157, Juridicionado=01 - PREFEITURA MUNICIPAL DE VARGEM GRANDE DO SUL}",""
"2026","1210","","1210","","","","","1","Tesouro","","","","110","GERAL","0","","","1","1","Banco do Brasil S.A.","2763","4","0000030006","3","BCO BRASIL - CONTA MOVIMENTO","04/03/2026 00:00:00","DEBITO_CONTA_CORRENTE","CONTA_BANCARIA","73","","1157","17944","","","Baixa realizada via Retorno de Arquivo Bancário","SAIDA","26.02","1407","157537.61","427772.64","96419.89","","2078293.76","0","1388466.06","1574348.41","3388106.52","410923.62","312487.67","842225.48","","","0","0","AutorizacaoPagamento{exercicioContabil=2026, numero=1157, Juridicionado=01 - PREFEITURA MUNICIPAL DE VARGEM GRANDE DO SUL}",""
"2026","1210","","1210","","","","","1","Tesouro","","","","110","GERAL","0","","","1","1","Banco do Brasil S.A.","2763","4","0000030006","3","BCO BRASIL - CONTA MOVIMENTO","04/03/2026 00:00:00","DEBITO_CONTA_CORRENTE","CONTA_BANCARIA","74","","1157","17944","","","Baixa realizada via Retorno de Arquivo Bancário","SAIDA","26.02","1407","157537.61","427746.62","96419.89","","2078293.76","0","1388466.06","1574348.41","3388106.52","410923.62","312487.67","842225.48","","","0","0","AutorizacaoPagamento{exercicioContabil=2026, numero=1157, Juridicionado=01 - PREFEITURA MUNICIPAL DE VARGEM GRANDE DO SUL}",""
"2026","1210","","1210","","","","","1","Tesouro","","","","410","TRÂNSITO - SINALIZAÇÃO","0","","","1","1","Banco do Brasil S.A.","2763","4","0000030006","3","BCO BRASIL - CONTA MOVIMENTO","04/03/2026 00:00:00","DEBITO_CONTA_CORRENTE","CONTA_BANCARIA","75","","1157","17944","","","Baixa realizada via Retorno de Arquivo Bancário","SAIDA","260.2","1407","157537.61","427486.42","96419.89","","2078293.76","0","1388466.06","1574348.41","3388106.52","410923.62","312487.67","842225.48","","","0","0","AutorizacaoPagamento{exercicioContabil=2026, numero=1157, Juridicionado=01 - PREFEITURA MUNICIPAL DE VARGEM GRANDE DO SUL}",""
"2026","1210","","1210","","","","","1","Tesouro","","","","110","GERAL","0","","","1","1","Banco do Brasil S.A.","2763","4","0000030006","3","BCO BRASIL - CONTA MOVIMENTO","04/03/2026 00:00:00","DEBITO_CONTA_CORRENTE","CONTA_BANCARIA","76","","1157","17944","","","Baixa realizada via Retorno de Arquivo Bancário","SAIDA","78.06","1407","157537.61","427408.36","96419.89","","2078293.76","0","1388466.06","1574348.41","3388106.52","410923.62","312487.67","842225.48","","","0","0","AutorizacaoPagamento{exercicioContabil=2026, numero=1157, Juridicionado=01 - PREFEITURA MUNICIPAL DE VARGEM GRANDE DO SUL}",""
"2026","1210","","1210","","","","","1","Tesouro","","","","110","GERAL","0","","","1","1","Banco do Brasil S.A.","2763","4","0000030006","3","BCO BRASIL - CONTA MOVIMENTO","04/03/2026 00:00:00","DEBITO_CONTA_CORRENTE","CONTA_BANCARIA","77","","1157","17944","","","Baixa realizada via Retorno de Arquivo Bancário","SAIDA","1550.05","1407","157537.61","425858.31","96419.89","","2078293.76","0","1388466.06","1574348.41","3388106.52","410923.62","312487.67","842225.48","","","0","0","AutorizacaoPagamento{exercicioContabil=2026, numero=1157, Juridicionado=01 - PREFEITURA MUNICIPAL DE VARGEM GRANDE DO SUL}",""
"2026","1210","","1210","","","","","1","Tesouro","","","","110","GERAL","0","","","1","1","Banco do Brasil S.A.","2763","4","0000030006","3","BCO BRASIL - CONTA MOVIMENTO","04/03/2026 00:00:00","DEBITO_CONTA_CORRENTE","CONTA_BANCARIA","78","","1157","17944","","","Baixa realizada via Retorno de Arquivo Bancário","SAIDA","53.45","1407","157537.61","425804.86","96419.89","","2078293.76","0","1388466.06","1574348.41","3388106.52","410923.62","312487.67","842225.48","","","0","0","AutorizacaoPagamento{exercicioContabil=2026, numero=1157, Juridicionado=01 - PREFEITURA MUNICIPAL DE VARGEM GRANDE DO SUL}",""
"2026","1210","","1210","","","","","1","Tesouro","","","","110","GERAL","0","","","1","1","Banco do Brasil S.A.","2763","4","0000030006","3","BCO BRASIL - CONTA MOVIMENTO","04/03/2026 00:00:00","DEBITO_CONTA_CORRENTE","CONTA_BANCARIA","79","","1157","17944","","","Baixa realizada via Retorno de Arquivo Bancário","SAIDA","216.62","1407","157537.61","425588.24","96419.89","","2078293.76","0","1388466.06","1574348.41","3388106.52","410923.62","312487.67","842225.48","","","0","0","AutorizacaoPagamento{exercicioContabil=2026, numero=1157, Juridicionado=01 - PREFEITURA MUNICIPAL DE VARGEM GRANDE DO SUL}",""
"2026","1210","","1210","","","","","1","Tesouro","","","","410","TRÂNSITO - SINALIZAÇÃO","0","","","1","1","Banco do Brasil S.A.","2763","4","0000030006","3","BCO BRASIL - CONTA MOVIMENTO","04/03/2026 00:00:00","DEBITO_CONTA_CORRENTE","CONTA_BANCARIA","80","","1157","17944","","","Baixa realizada via Retorno de Arquivo Bancário","SAIDA","274.3","1407","157537.61","425313.94","96419.89","","2078293.76","0","1388466.06","1574348.41","3388106.52","410923.62","312487.67","842225.48","","","0","0","AutorizacaoPagamento{exercicioContabil=2026, numero=1157, Juridicionado=01 - PREFEITURA MUNICIPAL DE VARGEM GRANDE DO SUL}",""
"2026","1210","","1210","","","","","1","Tesouro","","","","110","GERAL","0","","","1","1","Banco do Brasil S.A.","2763","4","0000030006","3","BCO BRASIL - CONTA MOVIMENTO","04/03/2026 00:00:00","DEBITO_CONTA_CORRENTE","CONTA_BANCARIA","81","","1157","17944","","","Baixa realizada via Retorno de Arquivo Bancário","SAIDA","83.7","1407","157537.61","425230.24","96419.89","","2078293.76","0","1388466.06","1574348.41","3388106.52","410923.62","312487.67","842225.48","","","0","0","AutorizacaoPagamento{exercicioContabil=2026, numero=1157, Juridicionado=01 - PREFEITURA MUNICIPAL DE VARGEM GRANDE DO SUL}",""
"2026","1210","","1210","","","","","1","Tesouro","","","","410","TRÂNSITO - SINALIZAÇÃO","0","","","1","1","Banco do Brasil S.A.","2763","4","0000030006","3","BCO BRASIL - CONTA MOVIMENTO","04/03/2026 00:00:00","DEBITO_CONTA_CORRENTE","CONTA_BANCARIA","82","","","","481","","Transferência Aut. para compensação de Descontos de parcelas: Aut. Pagto.[1157/2026].","SAIDA","6.13","1407","157537.61","425224.11","96419.89","","2078293.76","0","1388466.06","1574348.41","3388106.52","410923.62","312487.67","842225.48","","","0","0","",""
"2026","1210","","1210","","","","","1","Tesouro","","","","110","GERAL","0","","","1","1","Banco do Brasil S.A.","2763","4","0000030006","3","BCO BRASIL - CONTA MOVIMENTO","05/03/2026 00:00:00","CREDITO_CONTA_CORRENTE","CONTA_BANCARIA","1","","","","484","","Transf ref encargos Folha Pagto mês de fevereiro de 2026","ENTRADA","1107.25","1407","157537.61","426331.36","96419.89","","2078293.76","0","1388466.06","1574348.41","3388106.52","410923.62","312487.67","842225.48","","","0","0","",""
"2026","1210","","1210","","","","","1","Tesouro","","","","110","GERAL","0","","","1","1","Banco do Brasil S.A.","2763","4","0000030006","3","BCO BRASIL - CONTA MOVIMENTO","05/03/2026 00:00:00","CREDITO_CONTA_CORRENTE","CONTA_BANCARIA","2","","","","488","","Transferência entre contas","ENTRADA","750000","1407","157537.61","1176331.36","96419.89","","2078293.76","0","1388466.06","1574348.41","3388106.52","410923.62","312487.67","842225.48","","","0","0","",""
"2026","1210","","1210","","","","","1","Tesouro","","","","110","GERAL","0","","","1","1","Banco do Brasil S.A.","2763","4","0000030006","3","BCO BRASIL - CONTA MOVIMENTO","05/03/2026 00:00:00","DEBITO_CONTA_CORRENTE","CONTA_BANCARIA","2","","1268","18125","","","NE 1108/2026","SAIDA","975","1407","157537.61","1175356.36","96419.89","","2078293.76","0","1388466.06","1574348.41","3388106.52","410923.62","312487.67","842225.48","","","0","0","AutorizacaoPagamento{exercicioContabil=2026, numero=1268, Juridicionado=01 - PREFEITURA MUNICIPAL DE VARGEM GRANDE DO SUL}",""
"2026","1210","","1210","","","","","1","Tesouro","","","","110","GERAL","0","","","1","1","Banco do Brasil S.A.","2763","4","0000030006","3","BCO BRASIL - CONTA MOVIMENTO","05/03/2026 00:00:00","CREDITO_CONTA_CORRENTE","CONTA_BANCARIA","3","","","","489","","Transferência entre contas","ENTRADA","90000","1407","157537.61","1265356.36","96419.89","","2078293.76","0","1388466.06","1574348.41","3388106.52","410923.62","312487.67","842225.48","","","0","0","",""
"2026","1210","","1210","","","","","1","Tesouro","","","","110","GERAL","0","","","1","1","Banco do Brasil S.A.","2763","4","0000030006","3","BCO BRASIL - CONTA MOVIMENTO","05/03/2026 00:00:00","DEBITO_CONTA_CORRENTE","CONTA_BANCARIA","3","","1269","18126","","","NE 2496/2026","SAIDA","910","1407","157537.61","1264446.36","96419.89","","2078293.76","0","1388466.06","1574348.41","3388106.52","410923.62","312487.67","842225.48","","","0","0","AutorizacaoPagamento{exercicioContabil=2026, numero=1269, Juridicionado=01 - PREFEITURA MUNICIPAL DE VARGEM GRANDE DO SUL}",""
"2026","1210","","1210","","","","","1","Tesouro","","","","110","GERAL","0","","","1","1","Banco do Brasil S.A.","2763","4","0000030006","3","BCO BRASIL - CONTA MOVIMENTO","05/03/2026 00:00:00","CREDITO_CONTA_CORRENTE","CONTA_BANCARIA","4","","","","490","","Transferência entre contas","ENTRADA","230000","1407","157537.61","1494446.36","96419.89","","2078293.76","0","1388466.06","1574348.41","3388106.52","410923.62","312487.67","842225.48","","","0","0","",""
"2026","1210","","1210","","","","","1","Tesouro","","","","110","GERAL","0","","","1","1","Banco do Brasil S.A.","2763","4","0000030006","3","BCO BRASIL - CONTA MOVIMENTO","05/03/2026 00:00:00","DEBITO_CONTA_CORRENTE","CONTA_BANCARIA","4","","","","493","","Transferência entre contas","SAIDA","1300000","1407","157537.61","194446.36","96419.89","","2078293.76","0","1388466.06","1574348.41","3388106.52","410923.62","312487.67","842225.48","","","0","0","",""
"2026","1210","","1210","","","","","1","Tesouro","","","","110","GERAL","0","","","1","1","Banco do Brasil S.A.","2763","4","0000030006","3","BCO BRASIL - CONTA MOVIMENTO","05/03/2026 00:00:00","CREDITO_CONTA_CORRENTE","CONTA_BANCARIA","5","","","","491","","Transferência entre contas","ENTRADA","40000","1407","157537.61","234446.36","96419.89","","2078293.76","0","1388466.06","1574348.41","3388106.52","410923.62","312487.67","842225.48","","","0","0","",""
"2026","1210","","1210","","","","","1","Tesouro","","","","110","GERAL","0","","","1","1","Banco do Brasil S.A.","2763","4","0000030006","3","BCO BRASIL - CONTA MOVIMENTO","05/03/2026 00:00:00","DEBITO_CONTA_CORRENTE","CONTA_BANCARIA","5","","","","494","","Transferência entre contas","SAIDA","900000","1407","157537.61","-665553.64","96419.89","","2078293.76","0","1388466.06","1574348.41","3388106.52","410923.62","312487.67","842225.48","","","0","0","",""
"2026","1210","","1210","","","","","1","Tesouro","","","","110","GERAL","0","","","1","1","Banco do Brasil S.A.","2763","4","0000030006","3","BCO BRASIL - CONTA MOVIMENTO","05/03/2026 00:00:00","CREDITO_CONTA_CORRENTE","CONTA_BANCARIA","6","","","","492","","Transferência entre contas","ENTRADA","200000","1407","157537.61","-465553.64","96419.89","","2078293.76","0","1388466.06","1574348.41","3388106.52","410923.62","312487.67","842225.48","","","0","0","",""
"2026","1210","","1210","","","","","1","Tesouro","","","","110","GERAL","0","","","1","1","Banco do Brasil S.A.","2763","4","0000030006","3","BCO BRASIL - CONTA MOVIMENTO","05/03/2026 00:00:00","DEBITO_CONTA_CORRENTE","CONTA_BANCARIA","6","","1281","18138","","","NE 2629/2026","SAIDA","12014.06","1407","157537.61","-477567.7","96419.89","","2078293.76","0","1388466.06","1574348.41","3388106.52","410923.62","312487.67","842225.48","","","0","0","AutorizacaoPagamento{exercicioContabil=2026, numero=1281, Juridicionado=01 - PREFEITURA MUNICIPAL DE VARGEM GRANDE DO SUL}",""
"2026","1210","","1210","","","","","19","RECURSOS EXTRAÓRÇAMENTÁRIOS","","","","190","MOVIMENTAÇÕES EXTRAORÇAMENTÁRIAS GERAL","0","","","1","1","Banco do Brasil S.A.","2763","4","0000030006","3","BCO BRASIL - CONTA MOVIMENTO","05/03/2026 00:00:00","CREDITO_CONTA_CORRENTE","CONTA_BANCARIA","7","","","","495","","Transferência Aut. para compensação de Descontos de parcelas: Aut. Pagto.[1281/2026].","ENTRADA","932.31","1407","157537.61","-476635.39","96419.89","","2078293.76","0","1388466.06","1574348.41","3388106.52","410923.62","312487.67","842225.48","","","0","0","",""
"2026","1210","","1210","","","","","1","Tesouro","","","","110","GERAL","0","","","1","1","Banco do Brasil S.A.","2763","4","0000030006","3","BCO BRASIL - CONTA MOVIMENTO","05/03/2026 00:00:00","DEBITO_CONTA_CORRENTE","CONTA_BANCARIA","7","","","","495","","Transferência Aut. para compensação de Descontos de parcelas: Aut. Pagto.[1281/2026].","SAIDA","932.31","1407","157537.61","-477567.7","96419.89","","2078293.76","0","1388466.06","1574348.41","3388106.52","410923.62","312487.67","842225.48","","","0","0","",""
"2026","1210","","1210","","","","","1","Tesouro","","","","110","GERAL","0","","","1","1","Banco do Brasil S.A.","2763","4","0000030006","3","BCO BRASIL - CONTA MOVIMENTO","05/03/2026 00:00:00","CREDITO_CONTA_CORRENTE","CONTA_BANCARIA","8","","","","497","","Transf ref IR Ferrari Med Distrib de Medic Ltda (NF 8413)","ENTRADA","37.37","1407","157537.61","-477530.33","96419.89","","2078293.76","0","1388466.06","1574348.41","3388106.52","410923.62","312487.67","842225.48","","","0","0","",""
"2026","1210","","1210","","","","","19","RECURSOS EXTRAÓRÇAMENTÁRIOS","","","","190","MOVIMENTAÇÕES EXTRAORÇAMENTÁRIAS GERAL","0","","","1","1","Banco do Brasil S.A.","2763","4","0000030006","3","BCO BRASIL - CONTA MOVIMENTO","05/03/2026 00:00:00","DEBITO_CONTA_CORRENTE","CONTA_BANCARIA","8","","1282","18139","","","DE 893/2026","SAIDA","932.31","1407","157537.61","-478462.64","96419.89","","2078293.76","0","1388466.06","1574348.41","3388106.52","410923.62","312487.67","842225.48","","","0","0","AutorizacaoPagamento{exercicioContabil=2026, numero=1282, Juridicionado=01 - PREFEITURA MUNICIPAL DE VARGEM GRANDE DO SUL}",""
"2026","1210","","1210","","","","","1","Tesouro","","","","110","GERAL","0","","","1","1","Banco do Brasil S.A.","2763","4","0000030006","3","BCO BRASIL - CONTA MOVIMENTO","05/03/2026 00:00:00","CREDITO_CONTA_CORRENTE","CONTA_BANCARIA","9","","","","498","","Transf ref IR Vale Comercial Ltda (NF 18279, 18290)","ENTRADA","185.21","1407","157537.61","-478277.43","96419.89","","2078293.76","0","1388466.06","1574348.41","3388106.52","410923.62","312487.67","842225.48","","","0","0","",""
"2026","1210","","1210","","","","","1","Tesouro","","","","110","GERAL","0","","","1","1","Banco do Brasil S.A.","2763","4","0000030006","3","BCO BRASIL - CONTA MOVIMENTO","05/03/2026 00:00:00","DEBITO_CONTA_CORRENTE","CONTA_BANCARIA","9","","","","502","","Transferência entre contas","SAIDA","80000","1407","157537.61","-558277.43","96419.89","","2078293.76","0","1388466.06","1574348.41","3388106.52","410923.62","312487.67","842225.48","","","0","0","",""
"2026","1210","","1210","","","","","1","Tesouro","","","","110","GERAL","0","","","1","1","Banco do Brasil S.A.","2763","4","0000030006","3","BCO BRASIL - CONTA MOVIMENTO","06/03/2026 00:00:00","CREDITO_CONTA_CORRENTE","CONTA_BANCARIA","1","","","","506","","Transf ref IR Supermercado Novo Milênio Ltda (NF 8965)","ENTRADA","2.03","1407","157537.61","-558275.4","96419.89","","2078293.76","0","1388466.06","1574348.41","3388106.52","410923.62","312487.67","842225.48","","","0","0","",""
"2026","1210","","1210","","","","","1","Tesouro","","","","110","GERAL","0","","","1","1","Banco do Brasil S.A.","2763","4","0000030006","3","BCO BRASIL - CONTA MOVIMENTO","06/03/2026 00:00:00","DEBITO_CONTA_CORRENTE","CONTA_BANCARIA","1","","1307","18174","","","IPEFAE","SAIDA","11004.47","1407","157537.61","-569279.87","96419.89","","2078293.76","0","1388466.06","1574348.41","3388106.52","410923.62","312487.67","842225.48","","","0","0","AutorizacaoPagamento{exercicioContabil=2026, numero=1307, Juridicionado=01 - PREFEITURA MUNICIPAL DE VARGEM GRANDE DO SUL}",""
"2026","1210","","1210","","","","","1","Tesouro","","","","110","GERAL","0","","","1","1","Banco do Brasil S.A.","2763","4","0000030006","3","BCO BRASIL - CONTA MOVIMENTO","06/03/2026 00:00:00","CREDITO_CONTA_CORRENTE","CONTA_BANCARIA","2","","","","508","","Transf ref IR Sulmedic Com de Medicamentos Ltda (NF 67855)","ENTRADA","6.79","1407","157537.61","-569273.08","96419.89","","2078293.76","0","1388466.06","1574348.41","3388106.52","410923.62","312487.67","842225.48","","","0","0","",""
"2026","1210","","1210","","","","","1","Tesouro","","","","110","GERAL","0","","","1","1","Banco do Brasil S.A.","2763","4","0000030006","3","BCO BRASIL - CONTA MOVIMENTO","06/03/2026 00:00:00","DEBITO_CONTA_CORRENTE","CONTA_BANCARIA","2","","1312","18179","","","NE 923/2026","SAIDA","5073.02","1407","157537.61","-574346.1","96419.89","","2078293.76","0","1388466.06","1574348.41","3388106.52","410923.62","312487.67","842225.48","","","0","0","AutorizacaoPagamento{exercicioContabil=2026, numero=1312, Juridicionado=01 - PREFEITURA MUNICIPAL DE VARGEM GRANDE DO SUL}",""
"2026","1210","","1210","","","","","1","Tesouro","","","","110","GERAL","0","","","1","1","Banco do Brasil S.A.","2763","4","0000030006","3","BCO BRASIL - CONTA MOVIMENTO","06/03/2026 00:00:00","CREDITO_CONTA_CORRENTE","CONTA_BANCARIA","3","","","","510","","Transf ref IR New Med Importadora e Distrib de Mat Médicos Ltda (NF 5411)","ENTRADA","10.03","1407","157537.61","-574336.07","96419.89","","2078293.76","0","1388466.06","1574348.41","3388106.52","410923.62","312487.67","842225.48","","","0","0","",""
"2026","1210","","1210","","","","","1","Tesouro","","","","110","GERAL","0","","","1","1","Banco do Brasil S.A.","2763","4","0000030006","3","BCO BRASIL - CONTA MOVIMENTO","06/03/2026 00:00:00","DEBITO_CONTA_CORRENTE","CONTA_BANCARIA","3","","1327","18194","","","NE 2261/2026","SAIDA","10001.68","1407","157537.61","-584337.75","96419.89","","2078293.76","0","1388466.06","1574348.41","3388106.52","410923.62","312487.67","842225.48","","","0","0","AutorizacaoPagamento{exercicioContabil=2026, numero=1327, Juridicionado=01 - PREFEITURA MUNICIPAL DE VARGEM GRANDE DO SUL}",""
"2026","1210","","1210","","","","","1","Tesouro","","","","110","GERAL","0","","","1","1","Banco do Brasil S.A.","2763","4","0000030006","3","BCO BRASIL - CONTA MOVIMENTO","06/03/2026 00:00:00","CREDITO_CONTA_CORRENTE","CONTA_BANCARIA","4","","","","512","","Transf ref IR Nutricionale Com de Alimentos Ltda (NF 679174)","ENTRADA","0.39","1407","157537.61","-584337.36","96419.89","","2078293.76","0","1388466.06","1574348.41","3388106.52","410923.62","312487.67","842225.48","","","0","0","",""
"2026","1210","","1210","","","","","1","Tesouro","","","","110","GERAL","0","","","1","1","Banco do Brasil S.A.","2763","4","0000030006","3","BCO BRASIL - CONTA MOVIMENTO","06/03/2026 00:00:00","DEBITO_CONTA_CORRENTE","CONTA_BANCARIA","4","","1328","18195","","","NE 3502/2026","SAIDA","8357.3","1407","157537.61","-592694.66","96419.89","","2078293.76","0","1388466.06","1574348.41","3388106.52","410923.62","312487.67","842225.48","","","0","0","AutorizacaoPagamento{exercicioContabil=2026, numero=1328, Juridicionado=01 - PREFEITURA MUNICIPAL DE VARGEM GRANDE DO SUL}",""
"2026","1210","","1210","","","","","1","Tesouro","","","","110","GERAL","0","","","1","1","Banco do Brasil S.A.","2763","4","0000030006","3","BCO BRASIL - CONTA MOVIMENTO","06/03/2026 00:00:00","CREDITO_CONTA_CORRENTE","CONTA_BANCARIA","5","","","","514","","Transferência Aut. para compensação de Descontos de parcelas: Aut. Pagto.[1217/2026].","ENTRADA","43.37","1407","157537.61","-592651.29","96419.89","","2078293.76","0","1388466.06","1574348.41","3388106.52","410923.62","312487.67","842225.48","","","0","0","",""
"2026","1210","","1210","","","","","1","Tesouro","","","","110","GERAL","0","","","1","1","Banco do Brasil S.A.","2763","4","0000030006","3","BCO BRASIL - CONTA MOVIMENTO","06/03/2026 00:00:00","DEBITO_CONTA_CORRENTE","CONTA_BANCARIA","5","","1331","18198","","","NE 3558/2026","SAIDA","108.39","1407","157537.61","-592759.68","96419.89","","2078293.76","0","1388466.06","1574348.41","3388106.52","410923.62","312487.67","842225.48","","","0","0","AutorizacaoPagamento{exercicioContabil=2026, numero=1331, Juridicionado=01 - PREFEITURA MUNICIPAL DE VARGEM GRANDE DO SUL}",""
"2026","1210","","1210","","","","","1","Tesouro","","","","110","GERAL","0","","","1","1","Banco do Brasil S.A.","2763","4","0000030006","3","BCO BRASIL - CONTA MOVIMENTO","06/03/2026 00:00:00","CREDITO_CONTA_CORRENTE","CONTA_BANCARIA","6","","","","519","","Transf ref IR ADS Comercial do Brasil Ltda (NF 468)","ENTRADA","0.76","1407","157537.61","-592758.92","96419.89","","2078293.76","0","1388466.06","1574348.41","3388106.52","410923.62","312487.67","842225.48","","","0","0","",""
"2026","1210","","1210","","","","","1","Tesouro","","","","110","GERAL","0","","","1","1","Banco do Brasil S.A.","2763","4","0000030006","3","BCO BRASIL - CONTA MOVIMENTO","06/03/2026 00:00:00","DEBITO_CONTA_CORRENTE","CONTA_BANCARIA","6","","1217","18050","","","Baixa realizada via Retorno de Arquivo Bancário","SAIDA","720","1407","157537.61","-593478.92","96419.89","","2078293.76","0","1388466.06","1574348.41","3388106.52","410923.62","312487.67","842225.48","","","0","0","AutorizacaoPagamento{exercicioContabil=2026, numero=1217, Juridicionado=01 - PREFEITURA MUNICIPAL DE VARGEM GRANDE DO SUL}",""
"2026","1210","","1210","","","","","1","Tesouro","","","","110","GERAL","0","","","1","1","Banco do Brasil S.A.","2763","4","0000030006","3","BCO BRASIL - CONTA MOVIMENTO","06/03/2026 00:00:00","DEBITO_CONTA_CORRENTE","CONTA_BANCARIA","7","","1217","18050","","","Baixa realizada via Retorno de Arquivo Bancário","SAIDA","20","1407","157537.61","-593498.92","96419.89","","2078293.76","0","1388466.06","1574348.41","3388106.52","410923.62","312487.67","842225.48","","","0","0","AutorizacaoPagamento{exercicioContabil=2026, numero=1217, Juridicionado=01 - PREFEITURA MUNICIPAL DE VARGEM GRANDE DO SUL}",""
"2026","1210","","1210","","","","","1","Tesouro","","","","110","GERAL","0","","","1","1","Banco do Brasil S.A.","2763","4","0000030006","3","BCO BRASIL - CONTA MOVIMENTO","06/03/2026 00:00:00","CREDITO_CONTA_CORRENTE","CONTA_BANCARIA","7","948","","","","","LANÇAMENTO DE RECEITA","ENTRADA","467.49","1407","157537.61","-593031.43","96419.89","","2078293.76","0","1388466.06","1574348.41","3388106.52","410923.62","312487.67","842225.48","","","0","0","",""
"2026","1210","","1210","","","","","1","Tesouro","","","","110","GERAL","0","","","1","1","Banco do Brasil S.A.","2763","4","0000030006","3","BCO BRASIL - CONTA MOVIMENTO","06/03/2026 00:00:00","DEBITO_CONTA_CORRENTE","CONTA_BANCARIA","8","","1217","18050","","","Baixa realizada via Retorno de Arquivo Bancário","SAIDA","624.8","1407","157537.61","-593656.23","96419.89","","2078293.76","0","1388466.06","1574348.41","3388106.52","410923.62","312487.67","842225.48","","","0","0","AutorizacaoPagamento{exercicioContabil=2026, numero=1217, Juridicionado=01 - PREFEITURA MUNICIPAL DE VARGEM GRANDE DO SUL}",""
"2026","1210","","1210","","","","","1","Tesouro","","","","110","GERAL","0","","","1","1","Banco do Brasil S.A.","2763","4","0000030006","3","BCO BRASIL - CONTA MOVIMENTO","06/03/2026 00:00:00","DEBITO_CONTA_CORRENTE","CONTA_BANCARIA","9","","1217","18050","","","Baixa realizada via Retorno de Arquivo Bancário","SAIDA","12116.27","1407","157537.61","-605772.5","96419.89","","2078293.76","0","1388466.06","1574348.41","3388106.52","410923.62","312487.67","842225.48","","","0","0","AutorizacaoPagamento{exercicioContabil=2026, numero=1217, Juridicionado=01 - PREFEITURA MUNICIPAL DE VARGEM GRANDE DO SUL}",""
"2026","1210","","1210","","","","","1","Tesouro","","","","110","GERAL","0","","","1","1","Banco do Brasil S.A.","2763","4","0000030006","3","BCO BRASIL - CONTA MOVIMENTO","06/03/2026 00:00:00","DEBITO_CONTA_CORRENTE","CONTA_BANCARIA","10","","1217","18050","","","Baixa realizada via Retorno de Arquivo Bancário","SAIDA","44.27","1407","157537.61","-605816.77","96419.89","","2078293.76","0","1388466.06","1574348.41","3388106.52","410923.62","312487.67","842225.48","","","0","0","AutorizacaoPagamento{exercicioContabil=2026, numero=1217, Juridicionado=01 - PREFEITURA MUNICIPAL DE VARGEM GRANDE DO SUL}",""
"2026","1210","","1210","","","","","1","Tesouro","","","","110","GERAL","0","","","1","1","Banco do Brasil S.A.","2763","4","0000030006","3","BCO BRASIL - CONTA MOVIMENTO","06/03/2026 00:00:00","DEBITO_CONTA_CORRENTE","CONTA_BANCARIA","11","","1217","18050","","","Baixa realizada via Retorno de Arquivo Bancário","SAIDA","55","1407","157537.61","-605871.77","96419.89","","2078293.76","0","1388466.06","1574348.41","3388106.52","410923.62","312487.67","842225.48","","","0","0","AutorizacaoPagamento{exercicioContabil=2026, numero=1217, Juridicionado=01 - PREFEITURA MUNICIPAL DE VARGEM GRANDE DO SUL}",""
"2026","1210","","1210","","","","","1","Tesouro","","","","110","GERAL","0","","","1","1","Banco do Brasil S.A.","2763","4","0000030006","3","BCO BRASIL - CONTA MOVIMENTO","06/03/2026 00:00:00","DEBITO_CONTA_CORRENTE","CONTA_BANCARIA","12","","1217","18050","","","Baixa realizada via Retorno de Arquivo Bancário","SAIDA","120","1407","157537.61","-605991.77","96419.89","","2078293.76","0","1388466.06","1574348.41","3388106.52","410923.62","312487.67","842225.48","","","0","0","AutorizacaoPagamento{exercicioContabil=2026, numero=1217, Juridicionado=01 - PREFEITURA MUNICIPAL DE VARGEM GRANDE DO SUL}",""
"2026","1210","","1210","","","","","1","Tesouro","","","","110","GERAL","0","","","1","1","Banco do Brasil S.A.","2763","4","0000030006","3","BCO BRASIL - CONTA MOVIMENTO","06/03/2026 00:00:00","DEBITO_CONTA_CORRENTE","CONTA_BANCARIA","13","","1217","18050","","","Baixa realizada via Retorno de Arquivo Bancário","SAIDA","29.1","1407","157537.61","-606020.87","96419.89","","2078293.76","0","1388466.06","1574348.41","3388106.52","410923.62","312487.67","842225.48","","","0","0","AutorizacaoPagamento{exercicioContabil=2026, numero=1217, Juridicionado=01 - PREFEITURA MUNICIPAL DE VARGEM GRANDE DO SUL}",""
"2026","1210","","1210","","","","","1","Tesouro","","","","110","GERAL","0","","","1","1","Banco do Brasil S.A.","2763","4","0000030006","3","BCO BRASIL - CONTA MOVIMENTO","06/03/2026 00:00:00","DEBITO_CONTA_CORRENTE","CONTA_BANCARIA","14","","1217","18050","","","Baixa realizada via Retorno de Arquivo Bancário","SAIDA","130","1407","157537.61","-606150.87","96419.89","","2078293.76","0","1388466.06","1574348.41","3388106.52","410923.62","312487.67","842225.48","","","0","0","AutorizacaoPagamento{exercicioContabil=2026, numero=1217, Juridicionado=01 - PREFEITURA MUNICIPAL DE VARGEM GRANDE DO SUL}",""
"2026","1210","","1210","","","","","1","Tesouro","","","","110","GERAL","0","","","1","1","Banco do Brasil S.A.","2763","4","0000030006","3","BCO BRASIL - CONTA MOVIMENTO","06/03/2026 00:00:00","DEBITO_CONTA_CORRENTE","CONTA_BANCARIA","15","","1217","18050","","","Baixa realizada via Retorno de Arquivo Bancário","SAIDA","2805.92","1407","157537.61","-608956.79","96419.89","","2078293.76","0","1388466.06","1574348.41","3388106.52","410923.62","312487.67","842225.48","","","0","0","AutorizacaoPagamento{exercicioContabil=2026, numero=1217, Juridicionado=01 - PREFEITURA MUNICIPAL DE VARGEM GRANDE DO SUL}",""
"2026","1210","","1210","","","","","1","Tesouro","","","","410","TRÂNSITO - SINALIZAÇÃO","0","","","1","1","Banco do Brasil S.A.","2763","4","0000030006","3","BCO BRASIL - CONTA MOVIMENTO","06/03/2026 00:00:00","DEBITO_CONTA_CORRENTE","CONTA_BANCARIA","16","","1217","18050","","","Baixa realizada via Retorno de Arquivo Bancário","SAIDA","500","1407","157537.61","-609456.79","96419.89","","2078293.76","0","1388466.06","1574348.41","3388106.52","410923.62","312487.67","842225.48","","","0","0","AutorizacaoPagamento{exercicioContabil=2026, numero=1217, Juridicionado=01 - PREFEITURA MUNICIPAL DE VARGEM GRANDE DO SUL}",""
"2026","1210","","1210","","","","","1","Tesouro","","","","110","GERAL","0","","","1","1","Banco do Brasil S.A.","2763","4","0000030006","3","BCO BRASIL - CONTA MOVIMENTO","06/03/2026 00:00:00","DEBITO_CONTA_CORRENTE","CONTA_BANCARIA","17","","1217","18050","","","Baixa realizada via Retorno de Arquivo Bancário","SAIDA","167.81","1407","157537.61","-609624.6","96419.89","","2078293.76","0","1388466.06","1574348.41","3388106.52","410923.62","312487.67","842225.48","","","0","0","AutorizacaoPagamento{exercicioContabil=2026, numero=1217, Juridicionado=01 - PREFEITURA MUNICIPAL DE VARGEM GRANDE DO SUL}",""
"2026","1210","","1210","","","","","1","Tesouro","","","","110","GERAL","0","","","1","1","Banco do Brasil S.A.","2763","4","0000030006","3","BCO BRASIL - CONTA MOVIMENTO","06/03/2026 00:00:00","DEBITO_CONTA_CORRENTE","CONTA_BANCARIA","18","","1217","18050","","","Baixa realizada via Retorno de Arquivo Bancário","SAIDA","689.47","1407","157537.61","-610314.07","96419.89","","2078293.76","0","1388466.06","1574348.41","3388106.52","410923.62","312487.67","842225.48","","","0","0","AutorizacaoPagamento{exercicioContabil=2026, numero=1217, Juridicionado=01 - PREFEITURA MUNICIPAL DE VARGEM GRANDE DO SUL}",""
"2026","1210","","1210","","","","","1","Tesouro","","","","110","GERAL","0","","","1","1","Banco do Brasil S.A.","2763","4","0000030006","3","BCO BRASIL - CONTA MOVIMENTO","06/03/2026 00:00:00","DEBITO_CONTA_CORRENTE","CONTA_BANCARIA","19","","1217","18050","","","Baixa realizada via Retorno de Arquivo Bancário","SAIDA","229.82","1407","157537.61","-610543.89","96419.89","","2078293.76","0","1388466.06","1574348.41","3388106.52","410923.62","312487.67","842225.48","","","0","0","AutorizacaoPagamento{exercicioContabil=2026, numero=1217, Juridicionado=01 - PREFEITURA MUNICIPAL DE VARGEM GRANDE DO SUL}",""
"2026","1210","","1210","","","","","1","Tesouro","","","","410","TRÂNSITO - SINALIZAÇÃO","0","","","1","1","Banco do Brasil S.A.","2763","4","0000030006","3","BCO BRASIL - CONTA MOVIMENTO","06/03/2026 00:00:00","DEBITO_CONTA_CORRENTE","CONTA_BANCARIA","20","","1217","18050","","","Baixa realizada via Retorno de Arquivo Bancário","SAIDA","3748","1407","157537.61","-614291.89","96419.89","","2078293.76","0","1388466.06","1574348.41","3388106.52","410923.62","312487.67","842225.48","","","0","0","AutorizacaoPagamento{exercicioContabil=2026, numero=1217, Juridicionado=01 - PREFEITURA MUNICIPAL DE VARGEM GRANDE DO SUL}",""
"2026","1210","","1210","","","","","1","Tesouro","","","","410","TRÂNSITO - SINALIZAÇÃO","0","","","1","1","Banco do Brasil S.A.","2763","4","0000030006","3","BCO BRASIL - CONTA MOVIMENTO","06/03/2026 00:00:00","DEBITO_CONTA_CORRENTE","CONTA_BANCARIA","21","","1217","18050","","","Baixa realizada via Retorno de Arquivo Bancário","SAIDA","1306.63","1407","157537.61","-615598.52","96419.89","","2078293.76","0","1388466.06","1574348.41","3388106.52","410923.62","312487.67","842225.48","","","0","0","AutorizacaoPagamento{exercicioContabil=2026, numero=1217, Juridicionado=01 - PREFEITURA MUNICIPAL DE VARGEM GRANDE DO SUL}",""
"2026","1210","","1210","","","","","1","Tesouro","","","","110","GERAL","0","","","1","1","Banco do Brasil S.A.","2763","4","0000030006","3","BCO BRASIL - CONTA MOVIMENTO","06/03/2026 00:00:00","DEBITO_CONTA_CORRENTE","CONTA_BANCARIA","22","","1217","18050","","","Baixa realizada via Retorno de Arquivo Bancário","SAIDA","1400","1407","157537.61","-616998.52","96419.89","","2078293.76","0","1388466.06","1574348.41","3388106.52","410923.62","312487.67","842225.48","","","0","0","AutorizacaoPagamento{exercicioContabil=2026, numero=1217, Juridicionado=01 - PREFEITURA MUNICIPAL DE VARGEM GRANDE DO SUL}",""
"2026","1210","","1210","","","","","1","Tesouro","","","","110","GERAL","0","","","1","1","Banco do Brasil S.A.","2763","4","0000030006","3","BCO BRASIL - CONTA MOVIMENTO","06/03/2026 00:00:00","DEBITO_CONTA_CORRENTE","CONTA_BANCARIA","23","","1217","18050","","","Baixa realizada via Retorno de Arquivo Bancário","SAIDA","6","1407","157537.61","-617004.52","96419.89","","2078293.76","0","1388466.06","1574348.41","3388106.52","410923.62","312487.67","842225.48","","","0","0","AutorizacaoPagamento{exercicioContabil=2026, numero=1217, Juridicionado=01 - PREFEITURA MUNICIPAL DE VARGEM GRANDE DO SUL}",""
"2026","1210","","1210","","","","","1","Tesouro","","","","110","GERAL","0","","","1","1","Banco do Brasil S.A.","2763","4","0000030006","3","BCO BRASIL - CONTA MOVIMENTO","06/03/2026 00:00:00","DEBITO_CONTA_CORRENTE","CONTA_BANCARIA","24","","1217","18050","","","Baixa realizada via Retorno de Arquivo Bancário","SAIDA","30","1407","157537.61","-617034.52","96419.89","","2078293.76","0","1388466.06","1574348.41","3388106.52","410923.62","312487.67","842225.48","","","0","0","AutorizacaoPagamento{exercicioContabil=2026, numero=1217, Juridicionado=01 - PREFEITURA MUNICIPAL DE VARGEM GRANDE DO SUL}",""
"2026","1210","","1210","","","","","1","Tesouro","","","","410","TRÂNSITO - SINALIZAÇÃO","0","","","1","1","Banco do Brasil S.A.","2763","4","0000030006","3","BCO BRASIL - CONTA MOVIMENTO","06/03/2026 00:00:00","DEBITO_CONTA_CORRENTE","CONTA_BANCARIA","25","","1217","18050","","","Baixa realizada via Retorno de Arquivo Bancário","SAIDA","15","1407","157537.61","-617049.52","96419.89","","2078293.76","0","1388466.06","1574348.41","3388106.52","410923.62","312487.67","842225.48","","","0","0","AutorizacaoPagamento{exercicioContabil=2026, numero=1217, Juridicionado=01 - PREFEITURA MUNICIPAL DE VARGEM GRANDE DO SUL}",""
"2026","1210","","1210","","","","","1","Tesouro","","","","110","GERAL","0","","","1","1","Banco do Brasil S.A.","2763","4","0000030006","3","BCO BRASIL - CONTA MOVIMENTO","06/03/2026 00:00:00","DEBITO_CONTA_CORRENTE","CONTA_BANCARIA","26","","1217","18050","","","Baixa realizada via Retorno de Arquivo Bancário","SAIDA","189.34","1407","157537.61","-617238.86","96419.89","","2078293.76","0","1388466.06","1574348.41","3388106.52","410923.62","312487.67","842225.48","","","0","0","AutorizacaoPagamento{exercicioContabil=2026, numero=1217, Juridicionado=01 - PREFEITURA MUNICIPAL DE VARGEM GRANDE DO SUL}",""
"2026","1210","","1210","","","","","1","Tesouro","","","","110","GERAL","0","","","1","1","Banco do Brasil S.A.","2763","4","0000030006","3","BCO BRASIL - CONTA MOVIMENTO","06/03/2026 00:00:00","DEBITO_CONTA_CORRENTE","CONTA_BANCARIA","27","","1217","18050","","","Baixa realizada via Retorno de Arquivo Bancário","SAIDA","115.8","1407","157537.61","-617354.66","96419.89","","2078293.76","0","1388466.06","1574348.41","3388106.52","410923.62","312487.67","842225.48","","","0","0","AutorizacaoPagamento{exercicioContabil=2026, numero=1217, Juridicionado=01 - PREFEITURA MUNICIPAL DE VARGEM GRANDE DO SUL}",""
"2026","1210","","1210","","","","","1","Tesouro","","","","410","TRÂNSITO - SINALIZAÇÃO","0","","","1","1","Banco do Brasil S.A.","2763","4","0000030006","3","BCO BRASIL - CONTA MOVIMENTO","06/03/2026 00:00:00","DEBITO_CONTA_CORRENTE","CONTA_BANCARIA","28","","","","514","","Transferência Aut. para compensação de Descontos de parcelas: Aut. Pagto.[1217/2026].","SAIDA","43.37","1407","157537.61","-617398.03","96419.89","","2078293.76","0","1388466.06","1574348.41","3388106.52","410923.62","312487.67","842225.48","","","0","0","",""
"2026","1210","","1210","","","","","1","Tesouro","","","","110","GERAL","0","","","1","1","Banco do Brasil S.A.","2763","4","0000030006","3","BCO BRASIL - CONTA MOVIMENTO","06/03/2026 00:00:00","DEBITO_CONTA_CORRENTE","CONTA_BANCARIA","29","","1230","18071","","","Baixa realizada via Retorno de Arquivo Bancário","SAIDA","341.7","1407","157537.61","-617739.73","96419.89","","2078293.76","0","1388466.06","1574348.41","3388106.52","410923.62","312487.67","842225.48","","","0","0","AutorizacaoPagamento{exercicioContabil=2026, numero=1230, Juridicionado=01 - PREFEITURA MUNICIPAL DE VARGEM GRANDE DO SUL}",""
"2026","1210","","1210","","","","","1","Tesouro","","","","110","GERAL","0","","","1","1","Banco do Brasil S.A.","2763","4","0000030006","3","BCO BRASIL - CONTA MOVIMENTO","06/03/2026 00:00:00","DEBITO_CONTA_CORRENTE","CONTA_BANCARIA","30","","1230","18071","","","Baixa realizada via Retorno de Arquivo Bancário","SAIDA","184","1407","157537.61","-617923.73","96419.89","","2078293.76","0","1388466.06","1574348.41","3388106.52","410923.62","312487.67","842225.48","","","0","0","AutorizacaoPagamento{exercicioContabil=2026, numero=1230, Juridicionado=01 - PREFEITURA MUNICIPAL DE VARGEM GRANDE DO SUL}",""
"2026","1210","","1210","","","","","1","Tesouro","","","","110","GERAL","0","","","1","1","Banco do Brasil S.A.","2763","4","0000030006","3","BCO BRASIL - CONTA MOVIMENTO","06/03/2026 00:00:00","DEBITO_CONTA_CORRENTE","CONTA_BANCARIA","31","","1230","18071","","","Baixa realizada via Retorno de Arquivo Bancário","SAIDA","138","1407","157537.61","-618061.73","96419.89","","2078293.76","0","1388466.06","1574348.41","3388106.52","410923.62","312487.67","842225.48","","","0","0","AutorizacaoPagamento{exercicioContabil=2026, numero=1230, Juridicionado=01 - PREFEITURA MUNICIPAL DE VARGEM GRANDE DO SUL}",""
"2026","1210","","1210","","","","","1","Tesouro","","","","110","GERAL","0","","","1","1","Banco do Brasil S.A.","2763","4","0000030006","3","BCO BRASIL - CONTA MOVIMENTO","06/03/2026 00:00:00","DEBITO_CONTA_CORRENTE","CONTA_BANCARIA","32","","1230","18071","","","Baixa realizada via Retorno de Arquivo Bancário","SAIDA","1998","1407","157537.61","-620059.73","96419.89","","2078293.76","0","1388466.06","1574348.41","3388106.52","410923.62","312487.67","842225.48","","","0","0","AutorizacaoPagamento{exercicioContabil=2026, numero=1230, Juridicionado=01 - PREFEITURA MUNICIPAL DE VARGEM GRANDE DO SUL}",""
"2026","1210","","1210","","","","","1","Tesouro","","","","110","GERAL","0","","","1","1","Banco do Brasil S.A.","2763","4","0000030006","3","BCO BRASIL - CONTA MOVIMENTO","06/03/2026 00:00:00","DEBITO_CONTA_CORRENTE","CONTA_BANCARIA","33","","1230","18071","","","Baixa realizada via Retorno de Arquivo Bancário","SAIDA","4.16","1407","157537.61","-620063.89","96419.89","","2078293.76","0","1388466.06","1574348.41","3388106.52","410923.62","312487.67","842225.48","","","0","0","AutorizacaoPagamento{exercicioContabil=2026, numero=1230, Juridicionado=01 - PREFEITURA MUNICIPAL DE VARGEM GRANDE DO SUL}",""
"2026","1210","","1210","","","","","1","Tesouro","","","","110","GERAL","0","","","1","1","Banco do Brasil S.A.","2763","4","0000030006","3","BCO BRASIL - CONTA MOVIMENTO","06/03/2026 00:00:00","DEBITO_CONTA_CORRENTE","CONTA_BANCARIA","34","","1230","18071","","","Baixa realizada via Retorno de Arquivo Bancário","SAIDA","399.6","1407","157537.61","-620463.49","96419.89","","2078293.76","0","1388466.06","1574348.41","3388106.52","410923.62","312487.67","842225.48","","","0","0","AutorizacaoPagamento{exercicioContabil=2026, numero=1230, Juridicionado=01 - PREFEITURA MUNICIPAL DE VARGEM GRANDE DO SUL}",""
"2026","1210","","1210","","","","","1","Tesouro","","","","110","GERAL","0","","","1","1","Banco do Brasil S.A.","2763","4","0000030006","3","BCO BRASIL - CONTA MOVIMENTO","06/03/2026 00:00:00","DEBITO_CONTA_CORRENTE","CONTA_BANCARIA","35","","1230","18071","","","Baixa realizada via Retorno de Arquivo Bancário","SAIDA","9085.06","1407","157537.61","-629548.55","96419.89","","2078293.76","0","1388466.06","1574348.41","3388106.52","410923.62","312487.67","842225.48","","","0","0","AutorizacaoPagamento{exercicioContabil=2026, numero=1230, Juridicionado=01 - PREFEITURA MUNICIPAL DE VARGEM GRANDE DO SUL}",""
"2026","1210","","1210","","","","","1","Tesouro","","","","110","GERAL","0","","","1","1","Banco do Brasil S.A.","2763","4","0000030006","3","BCO BRASIL - CONTA MOVIMENTO","06/03/2026 00:00:00","DEBITO_CONTA_CORRENTE","CONTA_BANCARIA","36","","","","517","","Transferência entre contas","SAIDA","90000","1407","157537.61","-719548.55","96419.89","","2078293.76","0","1388466.06","1574348.41","3388106.52","410923.62","312487.67","842225.48","","","0","0","",""
"2026","1210","","1210","","","","","1","Tesouro","","","","110","GERAL","0","","","1","1","Banco do Brasil S.A.","2763","4","0000030006","3","BCO BRASIL - CONTA MOVIMENTO","09/03/2026 00:00:00","DEBITO_CONTA_CORRENTE","CONTA_BANCARIA","1","","1339","18206","","","NE 16030/2025","SAIDA","90","1407","157537.61","-719638.55","96419.89","","2078293.76","0","1388466.06","1574348.41","3388106.52","410923.62","312487.67","842225.48","","","0","0","AutorizacaoPagamento{exercicioContabil=2026, numero=1339, Juridicionado=01 - PREFEITURA MUNICIPAL DE VARGEM GRANDE DO SUL}",""
"2026","1210","","1210","","","","","1","Tesouro","","","","110","GERAL","0","","","1","1","Banco do Brasil S.A.","2763","4","0000030006","3","BCO BRASIL - CONTA MOVIMENTO","09/03/2026 00:00:00","CREDITO_CONTA_CORRENTE","CONTA_BANCARIA","1","","","","522","","Transf ref IR A2XR Comercial Ltda (NF 3839, 3855)","ENTRADA","13.41","1407","157537.61","-719625.14","96419.89","","2078293.76","0","1388466.06","1574348.41","3388106.52","410923.62","312487.67","842225.48","","","0","0","",""
"2026","1210","","1210","","","","","1","Tesouro","","","","110","GERAL","0","","","1","1","Banco do Brasil S.A.","2763","4","0000030006","3","BCO BRASIL - CONTA MOVIMENTO","09/03/2026 00:00:00","CREDITO_CONTA_CORRENTE","CONTA_BANCARIA","2","","","","524","","Transf ref IR Loggen Prods para Saúde Eireli (NF 5453, 5492)","ENTRADA","118.9","1407","157537.61","-719506.24","96419.89","","2078293.76","0","1388466.06","1574348.41","3388106.52","410923.62","312487.67","842225.48","","","0","0","",""
"2026","1210","","1210","","","","","1","Tesouro","","","","110","GERAL","0","","","1","1","Banco do Brasil S.A.","2763","4","0000030006","3","BCO BRASIL - CONTA MOVIMENTO","09/03/2026 00:00:00","DEBITO_CONTA_CORRENTE","CONTA_BANCARIA","2","","1340","18207","","","NE 6/2026","SAIDA","7935.57","1407","157537.61","-727441.81","96419.89","","2078293.76","0","1388466.06","1574348.41","3388106.52","410923.62","312487.67","842225.48","","","0","0","AutorizacaoPagamento{exercicioContabil=2026, numero=1340, Juridicionado=01 - PREFEITURA MUNICIPAL DE VARGEM GRANDE DO SUL}",""
"2026","1210","","1210","","","","","1","Tesouro","","","","110","GERAL","0","","","1","1","Banco do Brasil S.A.","2763","4","0000030006","3","BCO BRASIL - CONTA MOVIMENTO","09/03/2026 00:00:00","CREDITO_CONTA_CORRENTE","CONTA_BANCARIA","3","","","","526","","Transf ref IR Athena Com de Prods Odontol e Hospit (NF 10446)","ENTRADA","8.5","1407","157537.61","-727433.31","96419.89","","2078293.76","0","1388466.06","1574348.41","3388106.52","410923.62","312487.67","842225.48","","","0","0","",""
"2026","1210","","1210","","","","","1","Tesouro","","","","110","GERAL","0","","","1","1","Banco do Brasil S.A.","2763","4","0000030006","3","BCO BRASIL - CONTA MOVIMENTO","09/03/2026 00:00:00","DEBITO_CONTA_CORRENTE","CONTA_BANCARIA","3","","1341","18208","","","NE 3510/2026","SAIDA","325","1407","157537.61","-727758.31","96419.89","","2078293.76","0","1388466.06","1574348.41","3388106.52","410923.62","312487.67","842225.48","","","0","0","AutorizacaoPagamento{exercicioContabil=2026, numero=1341, Juridicionado=01 - PREFEITURA MUNICIPAL DE VARGEM GRANDE DO SUL}",""
"2026","1210","","1210","","","","","1","Tesouro","","","","110","GERAL","0","","","1","1","Banco do Brasil S.A.","2763","4","0000030006","3","BCO BRASIL - CONTA MOVIMENTO","09/03/2026 00:00:00","CREDITO_CONTA_CORRENTE","CONTA_BANCARIA","4","","","","540","","Transferência Aut. para compensação de Descontos de parcelas: Aut. Pagto.[1280/2026].","ENTRADA","14.9","1407","157537.61","-727743.41","96419.89","","2078293.76","0","1388466.06","1574348.41","3388106.52","410923.62","312487.67","842225.48","","","0","0","",""
"2026","1210","","1210","","","","","1","Tesouro","","","","110","GERAL","0","","","1","1","Banco do Brasil S.A.","2763","4","0000030006","3","BCO BRASIL - CONTA MOVIMENTO","09/03/2026 00:00:00","DEBITO_CONTA_CORRENTE","CONTA_BANCARIA","4","","1342","18209","","","NE 1894/2026","SAIDA","477.11","1407","157537.61","-728220.52","96419.89","","2078293.76","0","1388466.06","1574348.41","3388106.52","410923.62","312487.67","842225.48","","","0","0","AutorizacaoPagamento{exercicioContabil=2026, numero=1342, Juridicionado=01 - PREFEITURA MUNICIPAL DE VARGEM GRANDE DO SUL}",""
"2026","1210","","1210","","","","","1","Tesouro","","","","110","GERAL","0","","","1","1","Banco do Brasil S.A.","2763","4","0000030006","3","BCO BRASIL - CONTA MOVIMENTO","09/03/2026 00:00:00","CREDITO_CONTA_CORRENTE","CONTA_BANCARIA","5","","","","542","","Transferência Aut. para compensação de Descontos de parcelas: Aut. Pagto.[1313/2026].","ENTRADA","50.55","1407","157537.61","-728169.97","96419.89","","2078293.76","0","1388466.06","1574348.41","3388106.52","410923.62","312487.67","842225.48","","","0","0","",""
"2026","1210","","1210","","","","","1","Tesouro","","","","110","GERAL","0","","","1","1","Banco do Brasil S.A.","2763","4","0000030006","3","BCO BRASIL - CONTA MOVIMENTO","09/03/2026 00:00:00","DEBITO_CONTA_CORRENTE","CONTA_BANCARIA","5","","1343","18210","","","NE 157/2026","SAIDA","107124.63","1407","157537.61","-835294.6","96419.89","","2078293.76","0","1388466.06","1574348.41","3388106.52","410923.62","312487.67","842225.48","","","0","0","AutorizacaoPagamento{exercicioContabil=2026, numero=1343, Juridicionado=01 - PREFEITURA MUNICIPAL DE VARGEM GRANDE DO SUL}",""
"2026","1210","","1210","","","","","1","Tesouro","","","","110","GERAL","0","","","1","1","Banco do Brasil S.A.","2763","4","0000030006","3","BCO BRASIL - CONTA MOVIMENTO","09/03/2026 00:00:00","CREDITO_CONTA_CORRENTE","CONTA_BANCARIA","6","949","","","","","LANÇAMENTO DE RECEITA","ENTRADA","16667.36","1407","157537.61","-818627.24","96419.89","","2078293.76","0","1388466.06","1574348.41","3388106.52","410923.62","312487.67","842225.48","","","0","0","",""
"2026","1210","","1210","","","","","1","Tesouro","","","","110","GERAL","0","","","1","1","Banco do Brasil S.A.","2763","4","0000030006","3","BCO BRASIL - CONTA MOVIMENTO","09/03/2026 00:00:00","DEBITO_CONTA_CORRENTE","CONTA_BANCARIA","6","","1357","18239","","","NE 2415/2026","SAIDA","459","1407","157537.61","-819086.24","96419.89","","2078293.76","0","1388466.06","1574348.41","3388106.52","410923.62","312487.67","842225.48","","","0","0","AutorizacaoPagamento{exercicioContabil=2026, numero=1357, Juridicionado=01 - PREFEITURA MUNICIPAL DE VARGEM GRANDE DO SUL}",""
"2026","1210","","1210","","","","","1","Tesouro","","","","110","GERAL","0","","","1","1","Banco do Brasil S.A.","2763","4","0000030006","3","BCO BRASIL - CONTA MOVIMENTO","09/03/2026 00:00:00","DEBITO_CONTA_CORRENTE","CONTA_BANCARIA","7","","1358","18240","","","NE 2276/2026","SAIDA","320","1407","157537.61","-819406.24","96419.89","","2078293.76","0","1388466.06","1574348.41","3388106.52","410923.62","312487.67","842225.48","","","0","0","AutorizacaoPagamento{exercicioContabil=2026, numero=1358, Juridicionado=01 - PREFEITURA MUNICIPAL DE VARGEM GRANDE DO SUL}",""
"2026","1210","","1210","","","","","1","Tesouro","","","","110","GERAL","0","","","1","1","Banco do Brasil S.A.","2763","4","0000030006","3","BCO BRASIL - CONTA MOVIMENTO","09/03/2026 00:00:00","DEBITO_CONTA_CORRENTE","CONTA_BANCARIA","8","","1359","18241","","","NE 778/2026","SAIDA","6158.49","1407","157537.61","-825564.73","96419.89","","2078293.76","0","1388466.06","1574348.41","3388106.52","410923.62","312487.67","842225.48","","","0","0","AutorizacaoPagamento{exercicioContabil=2026, numero=1359, Juridicionado=01 - PREFEITURA MUNICIPAL DE VARGEM GRANDE DO SUL}",""
"2026","1210","","1210","","","","","1","Tesouro","","","","110","GERAL","0","","","1","1","Banco do Brasil S.A.","2763","4","0000030006","3","BCO BRASIL - CONTA MOVIMENTO","09/03/2026 00:00:00","DEBITO_CONTA_CORRENTE","CONTA_BANCARIA","9","","1360","18242","","","NE 779/2026","SAIDA","6158.49","1407","157537.61","-831723.22","96419.89","","2078293.76","0","1388466.06","1574348.41","3388106.52","410923.62","312487.67","842225.48","","","0","0","AutorizacaoPagamento{exercicioContabil=2026, numero=1360, Juridicionado=01 - PREFEITURA MUNICIPAL DE VARGEM GRANDE DO SUL}",""
"2026","1210","","1210","","","","","1","Tesouro","","","","110","GERAL","0","","","1","1","Banco do Brasil S.A.","2763","4","0000030006","3","BCO BRASIL - CONTA MOVIMENTO","09/03/2026 00:00:00","DEBITO_CONTA_CORRENTE","CONTA_BANCARIA","10","","1361","18243","","","NE 2792/2026","SAIDA","314.64","1407","157537.61","-832037.86","96419.89","","2078293.76","0","1388466.06","1574348.41","3388106.52","410923.62","312487.67","842225.48","","","0","0","AutorizacaoPagamento{exercicioContabil=2026, numero=1361, Juridicionado=01 - PREFEITURA MUNICIPAL DE VARGEM GRANDE DO SUL}",""
"2026","1210","","1210","","","","","1","Tesouro","","","","110","GERAL","0","","","1","1","Banco do Brasil S.A.","2763","4","0000030006","3","BCO BRASIL - CONTA MOVIMENTO","09/03/2026 00:00:00","DEBITO_CONTA_CORRENTE","CONTA_BANCARIA","11","","1362","18244","","","NE 969, 1122","SAIDA","3510.36","1407","157537.61","-835548.22","96419.89","","2078293.76","0","1388466.06","1574348.41","3388106.52","410923.62","312487.67","842225.48","","","0","0","AutorizacaoPagamento{exercicioContabil=2026, numero=1362, Juridicionado=01 - PREFEITURA MUNICIPAL DE VARGEM GRANDE DO SUL}",""
"2026","1210","","1210","","","","","1","Tesouro","","","","110","GERAL","0","","","1","1","Banco do Brasil S.A.","2763","4","0000030006","3","BCO BRASIL - CONTA MOVIMENTO","09/03/2026 00:00:00","DEBITO_CONTA_CORRENTE","CONTA_BANCARIA","12","","1364","18246","","","NE 107/2026","SAIDA","2500","1407","157537.61","-838048.22","96419.89","","2078293.76","0","1388466.06","1574348.41","3388106.52","410923.62","312487.67","842225.48","","","0","0","AutorizacaoPagamento{exercicioContabil=2026, numero=1364, Juridicionado=01 - PREFEITURA MUNICIPAL DE VARGEM GRANDE DO SUL}",""
"2026","1210","","1210","","","","","1","Tesouro","","","","110","GERAL","0","","","1","1","Banco do Brasil S.A.","2763","4","0000030006","3","BCO BRASIL - CONTA MOVIMENTO","09/03/2026 00:00:00","DEBITO_CONTA_CORRENTE","CONTA_BANCARIA","13","","1280","18137","","","Baixa realizada via Retorno de Arquivo Bancário","SAIDA","1078.2","1407","157537.61","-839126.42","96419.89","","2078293.76","0","1388466.06","1574348.41","3388106.52","410923.62","312487.67","842225.48","","","0","0","AutorizacaoPagamento{exercicioContabil=2026, numero=1280, Juridicionado=01 - PREFEITURA MUNICIPAL DE VARGEM GRANDE DO SUL}",""
"2026","1210","","1210","","","","","1","Tesouro","","","","110","GERAL","0","","","1","1","Banco do Brasil S.A.","2763","4","0000030006","3","BCO BRASIL - CONTA MOVIMENTO","09/03/2026 00:00:00","DEBITO_CONTA_CORRENTE","CONTA_BANCARIA","14","","1280","18137","","","Baixa realizada via Retorno de Arquivo Bancário","SAIDA","1130","1407","157537.61","-840256.42","96419.89","","2078293.76","0","1388466.06","1574348.41","3388106.52","410923.62","312487.67","842225.48","","","0","0","AutorizacaoPagamento{exercicioContabil=2026, numero=1280, Juridicionado=01 - PREFEITURA MUNICIPAL DE VARGEM GRANDE DO SUL}",""
"2026","1210","","1210","","","","","1","Tesouro","","","","110","GERAL","0","","","1","1","Banco do Brasil S.A.","2763","4","0000030006","3","BCO BRASIL - CONTA MOVIMENTO","09/03/2026 00:00:00","DEBITO_CONTA_CORRENTE","CONTA_BANCARIA","15","","1280","18137","","","Baixa realizada via Retorno de Arquivo Bancário","SAIDA","248.3","1407","157537.61","-840504.72","96419.89","","2078293.76","0","1388466.06","1574348.41","3388106.52","410923.62","312487.67","842225.48","","","0","0","AutorizacaoPagamento{exercicioContabil=2026, numero=1280, Juridicionado=01 - PREFEITURA MUNICIPAL DE VARGEM GRANDE DO SUL}",""
"2026","1210","","1210","","","","","1","Tesouro","","","","110","GERAL","0","","","1","1","Banco do Brasil S.A.","2763","4","0000030006","3","BCO BRASIL - CONTA MOVIMENTO","09/03/2026 00:00:00","DEBITO_CONTA_CORRENTE","CONTA_BANCARIA","16","","1280","18137","","","Baixa realizada via Retorno de Arquivo Bancário","SAIDA","2477.07","1407","157537.61","-842981.79","96419.89","","2078293.76","0","1388466.06","1574348.41","3388106.52","410923.62","312487.67","842225.48","","","0","0","AutorizacaoPagamento{exercicioContabil=2026, numero=1280, Juridicionado=01 - PREFEITURA MUNICIPAL DE VARGEM GRANDE DO SUL}",""
"2026","1210","","1210","","","","","1","Tesouro","","","","110","GERAL","0","","","1","1","Banco do Brasil S.A.","2763","4","0000030006","3","BCO BRASIL - CONTA MOVIMENTO","09/03/2026 00:00:00","DEBITO_CONTA_CORRENTE","CONTA_BANCARIA","17","","1280","18137","","","Baixa realizada via Retorno de Arquivo Bancário","SAIDA","665.31","1407","157537.61","-843647.1","96419.89","","2078293.76","0","1388466.06","1574348.41","3388106.52","410923.62","312487.67","842225.48","","","0","0","AutorizacaoPagamento{exercicioContabil=2026, numero=1280, Juridicionado=01 - PREFEITURA MUNICIPAL DE VARGEM GRANDE DO SUL}",""
"2026","1210","","1210","","","","","1","Tesouro","","","","110","GERAL","0","","","1","1","Banco do Brasil S.A.","2763","4","0000030006","3","BCO BRASIL - CONTA MOVIMENTO","09/03/2026 00:00:00","DEBITO_CONTA_CORRENTE","CONTA_BANCARIA","18","","1280","18137","","","Baixa realizada via Retorno de Arquivo Bancário","SAIDA","63.6","1407","157537.61","-843710.7","96419.89","","2078293.76","0","1388466.06","1574348.41","3388106.52","410923.62","312487.67","842225.48","","","0","0","AutorizacaoPagamento{exercicioContabil=2026, numero=1280, Juridicionado=01 - PREFEITURA MUNICIPAL DE VARGEM GRANDE DO SUL}",""
"2026","1210","","1210","","","","","1","Tesouro","","","","110","GERAL","0","","","1","1","Banco do Brasil S.A.","2763","4","0000030006","3","BCO BRASIL - CONTA MOVIMENTO","09/03/2026 00:00:00","DEBITO_CONTA_CORRENTE","CONTA_BANCARIA","19","","1280","18137","","","Baixa realizada via Retorno de Arquivo Bancário","SAIDA","3232.69","1407","157537.61","-846943.39","96419.89","","2078293.76","0","1388466.06","1574348.41","3388106.52","410923.62","312487.67","842225.48","","","0","0","AutorizacaoPagamento{exercicioContabil=2026, numero=1280, Juridicionado=01 - PREFEITURA MUNICIPAL DE VARGEM GRANDE DO SUL}",""
"2026","1210","","1210","","","","","1","Tesouro","","","","110","GERAL","0","","","1","1","Banco do Brasil S.A.","2763","4","0000030006","3","BCO BRASIL - CONTA MOVIMENTO","09/03/2026 00:00:00","DEBITO_CONTA_CORRENTE","CONTA_BANCARIA","20","","1280","18137","","","Baixa realizada via Retorno de Arquivo Bancário","SAIDA","1669.83","1407","157537.61","-848613.22","96419.89","","2078293.76","0","1388466.06","1574348.41","3388106.52","410923.62","312487.67","842225.48","","","0","0","AutorizacaoPagamento{exercicioContabil=2026, numero=1280, Juridicionado=01 - PREFEITURA MUNICIPAL DE VARGEM GRANDE DO SUL}",""
"2026","1210","","1210","","","","","1","Tesouro","","","","110","GERAL","0","","","1","1","Banco do Brasil S.A.","2763","4","0000030006","3","BCO BRASIL - CONTA MOVIMENTO","09/03/2026 00:00:00","DEBITO_CONTA_CORRENTE","CONTA_BANCARIA","21","","1280","18137","","","Baixa realizada via Retorno de Arquivo Bancário","SAIDA","485.76","1407","157537.61","-849098.98","96419.89","","2078293.76","0","1388466.06","1574348.41","3388106.52","410923.62","312487.67","842225.48","","","0","0","AutorizacaoPagamento{exercicioContabil=2026, numero=1280, Juridicionado=01 - PREFEITURA MUNICIPAL DE VARGEM GRANDE DO SUL}",""
"2026","1210","","1210","","","","","1","Tesouro","","","","110","GERAL","0","","","1","1","Banco do Brasil S.A.","2763","4","0000030006","3","BCO BRASIL - CONTA MOVIMENTO","09/03/2026 00:00:00","DEBITO_CONTA_CORRENTE","CONTA_BANCARIA","22","","1280","18137","","","Baixa realizada via Retorno de Arquivo Bancário","SAIDA","310","1407","157537.61","-849408.98","96419.89","","2078293.76","0","1388466.06","1574348.41","3388106.52","410923.62","312487.67","842225.48","","","0","0","AutorizacaoPagamento{exercicioContabil=2026, numero=1280, Juridicionado=01 - PREFEITURA MUNICIPAL DE VARGEM GRANDE DO SUL}",""
"2026","1210","","1210","","","","","1","Tesouro","","","","110","GERAL","0","","","1","1","Banco do Brasil S.A.","2763","4","0000030006","3","BCO BRASIL - CONTA MOVIMENTO","09/03/2026 00:00:00","DEBITO_CONTA_CORRENTE","CONTA_BANCARIA","23","","1280","18137","","","Baixa realizada via Retorno de Arquivo Bancário","SAIDA","3280","1407","157537.61","-852688.98","96419.89","","2078293.76","0","1388466.06","1574348.41","3388106.52","410923.62","312487.67","842225.48","","","0","0","AutorizacaoPagamento{exercicioContabil=2026, numero=1280, Juridicionado=01 - PREFEITURA MUNICIPAL DE VARGEM GRANDE DO SUL}",""
"2026","1210","","1210","","","","","1","Tesouro","","","","110","GERAL","0","","","1","1","Banco do Brasil S.A.","2763","4","0000030006","3","BCO BRASIL - CONTA MOVIMENTO","09/03/2026 00:00:00","DEBITO_CONTA_CORRENTE","CONTA_BANCARIA","24","","1280","18137","","","Baixa realizada via Retorno de Arquivo Bancário","SAIDA","750","1407","157537.61","-853438.98","96419.89","","2078293.76","0","1388466.06","1574348.41","3388106.52","410923.62","312487.67","842225.48","","","0","0","AutorizacaoPagamento{exercicioContabil=2026, numero=1280, Juridicionado=01 - PREFEITURA MUNICIPAL DE VARGEM GRANDE DO SUL}",""
"2026","1210","","1210","","","","","1","Tesouro","","","","110","GERAL","0","","","1","1","Banco do Brasil S.A.","2763","4","0000030006","3","BCO BRASIL - CONTA MOVIMENTO","09/03/2026 00:00:00","DEBITO_CONTA_CORRENTE","CONTA_BANCARIA","25","","1280","18137","","","Baixa realizada via Retorno de Arquivo Bancário","SAIDA","780","1407","157537.61","-854218.98","96419.89","","2078293.76","0","1388466.06","1574348.41","3388106.52","410923.62","312487.67","842225.48","","","0","0","AutorizacaoPagamento{exercicioContabil=2026, numero=1280, Juridicionado=01 - PREFEITURA MUNICIPAL DE VARGEM GRANDE DO SUL}",""
"2026","1210","","1210","","","","","1","Tesouro","","","","110","GERAL","0","","","1","1","Banco do Brasil S.A.","2763","4","0000030006","3","BCO BRASIL - CONTA MOVIMENTO","09/03/2026 00:00:00","DEBITO_CONTA_CORRENTE","CONTA_BANCARIA","26","","1280","18137","","","Baixa realizada via Retorno de Arquivo Bancário","SAIDA","63.63","1407","157537.61","-854282.61","96419.89","","2078293.76","0","1388466.06","1574348.41","3388106.52","410923.62","312487.67","842225.48","","","0","0","AutorizacaoPagamento{exercicioContabil=2026, numero=1280, Juridicionado=01 - PREFEITURA MUNICIPAL DE VARGEM GRANDE DO SUL}",""
"2026","1210","","1210","","","","","1","Tesouro","","","","510","ASSISTÊNCIA SOCIAL - GERAL","0","","","1","1","Banco do Brasil S.A.","2763","4","0000030006","3","BCO BRASIL - CONTA MOVIMENTO","09/03/2026 00:00:00","DEBITO_CONTA_CORRENTE","CONTA_BANCARIA","27","","1280","18137","","","Baixa realizada via Retorno de Arquivo Bancário","SAIDA","6195.1","1407","157537.61","-860477.71","96419.89","","2078293.76","0","1388466.06","1574348.41","3388106.52","410923.62","312487.67","842225.48","","","0","0","AutorizacaoPagamento{exercicioContabil=2026, numero=1280, Juridicionado=01 - PREFEITURA MUNICIPAL DE VARGEM GRANDE DO SUL}",""
"2026","1210","","1210","","","","","1","Tesouro","","","","510","ASSISTÊNCIA SOCIAL - GERAL","0","","","1","1","Banco do Brasil S.A.","2763","4","0000030006","3","BCO BRASIL - CONTA MOVIMENTO","09/03/2026 00:00:00","DEBITO_CONTA_CORRENTE","CONTA_BANCARIA","28","","","","540","","Transferência Aut. para compensação de Descontos de parcelas: Aut. Pagto.[1280/2026].","SAIDA","14.9","1407","157537.61","-860492.61","96419.89","","2078293.76","0","1388466.06","1574348.41","3388106.52","410923.62","312487.67","842225.48","","","0","0","",""
"2026","1210","","1210","","","","","1","Tesouro","","","","110","GERAL","0","","","1","1","Banco do Brasil S.A.","2763","4","0000030006","3","BCO BRASIL - CONTA MOVIMENTO","09/03/2026 00:00:00","DEBITO_CONTA_CORRENTE","CONTA_BANCARIA","29","","1313","18180","","","Baixa realizada via Retorno de Arquivo Bancário","SAIDA","1659.84","1407","157537.61","-862152.45","96419.89","","2078293.76","0","1388466.06","1574348.41","3388106.52","410923.62","312487.67","842225.48","","","0","0","AutorizacaoPagamento{exercicioContabil=2026, numero=1313, Juridicionado=01 - PREFEITURA MUNICIPAL DE VARGEM GRANDE DO SUL}",""
"2026","1210","","1210","","","","","1","Tesouro","","","","110","GERAL","0","","","1","1","Banco do Brasil S.A.","2763","4","0000030006","3","BCO BRASIL - CONTA MOVIMENTO","09/03/2026 00:00:00","DEBITO_CONTA_CORRENTE","CONTA_BANCARIA","30","","1313","18180","","","Baixa realizada via Retorno de Arquivo Bancário","SAIDA","2021.45","1407","157537.61","-864173.9","96419.89","","2078293.76","0","1388466.06","1574348.41","3388106.52","410923.62","312487.67","842225.48","","","0","0","AutorizacaoPagamento{exercicioContabil=2026, numero=1313, Juridicionado=01 - PREFEITURA MUNICIPAL DE VARGEM GRANDE DO SUL}",""
"2026","1210","","1210","","","","","1","Tesouro","","","","110","GERAL","0","","","1","1","Banco do Brasil S.A.","2763","4","0000030006","3","BCO BRASIL - CONTA MOVIMENTO","09/03/2026 00:00:00","DEBITO_CONTA_CORRENTE","CONTA_BANCARIA","31","","1313","18180","","","Baixa realizada via Retorno de Arquivo Bancário","SAIDA","3757.19","1407","157537.61","-867931.09","96419.89","","2078293.76","0","1388466.06","1574348.41","3388106.52","410923.62","312487.67","842225.48","","","0","0","AutorizacaoPagamento{exercicioContabil=2026, numero=1313, Juridicionado=01 - PREFEITURA MUNICIPAL DE VARGEM GRANDE DO SUL}",""
"2026","1210","","1210","","","","","1","Tesouro","","","","110","GERAL","0","","","1","1","Banco do Brasil S.A.","2763","4","0000030006","3","BCO BRASIL - CONTA MOVIMENTO","09/03/2026 00:00:00","DEBITO_CONTA_CORRENTE","CONTA_BANCARIA","32","","1313","18180","","","Baixa realizada via Retorno de Arquivo Bancário","SAIDA","15778.5","1407","157537.61","-883709.59","96419.89","","2078293.76","0","1388466.06","1574348.41","3388106.52","410923.62","312487.67","842225.48","","","0","0","AutorizacaoPagamento{exercicioContabil=2026, numero=1313, Juridicionado=01 - PREFEITURA MUNICIPAL DE VARGEM GRANDE DO SUL}",""
"2026","1210","","1210","","","","","1","Tesouro","","","","410","TRÂNSITO - SINALIZAÇÃO","0","","","1","1","Banco do Brasil S.A.","2763","4","0000030006","3","BCO BRASIL - CONTA MOVIMENTO","09/03/2026 00:00:00","DEBITO_CONTA_CORRENTE","CONTA_BANCARIA","33","","1313","18180","","","Baixa realizada via Retorno de Arquivo Bancário","SAIDA","1240","1407","157537.61","-884949.59","96419.89","","2078293.76","0","1388466.06","1574348.41","3388106.52","410923.62","312487.67","842225.48","","","0","0","AutorizacaoPagamento{exercicioContabil=2026, numero=1313, Juridicionado=01 - PREFEITURA MUNICIPAL DE VARGEM GRANDE DO SUL}",""
"2026","1210","","1210","","","","","1","Tesouro","","","","110","GERAL","0","","","1","1","Banco do Brasil S.A.","2763","4","0000030006","3","BCO BRASIL - CONTA MOVIMENTO","09/03/2026 00:00:00","DEBITO_CONTA_CORRENTE","CONTA_BANCARIA","34","","1313","18180","","","Baixa realizada via Retorno de Arquivo Bancário","SAIDA","453.26","1407","157537.61","-885402.85","96419.89","","2078293.76","0","1388466.06","1574348.41","3388106.52","410923.62","312487.67","842225.48","","","0","0","AutorizacaoPagamento{exercicioContabil=2026, numero=1313, Juridicionado=01 - PREFEITURA MUNICIPAL DE VARGEM GRANDE DO SUL}",""
"2026","1210","","1210","","","","","1","Tesouro","","","","410","TRÂNSITO - SINALIZAÇÃO","0","","","1","1","Banco do Brasil S.A.","2763","4","0000030006","3","BCO BRASIL - CONTA MOVIMENTO","09/03/2026 00:00:00","DEBITO_CONTA_CORRENTE","CONTA_BANCARIA","35","","1313","18180","","","Baixa realizada via Retorno de Arquivo Bancário","SAIDA","418.61","1407","157537.61","-885821.46","96419.89","","2078293.76","0","1388466.06","1574348.41","3388106.52","410923.62","312487.67","842225.48","","","0","0","AutorizacaoPagamento{exercicioContabil=2026, numero=1313, Juridicionado=01 - PREFEITURA MUNICIPAL DE VARGEM GRANDE DO SUL}",""
"2026","1210","","1210","","","","","1","Tesouro","","","","410","TRÂNSITO - SINALIZAÇÃO","0","","","1","1","Banco do Brasil S.A.","2763","4","0000030006","3","BCO BRASIL - CONTA MOVIMENTO","09/03/2026 00:00:00","DEBITO_CONTA_CORRENTE","CONTA_BANCARIA","36","","1313","18180","","","Baixa realizada via Retorno de Arquivo Bancário","SAIDA","1790","1407","157537.61","-887611.46","96419.89","","2078293.76","0","1388466.06","1574348.41","3388106.52","410923.62","312487.67","842225.48","","","0","0","AutorizacaoPagamento{exercicioContabil=2026, numero=1313, Juridicionado=01 - PREFEITURA MUNICIPAL DE VARGEM GRANDE DO SUL}",""
"2026","1210","","1210","","","","","1","Tesouro","","","","410","TRÂNSITO - SINALIZAÇÃO","0","","","1","1","Banco do Brasil S.A.","2763","4","0000030006","3","BCO BRASIL - CONTA MOVIMENTO","09/03/2026 00:00:00","DEBITO_CONTA_CORRENTE","CONTA_BANCARIA","37","","1313","18180","","","Baixa realizada via Retorno de Arquivo Bancário","SAIDA","570.84","1407","157537.61","-888182.3","96419.89","","2078293.76","0","1388466.06","1574348.41","3388106.52","410923.62","312487.67","842225.48","","","0","0","AutorizacaoPagamento{exercicioContabil=2026, numero=1313, Juridicionado=01 - PREFEITURA MUNICIPAL DE VARGEM GRANDE DO SUL}",""
"2026","1210","","1210","","","","","1","Tesouro","","","","410","TRÂNSITO - SINALIZAÇÃO","0","","","1","1","Banco do Brasil S.A.","2763","4","0000030006","3","BCO BRASIL - CONTA MOVIMENTO","09/03/2026 00:00:00","DEBITO_CONTA_CORRENTE","CONTA_BANCARIA","38","","","","542","","Transferência Aut. para compensação de Descontos de parcelas: Aut. Pagto.[1313/2026].","SAIDA","50.55","1407","157537.61","-888232.85","96419.89","","2078293.76","0","1388466.06","1574348.41","3388106.52","410923.62","312487.67","842225.48","","","0","0","",""
"2026","1210","","1210","","","","","1","Tesouro","","","","110","GERAL","0","","","1","1","Banco do Brasil S.A.","2763","4","0000030006","3","BCO BRASIL - CONTA MOVIMENTO","10/03/2026 00:00:00","CREDITO_CONTA_CORRENTE","CONTA_BANCARIA","1","950","","","","","LANÇAMENTO DE RECEITA","ENTRADA","991.31","1407","157537.61","-887241.54","96419.89","","2078293.76","0","1388466.06","1574348.41","3388106.52","410923.62","312487.67","842225.48","","","0","0","",""
"2026","1210","","1210","","","","","1","Tesouro","","","","110","GERAL","0","","","1","1","Banco do Brasil S.A.","2763","4","0000030006","3","BCO BRASIL - CONTA MOVIMENTO","10/03/2026 00:00:00","DEBITO_CONTA_CORRENTE","CONTA_BANCARIA","1","","1370","18253","","","FUPREBEN","SAIDA","99722.32","1407","157537.61","-986963.86","96419.89","","2078293.76","0","1388466.06","1574348.41","3388106.52","410923.62","312487.67","842225.48","","","0","0","AutorizacaoPagamento{exercicioContabil=2026, numero=1370, Juridicionado=01 - PREFEITURA MUNICIPAL DE VARGEM GRANDE DO SUL}",""
"2026","1210","","1210","","","","","1","Tesouro","","","","110","GERAL","0","","","1","1","Banco do Brasil S.A.","2763","4","0000030006","3","BCO BRASIL - CONTA MOVIMENTO","10/03/2026 00:00:00","DEBITO_CONTA_CORRENTE","CONTA_BANCARIA","2","","1372","18260","","","NE 13484/2025","SAIDA","209.7","1407","157537.61","-987173.56","96419.89","","2078293.76","0","1388466.06","1574348.41","3388106.52","410923.62","312487.67","842225.48","","","0","0","AutorizacaoPagamento{exercicioContabil=2026, numero=1372, Juridicionado=01 - PREFEITURA MUNICIPAL DE VARGEM GRANDE DO SUL}",""
"2026","1210","","1210","","","","","1","Tesouro","","","","110","GERAL","0","","","1","1","Banco do Brasil S.A.","2763","4","0000030006","3","BCO BRASIL - CONTA MOVIMENTO","10/03/2026 00:00:00","CREDITO_CONTA_CORRENTE","CONTA_BANCARIA","2","983","","","","","LANÇAMENTO DE GUIA DE TRANSFERÊNCIAS GOVERNAMENTAIS","ENTRADA","679528.58","1407","157537.61","-307644.98","96419.89","","2078293.76","0","1388466.06","1574348.41","3388106.52","410923.62","312487.67","842225.48","","","0","0","",""
"2026","1210","","1210","","","","","1","Tesouro","","","","110","GERAL","0","","","1","1","Banco do Brasil S.A.","2763","4","0000030006","3","BCO BRASIL - CONTA MOVIMENTO","10/03/2026 00:00:00","DEBITO_CONTA_CORRENTE","CONTA_BANCARIA","3","","1373","18261","","","NE 1216/2026","SAIDA","1386.66","1407","157537.61","-309031.64","96419.89","","2078293.76","0","1388466.06","1574348.41","3388106.52","410923.62","312487.67","842225.48","","","0","0","AutorizacaoPagamento{exercicioContabil=2026, numero=1373, Juridicionado=01 - PREFEITURA MUNICIPAL DE VARGEM GRANDE DO SUL}",""
"2026","1210","","1210","","","","","1","Tesouro","","","","110","GERAL","0","","","1","1","Banco do Brasil S.A.","2763","4","0000030006","3","BCO BRASIL - CONTA MOVIMENTO","10/03/2026 00:00:00","DEBITO_CONTA_CORRENTE","CONTA_BANCARIA","4","","1375","18263","","","NE 1977/2026","SAIDA","798.26","1407","157537.61","-309829.9","96419.89","","2078293.76","0","1388466.06","1574348.41","3388106.52","410923.62","312487.67","842225.48","","","0","0","AutorizacaoPagamento{exercicioContabil=2026, numero=1375, Juridicionado=01 - PREFEITURA MUNICIPAL DE VARGEM GRANDE DO SUL}",""
"2026","1210","","1210","","","","","1","Tesouro","","","","110","GERAL","0","","","1","1","Banco do Brasil S.A.","2763","4","0000030006","3","BCO BRASIL - CONTA MOVIMENTO","10/03/2026 00:00:00","DEBITO_CONTA_CORRENTE","CONTA_BANCARIA","5","","1380","18270","","","NE 3619/2026","SAIDA","341.86","1407","157537.61","-310171.76","96419.89","","2078293.76","0","1388466.06","1574348.41","3388106.52","410923.62","312487.67","842225.48","","","0","0","AutorizacaoPagamento{exercicioContabil=2026, numero=1380, Juridicionado=01 - PREFEITURA MUNICIPAL DE VARGEM GRANDE DO SUL}",""
"2026","1210","","1210","","","","","1","Tesouro","","","","110","GERAL","0","","","1","1","Banco do Brasil S.A.","2763","4","0000030006","3","BCO BRASIL - CONTA MOVIMENTO","10/03/2026 00:00:00","DEBITO_CONTA_CORRENTE","CONTA_BANCARIA","6","983","","","","","LANÇAMENTO DE GUIA DE TRANSFERÊNCIAS GOVERNAMENTAIS","SAIDA","135905.71","1407","157537.61","-446077.47","96419.89","","2078293.76","0","1388466.06","1574348.41","3388106.52","410923.62","312487.67","842225.48","","","0","0","",""
"2026","1210","","1210","","","","","1","Tesouro","","","","110","GERAL","0","","","1","1","Banco do Brasil S.A.","2763","4","0000030006","3","BCO BRASIL - CONTA MOVIMENTO","11/03/2026 00:00:00","CREDITO_CONTA_CORRENTE","CONTA_BANCARIA","1","","","","547","","Transf ref IR Repremig Representação e Com de Minas Gerais (NF 37798)","ENTRADA","41.39","1407","157537.61","-446036.08","96419.89","","2078293.76","0","1388466.06","1574348.41","3388106.52","410923.62","312487.67","842225.48","","","0","0","",""
"2026","1210","","1210","","","","","1","Tesouro","","","","110","GERAL","0","","","1","1","Banco do Brasil S.A.","2763","4","0000030006","3","BCO BRASIL - CONTA MOVIMENTO","11/03/2026 00:00:00","DEBITO_CONTA_CORRENTE","CONTA_BANCARIA","1","","1383","18273","","","NE 158/2026","SAIDA","270","1407","157537.61","-446306.08","96419.89","","2078293.76","0","1388466.06","1574348.41","3388106.52","410923.62","312487.67","842225.48","","","0","0","AutorizacaoPagamento{exercicioContabil=2026, numero=1383, Juridicionado=01 - PREFEITURA MUNICIPAL DE VARGEM GRANDE DO SUL}",""
"2026","1210","","1210","","","","","1","Tesouro","","","","110","GERAL","0","","","1","1","Banco do Brasil S.A.","2763","4","0000030006","3","BCO BRASIL - CONTA MOVIMENTO","11/03/2026 00:00:00","DEBITO_CONTA_CORRENTE","CONTA_BANCARIA","2","","1356","18238","","","Baixa realizada via Retorno de Arquivo Bancário","SAIDA","328.27","1407","157537.61","-446634.35","96419.89","","2078293.76","0","1388466.06","1574348.41","3388106.52","410923.62","312487.67","842225.48","","","0","0","AutorizacaoPagamento{exercicioContabil=2026, numero=1356, Juridicionado=01 - PREFEITURA MUNICIPAL DE VARGEM GRANDE DO SUL}",""
"2026","1210","","1210","","","","","1","Tesouro","","","","110","GERAL","0","","","1","1","Banco do Brasil S.A.","2763","4","0000030006","3","BCO BRASIL - CONTA MOVIMENTO","11/03/2026 00:00:00","CREDITO_CONTA_CORRENTE","CONTA_BANCARIA","2","","","","554","","Transf ref IR Diagcenter - Med Diagnóstica Ltda (NF 2864, 2861)","ENTRADA","27.17","1407","157537.61","-446607.18","96419.89","","2078293.76","0","1388466.06","1574348.41","3388106.52","410923.62","312487.67","842225.48","","","0","0","",""
"2026","1210","","1210","","","","","1","Tesouro","","","","110","GERAL","0","","","1","1","Banco do Brasil S.A.","2763","4","0000030006","3","BCO BRASIL - CONTA MOVIMENTO","11/03/2026 00:00:00","CREDITO_CONTA_CORRENTE","CONTA_BANCARIA","3","","","","555","","Transf ref ISS Diagcenter - Med Diagnóstica Ltda (NF 2864, 2861)","ENTRADA","67.92","1407","157537.61","-446539.26","96419.89","","2078293.76","0","1388466.06","1574348.41","3388106.52","410923.62","312487.67","842225.48","","","0","0","",""
"2026","1210","","1210","","","","","1","Tesouro","","","","110","GERAL","0","","","1","1","Banco do Brasil S.A.","2763","4","0000030006","3","BCO BRASIL - CONTA MOVIMENTO","11/03/2026 00:00:00","DEBITO_CONTA_CORRENTE","CONTA_BANCARIA","3","","1356","18238","","","Baixa realizada via Retorno de Arquivo Bancário","SAIDA","1657.21","1407","157537.61","-448196.47","96419.89","","2078293.76","0","1388466.06","1574348.41","3388106.52","410923.62","312487.67","842225.48","","","0","0","AutorizacaoPagamento{exercicioContabil=2026, numero=1356, Juridicionado=01 - PREFEITURA MUNICIPAL DE VARGEM GRANDE DO SUL}",""
"2026","1210","","1210","","","","","1","Tesouro","","","","110","GERAL","0","","","1","1","Banco do Brasil S.A.","2763","4","0000030006","3","BCO BRASIL - CONTA MOVIMENTO","11/03/2026 00:00:00","DEBITO_CONTA_CORRENTE","CONTA_BANCARIA","4","","1356","18238","","","Baixa realizada via Retorno de Arquivo Bancário","SAIDA","224.21","1407","157537.61","-448420.68","96419.89","","2078293.76","0","1388466.06","1574348.41","3388106.52","410923.62","312487.67","842225.48","","","0","0","AutorizacaoPagamento{exercicioContabil=2026, numero=1356, Juridicionado=01 - PREFEITURA MUNICIPAL DE VARGEM GRANDE DO SUL}",""
"2026","1210","","1210","","","","","1","Tesouro","","","","110","GERAL","0","","","1","1","Banco do Brasil S.A.","2763","4","0000030006","3","BCO BRASIL - CONTA MOVIMENTO","11/03/2026 00:00:00","CREDITO_CONTA_CORRENTE","CONTA_BANCARIA","4","","","","557","","Transf ref IR A2XR Comercial Ltda (NF 3840, 3841)","ENTRADA","29.9","1407","157537.61","-448390.78","96419.89","","2078293.76","0","1388466.06","1574348.41","3388106.52","410923.62","312487.67","842225.48","","","0","0","",""
"2026","1210","","1210","","","","","1","Tesouro","","","","110","GERAL","0","","","1","1","Banco do Brasil S.A.","2763","4","0000030006","3","BCO BRASIL - CONTA MOVIMENTO","11/03/2026 00:00:00","DEBITO_CONTA_CORRENTE","CONTA_BANCARIA","5","","1356","18238","","","Baixa realizada via Retorno de Arquivo Bancário","SAIDA","341.19","1407","157537.61","-448731.97","96419.89","","2078293.76","0","1388466.06","1574348.41","3388106.52","410923.62","312487.67","842225.48","","","0","0","AutorizacaoPagamento{exercicioContabil=2026, numero=1356, Juridicionado=01 - PREFEITURA MUNICIPAL DE VARGEM GRANDE DO SUL}",""
"2026","1210","","1210","","","","","1","Tesouro","","","","110","GERAL","0","","","1","1","Banco do Brasil S.A.","2763","4","0000030006","3","BCO BRASIL - CONTA MOVIMENTO","11/03/2026 00:00:00","CREDITO_CONTA_CORRENTE","CONTA_BANCARIA","5","","","","558","","Transferência entre contas","ENTRADA","190000","1407","157537.61","-258731.97","96419.89","","2078293.76","0","1388466.06","1574348.41","3388106.52","410923.62","312487.67","842225.48","","","0","0","",""
"2026","1210","","1210","","","","","1","Tesouro","","","","110","GERAL","0","","","1","1","Banco do Brasil S.A.","2763","4","0000030006","3","BCO BRASIL - CONTA MOVIMENTO","11/03/2026 00:00:00","CREDITO_CONTA_CORRENTE","CONTA_BANCARIA","6","","","","565","","Transf ref IR Diagcenter - Med Diagnóstica Ltda (NF 2870)","ENTRADA","103.08","1407","157537.61","-258628.89","96419.89","","2078293.76","0","1388466.06","1574348.41","3388106.52","410923.62","312487.67","842225.48","","","0","0","",""
"2026","1210","","1210","","","","","1","Tesouro","","","","110","GERAL","0","","","1","1","Banco do Brasil S.A.","2763","4","0000030006","3","BCO BRASIL - CONTA MOVIMENTO","11/03/2026 00:00:00","DEBITO_CONTA_CORRENTE","CONTA_BANCARIA","6","","1356","18238","","","Baixa realizada via Retorno de Arquivo Bancário","SAIDA","4046","1407","157537.61","-262674.89","96419.89","","2078293.76","0","1388466.06","1574348.41","3388106.52","410923.62","312487.67","842225.48","","","0","0","AutorizacaoPagamento{exercicioContabil=2026, numero=1356, Juridicionado=01 - PREFEITURA MUNICIPAL DE VARGEM GRANDE DO SUL}",""
"2026","1210","","1210","","","","","1","Tesouro","","","","110","GERAL","0","","","1","1","Banco do Brasil S.A.","2763","4","0000030006","3","BCO BRASIL - CONTA MOVIMENTO","11/03/2026 00:00:00","DEBITO_CONTA_CORRENTE","CONTA_BANCARIA","7","","1356","18238","","","Baixa realizada via Retorno de Arquivo Bancário","SAIDA","317.49","1407","157537.61","-262992.38","96419.89","","2078293.76","0","1388466.06","1574348.41","3388106.52","410923.62","312487.67","842225.48","","","0","0","AutorizacaoPagamento{exercicioContabil=2026, numero=1356, Juridicionado=01 - PREFEITURA MUNICIPAL DE VARGEM GRANDE DO SUL}",""
"2026","1210","","1210","","","","","1","Tesouro","","","","110","GERAL","0","","","1","1","Banco do Brasil S.A.","2763","4","0000030006","3","BCO BRASIL - CONTA MOVIMENTO","11/03/2026 00:00:00","CREDITO_CONTA_CORRENTE","CONTA_BANCARIA","7","","","","566","","Transf ref ISS Diagcenter - Med Diagnóstica Ltda (NF 2870)","ENTRADA","103.08","1407","157537.61","-262889.3","96419.89","","2078293.76","0","1388466.06","1574348.41","3388106.52","410923.62","312487.67","842225.48","","","0","0","",""
"2026","1210","","1210","","","","","1","Tesouro","","","","110","GERAL","0","","","1","1","Banco do Brasil S.A.","2763","4","0000030006","3","BCO BRASIL - CONTA MOVIMENTO","11/03/2026 00:00:00","CREDITO_CONTA_CORRENTE","CONTA_BANCARIA","8","","","","567","","Transf ref ISS Diagcenter - Med Diagnóstica Ltda (NF 2862)","ENTRADA","501.66","1407","157537.61","-262387.64","96419.89","","2078293.76","0","1388466.06","1574348.41","3388106.52","410923.62","312487.67","842225.48","","","0","0","",""
"2026","1210","","1210","","","","","1","Tesouro","","","","110","GERAL","0","","","1","1","Banco do Brasil S.A.","2763","4","0000030006","3","BCO BRASIL - CONTA MOVIMENTO","11/03/2026 00:00:00","DEBITO_CONTA_CORRENTE","CONTA_BANCARIA","8","","1356","18238","","","Baixa realizada via Retorno de Arquivo Bancário","SAIDA","195","1407","157537.61","-262582.64","96419.89","","2078293.76","0","1388466.06","1574348.41","3388106.52","410923.62","312487.67","842225.48","","","0","0","AutorizacaoPagamento{exercicioContabil=2026, numero=1356, Juridicionado=01 - PREFEITURA MUNICIPAL DE VARGEM GRANDE DO SUL}",""
"2026","1210","","1210","","","","","1","Tesouro","","","","110","GERAL","0","","","1","1","Banco do Brasil S.A.","2763","4","0000030006","3","BCO BRASIL - CONTA MOVIMENTO","11/03/2026 00:00:00","CREDITO_CONTA_CORRENTE","CONTA_BANCARIA","9","","","","568","","Transf ref IR Diagcenter - Med Diagnóstica Ltda (NF 2862)","ENTRADA","200.66","1407","157537.61","-262381.98","96419.89","","2078293.76","0","1388466.06","1574348.41","3388106.52","410923.62","312487.67","842225.48","","","0","0","",""
"2026","1210","","1210","","","","","1","Tesouro","","","","110","GERAL","0","","","1","1","Banco do Brasil S.A.","2763","4","0000030006","3","BCO BRASIL - CONTA MOVIMENTO","11/03/2026 00:00:00","DEBITO_CONTA_CORRENTE","CONTA_BANCARIA","9","","1356","18238","","","Baixa realizada via Retorno de Arquivo Bancário","SAIDA","5373.34","1407","157537.61","-267755.32","96419.89","","2078293.76","0","1388466.06","1574348.41","3388106.52","410923.62","312487.67","842225.48","","","0","0","AutorizacaoPagamento{exercicioContabil=2026, numero=1356, Juridicionado=01 - PREFEITURA MUNICIPAL DE VARGEM GRANDE DO SUL}",""
"2026","1210","","1210","","","","","1","Tesouro","","","","110","GERAL","0","","","1","1","Banco do Brasil S.A.","2763","4","0000030006","3","BCO BRASIL - CONTA MOVIMENTO","11/03/2026 00:00:00","CREDITO_CONTA_CORRENTE","CONTA_BANCARIA","10","","","","569","","Transf ref IR Diagcenter - Med Diagnóstica Ltda (NF 2871)","ENTRADA","1029.72","1407","157537.61","-266725.6","96419.89","","2078293.76","0","1388466.06","1574348.41","3388106.52","410923.62","312487.67","842225.48","","","0","0","",""
"2026","1210","","1210","","","","","1","Tesouro","","","","110","GERAL","0","","","1","1","Banco do Brasil S.A.","2763","4","0000030006","3","BCO BRASIL - CONTA MOVIMENTO","11/03/2026 00:00:00","DEBITO_CONTA_CORRENTE","CONTA_BANCARIA","10","","1356","18238","","","Baixa realizada via Retorno de Arquivo Bancário","SAIDA","920","1407","157537.61","-267645.6","96419.89","","2078293.76","0","1388466.06","1574348.41","3388106.52","410923.62","312487.67","842225.48","","","0","0","AutorizacaoPagamento{exercicioContabil=2026, numero=1356, Juridicionado=01 - PREFEITURA MUNICIPAL DE VARGEM GRANDE DO SUL}",""
"2026","1210","","1210","","","","","1","Tesouro","","","","110","GERAL","0","","","1","1","Banco do Brasil S.A.","2763","4","0000030006","3","BCO BRASIL - CONTA MOVIMENTO","11/03/2026 00:00:00","DEBITO_CONTA_CORRENTE","CONTA_BANCARIA","11","","1356","18238","","","Baixa realizada via Retorno de Arquivo Bancário","SAIDA","601.48","1407","157537.61","-268247.08","96419.89","","2078293.76","0","1388466.06","1574348.41","3388106.52","410923.62","312487.67","842225.48","","","0","0","AutorizacaoPagamento{exercicioContabil=2026, numero=1356, Juridicionado=01 - PREFEITURA MUNICIPAL DE VARGEM GRANDE DO SUL}",""
"2026","1210","","1210","","","","","1","Tesouro","","","","110","GERAL","0","","","1","1","Banco do Brasil S.A.","2763","4","0000030006","3","BCO BRASIL - CONTA MOVIMENTO","11/03/2026 00:00:00","CREDITO_CONTA_CORRENTE","CONTA_BANCARIA","11","","","","570","","Transf ref ISS Diagcenter - Med Diagnóstica Ltda (NF 2871)","ENTRADA","2574.31","1407","157537.61","-265672.77","96419.89","","2078293.76","0","1388466.06","1574348.41","3388106.52","410923.62","312487.67","842225.48","","","0","0","",""
"2026","1210","","1210","","","","","1","Tesouro","","","","110","GERAL","0","","","1","1","Banco do Brasil S.A.","2763","4","0000030006","3","BCO BRASIL - CONTA MOVIMENTO","11/03/2026 00:00:00","CREDITO_CONTA_CORRENTE","CONTA_BANCARIA","12","","","","571","","Transf ref ISS Diagcenter - Med Diagnóstica Ltda (NF 2863)","ENTRADA","992.16","1407","157537.61","-264680.61","96419.89","","2078293.76","0","1388466.06","1574348.41","3388106.52","410923.62","312487.67","842225.48","","","0","0","",""
"2026","1210","","1210","","","","","1","Tesouro","","","","110","GERAL","0","","","1","1","Banco do Brasil S.A.","2763","4","0000030006","3","BCO BRASIL - CONTA MOVIMENTO","11/03/2026 00:00:00","DEBITO_CONTA_CORRENTE","CONTA_BANCARIA","12","","1400","18291","","","NE 3181/2026","SAIDA","3984.12","1407","157537.61","-268664.73","96419.89","","2078293.76","0","1388466.06","1574348.41","3388106.52","410923.62","312487.67","842225.48","","","0","0","AutorizacaoPagamento{exercicioContabil=2026, numero=1400, Juridicionado=01 - PREFEITURA MUNICIPAL DE VARGEM GRANDE DO SUL}",""
"2026","1210","","1210","","","","","1","Tesouro","","","","110","GERAL","0","","","1","1","Banco do Brasil S.A.","2763","4","0000030006","3","BCO BRASIL - CONTA MOVIMENTO","11/03/2026 00:00:00","CREDITO_CONTA_CORRENTE","CONTA_BANCARIA","13","","","","572","","Transf ref IR Diagcenter - Med Diagnóstica Ltda (NF 2863)","ENTRADA","396.86","1407","157537.61","-268267.87","96419.89","","2078293.76","0","1388466.06","1574348.41","3388106.52","410923.62","312487.67","842225.48","","","0","0","",""
"2026","1210","","1210","","","","","1","Tesouro","","","","110","GERAL","0","","","1","1","Banco do Brasil S.A.","2763","4","0000030006","3","BCO BRASIL - CONTA MOVIMENTO","11/03/2026 00:00:00","CREDITO_CONTA_CORRENTE","CONTA_BANCARIA","14","","","","573","","Transf ref IR Edvaldo Donizeti Callegari EPP (NF 13492)","ENTRADA","0.77","1407","157537.61","-268267.1","96419.89","","2078293.76","0","1388466.06","1574348.41","3388106.52","410923.62","312487.67","842225.48","","","0","0","",""
"2026","1210","","1210","","","","","1","Tesouro","","","","110","GERAL","0","","","1","1","Banco do Brasil S.A.","2763","4","0000030006","3","BCO BRASIL - CONTA MOVIMENTO","11/03/2026 00:00:00","CREDITO_CONTA_CORRENTE","CONTA_BANCARIA","15","","","","581","","Transf ref IR Distrib de Alimentos Nagib Ltda (NF 19366)","ENTRADA","0.06","1407","157537.61","-268267.04","96419.89","","2078293.76","0","1388466.06","1574348.41","3388106.52","410923.62","312487.67","842225.48","","","0","0","",""
"2026","1210","","1210","","","","","1","Tesouro","","","","110","GERAL","0","","","1","1","Banco do Brasil S.A.","2763","4","0000030006","3","BCO BRASIL - CONTA MOVIMENTO","11/03/2026 00:00:00","CREDITO_CONTA_CORRENTE","CONTA_BANCARIA","16","","","","585","","Transf ref ISS Diagcenter Med Diagnóstica Ltda (NF 2870)","ENTRADA","154.62","1407","157537.61","-268112.42","96419.89","","2078293.76","0","1388466.06","1574348.41","3388106.52","410923.62","312487.67","842225.48","","","0","0","",""
"2026","1210","","1210","","","","","1","Tesouro","","","","110","GERAL","0","","","1","1","Banco do Brasil S.A.","2763","4","0000030006","3","BCO BRASIL - CONTA MOVIMENTO","12/03/2026 00:00:00","DEBITO_CONTA_CORRENTE","CONTA_BANCARIA","1","","1421","18312","","","NE 2058/2026","SAIDA","944.53","1407","157537.61","-269056.95","96419.89","","2078293.76","0","1388466.06","1574348.41","3388106.52","410923.62","312487.67","842225.48","","","0","0","AutorizacaoPagamento{exercicioContabil=2026, numero=1421, Juridicionado=01 - PREFEITURA MUNICIPAL DE VARGEM GRANDE DO SUL}",""
"2026","1210","","1210","","","","","1","Tesouro","","","","110","GERAL","0","","","1","1","Banco do Brasil S.A.","2763","4","0000030006","3","BCO BRASIL - CONTA MOVIMENTO","12/03/2026 00:00:00","CREDITO_CONTA_CORRENTE","CONTA_BANCARIA","1","","","","583","","Transf ref IR Cirúrgica São José Ltda (NF 310286)","ENTRADA","31.78","1407","157537.61","-269025.17","96419.89","","2078293.76","0","1388466.06","1574348.41","3388106.52","410923.62","312487.67","842225.48","","","0","0","",""
"2026","1210","","1210","","","","","1","Tesouro","","","","110","GERAL","0","","","1","1","Banco do Brasil S.A.","2763","4","0000030006","3","BCO BRASIL - CONTA MOVIMENTO","12/03/2026 00:00:00","DEBITO_CONTA_CORRENTE","CONTA_BANCARIA","2","","1422","18313","","","NE 3689/2025","SAIDA","578.55","1407","157537.61","-269603.72","96419.89","","2078293.76","0","1388466.06","1574348.41","3388106.52","410923.62","312487.67","842225.48","","","0","0","AutorizacaoPagamento{exercicioContabil=2026, numero=1422, Juridicionado=01 - PREFEITURA MUNICIPAL DE VARGEM GRANDE DO SUL}",""
"2026","1210","","1210","","","","","19","RECURSOS EXTRAÓRÇAMENTÁRIOS","","","","190","MOVIMENTAÇÕES EXTRAORÇAMENTÁRIAS GERAL","0","","","1","1","Banco do Brasil S.A.","2763","4","0000030006","3","BCO BRASIL - CONTA MOVIMENTO","12/03/2026 00:00:00","CREDITO_CONTA_CORRENTE","CONTA_BANCARIA","2","","","","587","","Transferência Aut. para compensação de Descontos de parcelas: Aut. Pagto.[1435/2026].","ENTRADA","52.8","1407","157537.61","-269550.92","96419.89","","2078293.76","0","1388466.06","1574348.41","3388106.52","410923.62","312487.67","842225.48","","","0","0","",""
"2026","1210","","1210","","","","","1","Tesouro","","","","110","GERAL","0","","","1","1","Banco do Brasil S.A.","2763","4","0000030006","3","BCO BRASIL - CONTA MOVIMENTO","12/03/2026 00:00:00","DEBITO_CONTA_CORRENTE","CONTA_BANCARIA","3","","1435","18328","","","NE 3511/2026","SAIDA","408","1407","157537.61","-269958.92","96419.89","","2078293.76","0","1388466.06","1574348.41","3388106.52","410923.62","312487.67","842225.48","","","0","0","AutorizacaoPagamento{exercicioContabil=2026, numero=1435, Juridicionado=01 - PREFEITURA MUNICIPAL DE VARGEM GRANDE DO SUL}",""
"2026","1210","","1210","","","","","1","Tesouro","","","","110","GERAL","0","","","1","1","Banco do Brasil S.A.","2763","4","0000030006","3","BCO BRASIL - CONTA MOVIMENTO","12/03/2026 00:00:00","CREDITO_CONTA_CORRENTE","CONTA_BANCARIA","3","","","","591","","Transf ref IR Distribuidora Nancy Ltda (NF 115057)","ENTRADA","121.62","1407","157537.61","-269837.3","96419.89","","2078293.76","0","1388466.06","1574348.41","3388106.52","410923.62","312487.67","842225.48","","","0","0","",""
"2026","1210","","1210","","","","","1","Tesouro","","","","110","GERAL","0","","","1","1","Banco do Brasil S.A.","2763","4","0000030006","3","BCO BRASIL - CONTA MOVIMENTO","12/03/2026 00:00:00","DEBITO_CONTA_CORRENTE","CONTA_BANCARIA","4","","","","587","","Transferência Aut. para compensação de Descontos de parcelas: Aut. Pagto.[1435/2026].","SAIDA","52.8","1407","157537.61","-269890.1","96419.89","","2078293.76","0","1388466.06","1574348.41","3388106.52","410923.62","312487.67","842225.48","","","0","0","",""
"2026","1210","","1210","","","","","1","Tesouro","","","","110","GERAL","0","","","1","1","Banco do Brasil S.A.","2763","4","0000030006","3","BCO BRASIL - CONTA MOVIMENTO","12/03/2026 00:00:00","DEBITO_CONTA_CORRENTE","CONTA_BANCARIA","5","","","","592","","Transf ref IR Distribuidora Nancy Ltda (NF 115057)","SAIDA","121.62","1407","157537.61","-270011.72","96419.89","","2078293.76","0","1388466.06","1574348.41","3388106.52","410923.62","312487.67","842225.48","","","0","0","",""
"2026","1210","","1210","","","","","1","Tesouro","","","","110","GERAL","0","","","1","1","Banco do Brasil S.A.","2763","4","0000030006","3","BCO BRASIL - CONTA MOVIMENTO","13/03/2026 00:00:00","DEBITO_CONTA_CORRENTE","CONTA_BANCARIA","1","","1405","18296","","","Baixa realizada via Retorno de Arquivo Bancário","SAIDA","724.7","1407","157537.61","-270736.42","96419.89","","2078293.76","0","1388466.06","1574348.41","3388106.52","410923.62","312487.67","842225.48","","","0","0","AutorizacaoPagamento{exercicioContabil=2026, numero=1405, Juridicionado=01 - PREFEITURA MUNICIPAL DE VARGEM GRANDE DO SUL}",""
"2026","1210","","1210","","","","","1","Tesouro","","","","110","GERAL","0","","","1","1","Banco do Brasil S.A.","2763","4","0000030006","3","BCO BRASIL - CONTA MOVIMENTO","13/03/2026 00:00:00","DEBITO_CONTA_CORRENTE","CONTA_BANCARIA","2","","1405","18296","","","Baixa realizada via Retorno de Arquivo Bancário","SAIDA","254.76","1407","157537.61","-270991.18","96419.89","","2078293.76","0","1388466.06","1574348.41","3388106.52","410923.62","312487.67","842225.48","","","0","0","AutorizacaoPagamento{exercicioContabil=2026, numero=1405, Juridicionado=01 - PREFEITURA MUNICIPAL DE VARGEM GRANDE DO SUL}",""
"2026","1210","","1210","","","","","1","Tesouro","","","","110","GERAL","0","","","1","1","Banco do Brasil S.A.","2763","4","0000030006","3","BCO BRASIL - CONTA MOVIMENTO","13/03/2026 00:00:00","DEBITO_CONTA_CORRENTE","CONTA_BANCARIA","3","","1405","18296","","","Baixa realizada via Retorno de Arquivo Bancário","SAIDA","5113.9","1407","157537.61","-276105.08","96419.89","","2078293.76","0","1388466.06","1574348.41","3388106.52","410923.62","312487.67","842225.48","","","0","0","AutorizacaoPagamento{exercicioContabil=2026, numero=1405, Juridicionado=01 - PREFEITURA MUNICIPAL DE VARGEM GRANDE DO SUL}",""
"2026","1210","","1210","","","","","1","Tesouro","","","","110","GERAL","0","","","1","1","Banco do Brasil S.A.","2763","4","0000030006","3","BCO BRASIL - CONTA MOVIMENTO","13/03/2026 00:00:00","DEBITO_CONTA_CORRENTE","CONTA_BANCARIA","4","","1405","18296","","","Baixa realizada via Retorno de Arquivo Bancário","SAIDA","5090","1407","157537.61","-281195.08","96419.89","","2078293.76","0","1388466.06","1574348.41","3388106.52","410923.62","312487.67","842225.48","","","0","0","AutorizacaoPagamento{exercicioContabil=2026, numero=1405, Juridicionado=01 - PREFEITURA MUNICIPAL DE VARGEM GRANDE DO SUL}",""
"2026","1210","","1210","","","","","1","Tesouro","","","","110","GERAL","0","","","1","1","Banco do Brasil S.A.","2763","4","0000030006","3","BCO BRASIL - CONTA MOVIMENTO","13/03/2026 00:00:00","DEBITO_CONTA_CORRENTE","CONTA_BANCARIA","5","","1405","18296","","","Baixa realizada via Retorno de Arquivo Bancário","SAIDA","292.6","1407","157537.61","-281487.68","96419.89","","2078293.76","0","1388466.06","1574348.41","3388106.52","410923.62","312487.67","842225.48","","","0","0","AutorizacaoPagamento{exercicioContabil=2026, numero=1405, Juridicionado=01 - PREFEITURA MUNICIPAL DE VARGEM GRANDE DO SUL}",""
"2026","1210","","1210","","","","","1","Tesouro","","","","110","GERAL","0","","","1","1","Banco do Brasil S.A.","2763","4","0000030006","3","BCO BRASIL - CONTA MOVIMENTO","13/03/2026 00:00:00","DEBITO_CONTA_CORRENTE","CONTA_BANCARIA","6","","1405","18296","","","Baixa realizada via Retorno de Arquivo Bancário","SAIDA","423","1407","157537.61","-281910.68","96419.89","","2078293.76","0","1388466.06","1574348.41","3388106.52","410923.62","312487.67","842225.48","","","0","0","AutorizacaoPagamento{exercicioContabil=2026, numero=1405, Juridicionado=01 - PREFEITURA MUNICIPAL DE VARGEM GRANDE DO SUL}",""
"2026","1210","","1210","","","","","1","Tesouro","","","","110","GERAL","0","","","1","1","Banco do Brasil S.A.","2763","4","0000030006","3","BCO BRASIL - CONTA MOVIMENTO","13/03/2026 00:00:00","DEBITO_CONTA_CORRENTE","CONTA_BANCARIA","7","","1405","18296","","","Baixa realizada via Retorno de Arquivo Bancário","SAIDA","709","1407","157537.61","-282619.68","96419.89","","2078293.76","0","1388466.06","1574348.41","3388106.52","410923.62","312487.67","842225.48","","","0","0","AutorizacaoPagamento{exercicioContabil=2026, numero=1405, Juridicionado=01 - PREFEITURA MUNICIPAL DE VARGEM GRANDE DO SUL}",""
"2026","1210","","1210","","","","","1","Tesouro","","","","110","GERAL","0","","","1","1","Banco do Brasil S.A.","2763","4","0000030006","3","BCO BRASIL - CONTA MOVIMENTO","13/03/2026 00:00:00","DEBITO_CONTA_CORRENTE","CONTA_BANCARIA","8","","1405","18296","","","Baixa realizada via Retorno de Arquivo Bancário","SAIDA","938.7","1407","157537.61","-283558.38","96419.89","","2078293.76","0","1388466.06","1574348.41","3388106.52","410923.62","312487.67","842225.48","","","0","0","AutorizacaoPagamento{exercicioContabil=2026, numero=1405, Juridicionado=01 - PREFEITURA MUNICIPAL DE VARGEM GRANDE DO SUL}",""
"2026","1210","","1210","","","","","1","Tesouro","","","","110","GERAL","0","","","1","1","Banco do Brasil S.A.","2763","4","0000030006","3","BCO BRASIL - CONTA MOVIMENTO","13/03/2026 00:00:00","DEBITO_CONTA_CORRENTE","CONTA_BANCARIA","9","","1405","18296","","","Baixa realizada via Retorno de Arquivo Bancário","SAIDA","197.4","1407","157537.61","-283755.78","96419.89","","2078293.76","0","1388466.06","1574348.41","3388106.52","410923.62","312487.67","842225.48","","","0","0","AutorizacaoPagamento{exercicioContabil=2026, numero=1405, Juridicionado=01 - PREFEITURA MUNICIPAL DE VARGEM GRANDE DO SUL}",""
"2026","1210","","1210","","","","","1","Tesouro","","","","510","ASSISTÊNCIA SOCIAL - GERAL","0","","","1","1","Banco do Brasil S.A.","2763","4","0000030006","3","BCO BRASIL - CONTA MOVIMENTO","13/03/2026 00:00:00","DEBITO_CONTA_CORRENTE","CONTA_BANCARIA","10","","1405","18296","","","Baixa realizada via Retorno de Arquivo Bancário","SAIDA","220","1407","157537.61","-283975.78","96419.89","","2078293.76","0","1388466.06","1574348.41","3388106.52","410923.62","312487.67","842225.48","","","0","0","AutorizacaoPagamento{exercicioContabil=2026, numero=1405, Juridicionado=01 - PREFEITURA MUNICIPAL DE VARGEM GRANDE DO SUL}",""
"2026","1210","","1210","","","","","1","Tesouro","","","","410","TRÂNSITO - SINALIZAÇÃO","0","","","1","1","Banco do Brasil S.A.","2763","4","0000030006","3","BCO BRASIL - CONTA MOVIMENTO","13/03/2026 00:00:00","DEBITO_CONTA_CORRENTE","CONTA_BANCARIA","11","","1405","18296","","","Baixa realizada via Retorno de Arquivo Bancário","SAIDA","1700","1407","157537.61","-285675.78","96419.89","","2078293.76","0","1388466.06","1574348.41","3388106.52","410923.62","312487.67","842225.48","","","0","0","AutorizacaoPagamento{exercicioContabil=2026, numero=1405, Juridicionado=01 - PREFEITURA MUNICIPAL DE VARGEM GRANDE DO SUL}",""
"2026","1210","","1210","","","","","1","Tesouro","","","","410","TRÂNSITO - SINALIZAÇÃO","0","","","1","1","Banco do Brasil S.A.","2763","4","0000030006","3","BCO BRASIL - CONTA MOVIMENTO","13/03/2026 00:00:00","DEBITO_CONTA_CORRENTE","CONTA_BANCARIA","12","","1405","18296","","","Baixa realizada via Retorno de Arquivo Bancário","SAIDA","1010","1407","157537.61","-286685.78","96419.89","","2078293.76","0","1388466.06","1574348.41","3388106.52","410923.62","312487.67","842225.48","","","0","0","AutorizacaoPagamento{exercicioContabil=2026, numero=1405, Juridicionado=01 - PREFEITURA MUNICIPAL DE VARGEM GRANDE DO SUL}",""
"2026","1210","","1210","","","","","1","Tesouro","","","","410","TRÂNSITO - SINALIZAÇÃO","0","","","1","1","Banco do Brasil S.A.","2763","4","0000030006","3","BCO BRASIL - CONTA MOVIMENTO","13/03/2026 00:00:00","DEBITO_CONTA_CORRENTE","CONTA_BANCARIA","13","","1405","18296","","","Baixa realizada via Retorno de Arquivo Bancário","SAIDA","120","1407","157537.61","-286805.78","96419.89","","2078293.76","0","1388466.06","1574348.41","3388106.52","410923.62","312487.67","842225.48","","","0","0","AutorizacaoPagamento{exercicioContabil=2026, numero=1405, Juridicionado=01 - PREFEITURA MUNICIPAL DE VARGEM GRANDE DO SUL}",""
"2026","1210","","1210","","","","","1","Tesouro","","","","410","TRÂNSITO - SINALIZAÇÃO","0","","","1","1","Banco do Brasil S.A.","2763","4","0000030006","3","BCO BRASIL - CONTA MOVIMENTO","13/03/2026 00:00:00","DEBITO_CONTA_CORRENTE","CONTA_BANCARIA","14","","1405","18296","","","Baixa realizada via Retorno de Arquivo Bancário","SAIDA","220","1407","157537.61","-287025.78","96419.89","","2078293.76","0","1388466.06","1574348.41","3388106.52","410923.62","312487.67","842225.48","","","0","0","AutorizacaoPagamento{exercicioContabil=2026, numero=1405, Juridicionado=01 - PREFEITURA MUNICIPAL DE VARGEM GRANDE DO SUL}",""
"2026","1210","","1210","","","","","1","Tesouro","","","","110","GERAL","0","","","1","1","Banco do Brasil S.A.","2763","4","0000030006","3","BCO BRASIL - CONTA MOVIMENTO","13/03/2026 00:00:00","DEBITO_CONTA_CORRENTE","CONTA_BANCARIA","15","","1405","18296","","","Baixa realizada via Retorno de Arquivo Bancário","SAIDA","1238.77","1407","157537.61","-288264.55","96419.89","","2078293.76","0","1388466.06","1574348.41","3388106.52","410923.62","312487.67","842225.48","","","0","0","AutorizacaoPagamento{exercicioContabil=2026, numero=1405, Juridicionado=01 - PREFEITURA MUNICIPAL DE VARGEM GRANDE DO SUL}",""
"2026","1210","","1210","","","","","1","Tesouro","","","","110","GERAL","0","","","1","1","Banco do Brasil S.A.","2763","4","0000030006","3","BCO BRASIL - CONTA MOVIMENTO","13/03/2026 00:00:00","DEBITO_CONTA_CORRENTE","CONTA_BANCARIA","16","","1405","18296","","","Baixa realizada via Retorno de Arquivo Bancário","SAIDA","126.67","1407","157537.61","-288391.22","96419.89","","2078293.76","0","1388466.06","1574348.41","3388106.52","410923.62","312487.67","842225.48","","","0","0","AutorizacaoPagamento{exercicioContabil=2026, numero=1405, Juridicionado=01 - PREFEITURA MUNICIPAL DE VARGEM GRANDE DO SUL}",""
"2026","1210","","1210","","","","","1","Tesouro","","","","410","TRÂNSITO - SINALIZAÇÃO","0","","","1","1","Banco do Brasil S.A.","2763","4","0000030006","3","BCO BRASIL - CONTA MOVIMENTO","13/03/2026 00:00:00","DEBITO_CONTA_CORRENTE","CONTA_BANCARIA","17","","1405","18296","","","Baixa realizada via Retorno de Arquivo Bancário","SAIDA","21.99","1407","157537.61","-288413.21","96419.89","","2078293.76","0","1388466.06","1574348.41","3388106.52","410923.62","312487.67","842225.48","","","0","0","AutorizacaoPagamento{exercicioContabil=2026, numero=1405, Juridicionado=01 - PREFEITURA MUNICIPAL DE VARGEM GRANDE DO SUL}",""
"2026","1210","","1210","","","","","1","Tesouro","","","","110","GERAL","0","","","1","1","Banco do Brasil S.A.","2763","4","0000030006","3","BCO BRASIL - CONTA MOVIMENTO","13/03/2026 00:00:00","DEBITO_CONTA_CORRENTE","CONTA_BANCARIA","18","","1405","18296","","","Baixa realizada via Retorno de Arquivo Bancário","SAIDA","712.6","1407","157537.61","-289125.81","96419.89","","2078293.76","0","1388466.06","1574348.41","3388106.52","410923.62","312487.67","842225.48","","","0","0","AutorizacaoPagamento{exercicioContabil=2026, numero=1405, Juridicionado=01 - PREFEITURA MUNICIPAL DE VARGEM GRANDE DO SUL}",""
"2026","1210","","1210","","","","","1","Tesouro","","","","110","GERAL","0","","","1","1","Banco do Brasil S.A.","2763","4","0000030006","3","BCO BRASIL - CONTA MOVIMENTO","13/03/2026 00:00:00","DEBITO_CONTA_CORRENTE","CONTA_BANCARIA","19","","1405","18296","","","Baixa realizada via Retorno de Arquivo Bancário","SAIDA","4900","1407","157537.61","-294025.81","96419.89","","2078293.76","0","1388466.06","1574348.41","3388106.52","410923.62","312487.67","842225.48","","","0","0","AutorizacaoPagamento{exercicioContabil=2026, numero=1405, Juridicionado=01 - PREFEITURA MUNICIPAL DE VARGEM GRANDE DO SUL}",""
"2026","1210","","1210","","","","","1","Tesouro","","","","110","GERAL","0","","","1","1","Banco do Brasil S.A.","2763","4","0000030006","3","BCO BRASIL - CONTA MOVIMENTO","13/03/2026 00:00:00","DEBITO_CONTA_CORRENTE","CONTA_BANCARIA","20","","1405","18296","","","Baixa realizada via Retorno de Arquivo Bancário","SAIDA","470.72","1407","157537.61","-294496.53","96419.89","","2078293.76","0","1388466.06","1574348.41","3388106.52","410923.62","312487.67","842225.48","","","0","0","AutorizacaoPagamento{exercicioContabil=2026, numero=1405, Juridicionado=01 - PREFEITURA MUNICIPAL DE VARGEM GRANDE DO SUL}",""
"2026","1210","","1210","","","","","1","Tesouro","","","","110","GERAL","0","","","1","1","Banco do Brasil S.A.","2763","4","0000030006","3","BCO BRASIL - CONTA MOVIMENTO","13/03/2026 00:00:00","DEBITO_CONTA_CORRENTE","CONTA_BANCARIA","21","","1405","18296","","","Baixa realizada via Retorno de Arquivo Bancário","SAIDA","490","1407","157537.61","-294986.53","96419.89","","2078293.76","0","1388466.06","1574348.41","3388106.52","410923.62","312487.67","842225.48","","","0","0","AutorizacaoPagamento{exercicioContabil=2026, numero=1405, Juridicionado=01 - PREFEITURA MUNICIPAL DE VARGEM GRANDE DO SUL}",""
"2026","1210","","1210","","","","","1","Tesouro","","","","110","GERAL","0","","","1","1","Banco do Brasil S.A.","2763","4","0000030006","3","BCO BRASIL - CONTA MOVIMENTO","13/03/2026 00:00:00","DEBITO_CONTA_CORRENTE","CONTA_BANCARIA","22","","1405","18296","","","Baixa realizada via Retorno de Arquivo Bancário","SAIDA","16184","1407","157537.61","-311170.53","96419.89","","2078293.76","0","1388466.06","1574348.41","3388106.52","410923.62","312487.67","842225.48","","","0","0","AutorizacaoPagamento{exercicioContabil=2026, numero=1405, Juridicionado=01 - PREFEITURA MUNICIPAL DE VARGEM GRANDE DO SUL}",""
"2026","1210","","1210","","","","","1","Tesouro","","","","110","GERAL","0","","","1","1","Banco do Brasil S.A.","2763","4","0000030006","3","BCO BRASIL - CONTA MOVIMENTO","13/03/2026 00:00:00","DEBITO_CONTA_CORRENTE","CONTA_BANCARIA","23","","1405","18296","","","Baixa realizada via Retorno de Arquivo Bancário","SAIDA","286","1407","157537.61","-311456.53","96419.89","","2078293.76","0","1388466.06","1574348.41","3388106.52","410923.62","312487.67","842225.48","","","0","0","AutorizacaoPagamento{exercicioContabil=2026, numero=1405, Juridicionado=01 - PREFEITURA MUNICIPAL DE VARGEM GRANDE DO SUL}",""
"2026","1210","","1210","","","","","1","Tesouro","","","","110","GERAL","0","","","1","1","Banco do Brasil S.A.","2763","4","0000030006","3","BCO BRASIL - CONTA MOVIMENTO","13/03/2026 00:00:00","DEBITO_CONTA_CORRENTE","CONTA_BANCARIA","24","","1405","18296","","","Baixa realizada via Retorno de Arquivo Bancário","SAIDA","139.01","1407","157537.61","-311595.54","96419.89","","2078293.76","0","1388466.06","1574348.41","3388106.52","410923.62","312487.67","842225.48","","","0","0","AutorizacaoPagamento{exercicioContabil=2026, numero=1405, Juridicionado=01 - PREFEITURA MUNICIPAL DE VARGEM GRANDE DO SUL}",""
"2026","1210","","1210","","","","","1","Tesouro","","","","110","GERAL","0","","","1","1","Banco do Brasil S.A.","2763","4","0000030006","3","BCO BRASIL - CONTA MOVIMENTO","13/03/2026 00:00:00","DEBITO_CONTA_CORRENTE","CONTA_BANCARIA","25","","1436","18329","","","Baixa realizada via Retorno de Arquivo Bancário","SAIDA","187","1407","157537.61","-311782.54","96419.89","","2078293.76","0","1388466.06","1574348.41","3388106.52","410923.62","312487.67","842225.48","","","0","0","AutorizacaoPagamento{exercicioContabil=2026, numero=1436, Juridicionado=01 - PREFEITURA MUNICIPAL DE VARGEM GRANDE DO SUL}",""
"2026","1210","","1210","","","","","1","Tesouro","","","","110","GERAL","0","","","1","1","Banco do Brasil S.A.","2763","4","0000030006","3","BCO BRASIL - CONTA MOVIMENTO","13/03/2026 00:00:00","DEBITO_CONTA_CORRENTE","CONTA_BANCARIA","26","","1436","18329","","","Baixa realizada via Retorno de Arquivo Bancário","SAIDA","310","1407","157537.61","-312092.54","96419.89","","2078293.76","0","1388466.06","1574348.41","3388106.52","410923.62","312487.67","842225.48","","","0","0","AutorizacaoPagamento{exercicioContabil=2026, numero=1436, Juridicionado=01 - PREFEITURA MUNICIPAL DE VARGEM GRANDE DO SUL}",""
"2026","1210","","1210","","","","","1","Tesouro","","","","110","GERAL","0","","","1","1","Banco do Brasil S.A.","2763","4","0000030006","3","BCO BRASIL - CONTA MOVIMENTO","13/03/2026 00:00:00","DEBITO_CONTA_CORRENTE","CONTA_BANCARIA","27","","1436","18329","","","Baixa realizada via Retorno de Arquivo Bancário","SAIDA","1192","1407","157537.61","-313284.54","96419.89","","2078293.76","0","1388466.06","1574348.41","3388106.52","410923.62","312487.67","842225.48","","","0","0","AutorizacaoPagamento{exercicioContabil=2026, numero=1436, Juridicionado=01 - PREFEITURA MUNICIPAL DE VARGEM GRANDE DO SUL}",""
"2026","1210","","1210","","","","","1","Tesouro","","","","110","GERAL","0","","","1","1","Banco do Brasil S.A.","2763","4","0000030006","3","BCO BRASIL - CONTA MOVIMENTO","13/03/2026 00:00:00","DEBITO_CONTA_CORRENTE","CONTA_BANCARIA","28","","1436","18329","","","Baixa realizada via Retorno de Arquivo Bancário","SAIDA","78","1407","157537.61","-313362.54","96419.89","","2078293.76","0","1388466.06","1574348.41","3388106.52","410923.62","312487.67","842225.48","","","0","0","AutorizacaoPagamento{exercicioContabil=2026, numero=1436, Juridicionado=01 - PREFEITURA MUNICIPAL DE VARGEM GRANDE DO SUL}",""
"2026","1210","","1210","","","","","1","Tesouro","","","","110","GERAL","0","","","1","1","Banco do Brasil S.A.","2763","4","0000030006","3","BCO BRASIL - CONTA MOVIMENTO","13/03/2026 00:00:00","DEBITO_CONTA_CORRENTE","CONTA_BANCARIA","29","","1459","18353","","","NE 3791/2026","SAIDA","3945.5","1407","157537.61","-317308.04","96419.89","","2078293.76","0","1388466.06","1574348.41","3388106.52","410923.62","312487.67","842225.48","","","0","0","AutorizacaoPagamento{exercicioContabil=2026, numero=1459, Juridicionado=01 - PREFEITURA MUNICIPAL DE VARGEM GRANDE DO SUL}",""
"2026","1210","","1210","","","","","1","Tesouro","","","","110","GERAL","0","","","1","1","Banco do Brasil S.A.","2763","4","0000030006","3","BCO BRASIL - CONTA MOVIMENTO","13/03/2026 00:00:00","DEBITO_CONTA_CORRENTE","CONTA_BANCARIA","30","","1461","18355","","","NE 3509/2026","SAIDA","4500","1407","157537.61","-321808.04","96419.89","","2078293.76","0","1388466.06","1574348.41","3388106.52","410923.62","312487.67","842225.48","","","0","0","AutorizacaoPagamento{exercicioContabil=2026, numero=1461, Juridicionado=01 - PREFEITURA MUNICIPAL DE VARGEM GRANDE DO SUL}",""
"2026","1210","","1210","","","","","1","Tesouro","","","","110","GERAL","0","","","1","1","Banco do Brasil S.A.","2763","4","0000030006","3","BCO BRASIL - CONTA MOVIMENTO","16/03/2026 00:00:00","DEBITO_CONTA_CORRENTE","CONTA_BANCARIA","1","","1463","18357","","","NE 158/2026","SAIDA","120","1407","157537.61","-321928.04","96419.89","","2078293.76","0","1388466.06","1574348.41","3388106.52","410923.62","312487.67","842225.48","","","0","0","AutorizacaoPagamento{exercicioContabil=2026, numero=1463, Juridicionado=01 - PREFEITURA MUNICIPAL DE VARGEM GRANDE DO SUL}",""
"2026","1210","","1210","","","","","1","Tesouro","","","","110","GERAL","0","","","1","1","Banco do Brasil S.A.","2763","4","0000030006","3","BCO BRASIL - CONTA MOVIMENTO","16/03/2026 00:00:00","CREDITO_CONTA_CORRENTE","CONTA_BANCARIA","1","","","","603","","Transf ref IR Vale Comercial Ltda (NF 17560)","ENTRADA","6.48","1407","157537.61","-321921.56","96419.89","","2078293.76","0","1388466.06","1574348.41","3388106.52","410923.62","312487.67","842225.48","","","0","0","",""
"2026","1210","","1210","","","","","1","Tesouro","","","","110","GERAL","0","","","1","1","Banco do Brasil S.A.","2763","4","0000030006","3","BCO BRASIL - CONTA MOVIMENTO","16/03/2026 00:00:00","DEBITO_CONTA_CORRENTE","CONTA_BANCARIA","2","","1464","18358","","","NE 2783/2026","SAIDA","68507.9","1407","157537.61","-390429.46","96419.89","","2078293.76","0","1388466.06","1574348.41","3388106.52","410923.62","312487.67","842225.48","","","0","0","AutorizacaoPagamento{exercicioContabil=2026, numero=1464, Juridicionado=01 - PREFEITURA MUNICIPAL DE VARGEM GRANDE DO SUL}",""
"2026","1210","","1210","","","","","1","Tesouro","","","","110","GERAL","0","","","1","1","Banco do Brasil S.A.","2763","4","0000030006","3","BCO BRASIL - CONTA MOVIMENTO","16/03/2026 00:00:00","CREDITO_CONTA_CORRENTE","CONTA_BANCARIA","2","","","","604","","Transferência referente IR Folha de Pagamento fevereiro/2026","ENTRADA","54441.77","1407","157537.61","-335987.69","96419.89","","2078293.76","0","1388466.06","1574348.41","3388106.52","410923.62","312487.67","842225.48","","","0","0","",""
"2026","1210","","1210","","","","","1","Tesouro","","","","510","ASSISTÊNCIA SOCIAL - GERAL","0","","","1","1","Banco do Brasil S.A.","2763","4","0000030006","3","BCO BRASIL - CONTA MOVIMENTO","16/03/2026 00:00:00","DEBITO_CONTA_CORRENTE","CONTA_BANCARIA","3","","1467","18361","","","TICKET Soluções HDFGT S/A","SAIDA","918.22","1407","157537.61","-336905.91","96419.89","","2078293.76","0","1388466.06","1574348.41","3388106.52","410923.62","312487.67","842225.48","","","0","0","AutorizacaoPagamento{exercicioContabil=2026, numero=1467, Juridicionado=01 - PREFEITURA MUNICIPAL DE VARGEM GRANDE DO SUL}",""
"2026","1210","","1210","","","","","1","Tesouro","","","","110","GERAL","0","","","1","1","Banco do Brasil S.A.","2763","4","0000030006","3","BCO BRASIL - CONTA MOVIMENTO","16/03/2026 00:00:00","DEBITO_CONTA_CORRENTE","CONTA_BANCARIA","4","","1467","18361","","","TICKET Soluções HDFGT S/A","SAIDA","38120.88","1407","157537.61","-375026.79","96419.89","","2078293.76","0","1388466.06","1574348.41","3388106.52","410923.62","312487.67","842225.48","","","0","0","AutorizacaoPagamento{exercicioContabil=2026, numero=1467, Juridicionado=01 - PREFEITURA MUNICIPAL DE VARGEM GRANDE DO SUL}",""
"2026","1210","","1210","","","","","1","Tesouro","","","","410","TRÂNSITO - SINALIZAÇÃO","0","","","1","1","Banco do Brasil S.A.","2763","4","0000030006","3","BCO BRASIL - CONTA MOVIMENTO","16/03/2026 00:00:00","DEBITO_CONTA_CORRENTE","CONTA_BANCARIA","5","","1467","18361","","","TICKET Soluções HDFGT S/A","SAIDA","4015.09","1407","157537.61","-379041.88","96419.89","","2078293.76","0","1388466.06","1574348.41","3388106.52","410923.62","312487.67","842225.48","","","0","0","AutorizacaoPagamento{exercicioContabil=2026, numero=1467, Juridicionado=01 - PREFEITURA MUNICIPAL DE VARGEM GRANDE DO SUL}",""
"2026","1210","","1210","","","","","1","Tesouro","","","","110","GERAL","0","","","1","1","Banco do Brasil S.A.","2763","4","0000030006","3","BCO BRASIL - CONTA MOVIMENTO","16/03/2026 00:00:00","DEBITO_CONTA_CORRENTE","CONTA_BANCARIA","6","","1468","18362","","","NE 2782/2026","SAIDA","129770.76","1407","157537.61","-508812.64","96419.89","","2078293.76","0","1388466.06","1574348.41","3388106.52","410923.62","312487.67","842225.48","","","0","0","AutorizacaoPagamento{exercicioContabil=2026, numero=1468, Juridicionado=01 - PREFEITURA MUNICIPAL DE VARGEM GRANDE DO SUL}",""
"2026","1210","","1210","","","","","1","Tesouro","","","","110","GERAL","0","","","1","1","Banco do Brasil S.A.","2763","4","0000030006","3","BCO BRASIL - CONTA MOVIMENTO","16/03/2026 00:00:00","DEBITO_CONTA_CORRENTE","CONTA_BANCARIA","7","","1469","18363","","","NE 2784/2026","SAIDA","107.21","1407","157537.61","-508919.85","96419.89","","2078293.76","0","1388466.06","1574348.41","3388106.52","410923.62","312487.67","842225.48","","","0","0","AutorizacaoPagamento{exercicioContabil=2026, numero=1469, Juridicionado=01 - PREFEITURA MUNICIPAL DE VARGEM GRANDE DO SUL}",""
"2026","1210","","1210","","","","","19","RECURSOS EXTRAÓRÇAMENTÁRIOS","","","","190","MOVIMENTAÇÕES EXTRAORÇAMENTÁRIAS GERAL","0","","","1","1","Banco do Brasil S.A.","2763","4","0000030006","3","BCO BRASIL - CONTA MOVIMENTO","16/03/2026 00:00:00","DEBITO_CONTA_CORRENTE","CONTA_BANCARIA","8","","1475","18371","","","DE 897/2026","SAIDA","52.8","1407","157537.61","-508972.65","96419.89","","2078293.76","0","1388466.06","1574348.41","3388106.52","410923.62","312487.67","842225.48","","","0","0","AutorizacaoPagamento{exercicioContabil=2026, numero=1475, Juridicionado=01 - PREFEITURA MUNICIPAL DE VARGEM GRANDE DO SUL}",""
"2026","1210","","1210","","","","","19","RECURSOS EXTRAÓRÇAMENTÁRIOS","","","","190","MOVIMENTAÇÕES EXTRAORÇAMENTÁRIAS GERAL","0","","","1","1","Banco do Brasil S.A.","2763","4","0000030006","3","BCO BRASIL - CONTA MOVIMENTO","16/03/2026 00:00:00","DEBITO_CONTA_CORRENTE","CONTA_BANCARIA","9","","1478","18374","","","ASSASP","SAIDA","61003.05","1407","157537.61","-569975.7","96419.89","","2078293.76","0","1388466.06","1574348.41","3388106.52","410923.62","312487.67","842225.48","","","0","0","AutorizacaoPagamento{exercicioContabil=2026, numero=1478, Juridicionado=01 - PREFEITURA MUNICIPAL DE VARGEM GRANDE DO SUL}",""
"2026","1210","","1210","","","","","19","RECURSOS EXTRAÓRÇAMENTÁRIOS","","","","190","MOVIMENTAÇÕES EXTRAORÇAMENTÁRIAS GERAL","0","","","1","1","Banco do Brasil S.A.","2763","4","0000030006","3","BCO BRASIL - CONTA MOVIMENTO","16/03/2026 00:00:00","DEBITO_CONTA_CORRENTE","CONTA_BANCARIA","10","","1479","18375","","","ASSASP","SAIDA","4805.21","1407","157537.61","-574780.91","96419.89","","2078293.76","0","1388466.06","1574348.41","3388106.52","410923.62","312487.67","842225.48","","","0","0","AutorizacaoPagamento{exercicioContabil=2026, numero=1479, Juridicionado=01 - PREFEITURA MUNICIPAL DE VARGEM GRANDE DO SUL}",""
"2026","1210","","1210","","","","","19","RECURSOS EXTRAÓRÇAMENTÁRIOS","","","","190","MOVIMENTAÇÕES EXTRAORÇAMENTÁRIAS GERAL","0","","","1","1","Banco do Brasil S.A.","2763","4","0000030006","3","BCO BRASIL - CONTA MOVIMENTO","16/03/2026 00:00:00","DEBITO_CONTA_CORRENTE","CONTA_BANCARIA","11","","1480","18376","","","Assoc da Guarda C Municipal","SAIDA","180","1407","157537.61","-574960.91","96419.89","","2078293.76","0","1388466.06","1574348.41","3388106.52","410923.62","312487.67","842225.48","","","0","0","AutorizacaoPagamento{exercicioContabil=2026, numero=1480, Juridicionado=01 - PREFEITURA MUNICIPAL DE VARGEM GRANDE DO SUL}",""
"2026","1210","","1210","","","","","19","RECURSOS EXTRAÓRÇAMENTÁRIOS","","","","190","MOVIMENTAÇÕES EXTRAORÇAMENTÁRIAS GERAL","0","","","1","1","Banco do Brasil S.A.","2763","4","0000030006","3","BCO BRASIL - CONTA MOVIMENTO","16/03/2026 00:00:00","DEBITO_CONTA_CORRENTE","CONTA_BANCARIA","12","","1481","18377","","","São Paulo Tribunal de Justiça","SAIDA","1520.27","1407","157537.61","-576481.18","96419.89","","2078293.76","0","1388466.06","1574348.41","3388106.52","410923.62","312487.67","842225.48","","","0","0","AutorizacaoPagamento{exercicioContabil=2026, numero=1481, Juridicionado=01 - PREFEITURA MUNICIPAL DE VARGEM GRANDE DO SUL}",""
"2026","1210","","1210","","","","","19","RECURSOS EXTRAÓRÇAMENTÁRIOS","","","","190","MOVIMENTAÇÕES EXTRAORÇAMENTÁRIAS GERAL","0","","","1","1","Banco do Brasil S.A.","2763","4","0000030006","3","BCO BRASIL - CONTA MOVIMENTO","16/03/2026 00:00:00","DEBITO_CONTA_CORRENTE","CONTA_BANCARIA","13","","1482","18378","","","Banco do Brasil","SAIDA","2036.37","1407","157537.61","-578517.55","96419.89","","2078293.76","0","1388466.06","1574348.41","3388106.52","410923.62","312487.67","842225.48","","","0","0","AutorizacaoPagamento{exercicioContabil=2026, numero=1482, Juridicionado=01 - PREFEITURA MUNICIPAL DE VARGEM GRANDE DO SUL}",""
"2026","1210","","1210","","","","","19","RECURSOS EXTRAÓRÇAMENTÁRIOS","","","","190","MOVIMENTAÇÕES EXTRAORÇAMENTÁRIAS GERAL","0","","","1","1","Banco do Brasil S.A.","2763","4","0000030006","3","BCO BRASIL - CONTA MOVIMENTO","16/03/2026 00:00:00","DEBITO_CONTA_CORRENTE","CONTA_BANCARIA","14","","1483","18379","","","Banco Santander SA","SAIDA","12142.87","1407","157537.61","-590660.42","96419.89","","2078293.76","0","1388466.06","1574348.41","3388106.52","410923.62","312487.67","842225.48","","","0","0","AutorizacaoPagamento{exercicioContabil=2026, numero=1483, Juridicionado=01 - PREFEITURA MUNICIPAL DE VARGEM GRANDE DO SUL}",""
"2026","1210","","1210","","","","","19","RECURSOS EXTRAÓRÇAMENTÁRIOS","","","","190","MOVIMENTAÇÕES EXTRAORÇAMENTÁRIAS GERAL","0","","","1","1","Banco do Brasil S.A.","2763","4","0000030006","3","BCO BRASIL - CONTA MOVIMENTO","16/03/2026 00:00:00","DEBITO_CONTA_CORRENTE","CONTA_BANCARIA","15","","1485","18381","","","Fupreben","SAIDA","148127.35","1407","157537.61","-738787.77","96419.89","","2078293.76","0","1388466.06","1574348.41","3388106.52","410923.62","312487.67","842225.48","","","0","0","AutorizacaoPagamento{exercicioContabil=2026, numero=1485, Juridicionado=01 - PREFEITURA MUNICIPAL DE VARGEM GRANDE DO SUL}",""
"2026","1210","","1210","","","","","19","RECURSOS EXTRAÓRÇAMENTÁRIOS","","","","190","MOVIMENTAÇÕES EXTRAORÇAMENTÁRIAS GERAL","0","","","1","1","Banco do Brasil S.A.","2763","4","0000030006","3","BCO BRASIL - CONTA MOVIMENTO","16/03/2026 00:00:00","DEBITO_CONTA_CORRENTE","CONTA_BANCARIA","16","","1486","18382","","","Pensões Alimentícias","SAIDA","6967.33","1407","157537.61","-745755.1","96419.89","","2078293.76","0","1388466.06","1574348.41","3388106.52","410923.62","312487.67","842225.48","","","0","0","AutorizacaoPagamento{exercicioContabil=2026, numero=1486, Juridicionado=01 - PREFEITURA MUNICIPAL DE VARGEM GRANDE DO SUL}",""
"2026","1210","","1210","","","","","19","RECURSOS EXTRAÓRÇAMENTÁRIOS","","","","190","MOVIMENTAÇÕES EXTRAORÇAMENTÁRIAS GERAL","0","","","1","1","Banco do Brasil S.A.","2763","4","0000030006","3","BCO BRASIL - CONTA MOVIMENTO","16/03/2026 00:00:00","DEBITO_CONTA_CORRENTE","CONTA_BANCARIA","17","","1488","18384","","","Sindicato dos Servidores P Municipais","SAIDA","70465.36","1407","157537.61","-816220.46","96419.89","","2078293.76","0","1388466.06","1574348.41","3388106.52","410923.62","312487.67","842225.48","","","0","0","AutorizacaoPagamento{exercicioContabil=2026, numero=1488, Juridicionado=01 - PREFEITURA MUNICIPAL DE VARGEM GRANDE DO SUL}",""
"2026","1210","","1210","","","","","19","RECURSOS EXTRAÓRÇAMENTÁRIOS","","","","190","MOVIMENTAÇÕES EXTRAORÇAMENTÁRIAS GERAL","0","","","1","1","Banco do Brasil S.A.","2763","4","0000030006","3","BCO BRASIL - CONTA MOVIMENTO","16/03/2026 00:00:00","DEBITO_CONTA_CORRENTE","CONTA_BANCARIA","18","","1490","18386","","","Banco Bradesco SA","SAIDA","5505.99","1407","157537.61","-821726.45","96419.89","","2078293.76","0","1388466.06","1574348.41","3388106.52","410923.62","312487.67","842225.48","","","0","0","AutorizacaoPagamento{exercicioContabil=2026, numero=1490, Juridicionado=01 - PREFEITURA MUNICIPAL DE VARGEM GRANDE DO SUL}",""
"2026","1210","","1210","","","","","19","RECURSOS EXTRAÓRÇAMENTÁRIOS","","","","190","MOVIMENTAÇÕES EXTRAORÇAMENTÁRIAS GERAL","0","","","1","1","Banco do Brasil S.A.","2763","4","0000030006","3","BCO BRASIL - CONTA MOVIMENTO","16/03/2026 00:00:00","DEBITO_CONTA_CORRENTE","CONTA_BANCARIA","19","","1492","18388","","","Banco Sicredi","SAIDA","38073.5","1407","157537.61","-859799.95","96419.89","","2078293.76","0","1388466.06","1574348.41","3388106.52","410923.62","312487.67","842225.48","","","0","0","AutorizacaoPagamento{exercicioContabil=2026, numero=1492, Juridicionado=01 - PREFEITURA MUNICIPAL DE VARGEM GRANDE DO SUL}",""
"2026","1210","","1210","","","","","19","RECURSOS EXTRAÓRÇAMENTÁRIOS","","","","190","MOVIMENTAÇÕES EXTRAORÇAMENTÁRIAS GERAL","0","","","1","1","Banco do Brasil S.A.","2763","4","0000030006","3","BCO BRASIL - CONTA MOVIMENTO","16/03/2026 00:00:00","DEBITO_CONTA_CORRENTE","CONTA_BANCARIA","20","","1494","18390","","","I.N.S.S","SAIDA","15862.19","1407","157537.61","-875662.14","96419.89","","2078293.76","0","1388466.06","1574348.41","3388106.52","410923.62","312487.67","842225.48","","","0","0","AutorizacaoPagamento{exercicioContabil=2026, numero=1494, Juridicionado=01 - PREFEITURA MUNICIPAL DE VARGEM GRANDE DO SUL}",""
"2026","1210","","1210","","","","","19","RECURSOS EXTRAÓRÇAMENTÁRIOS","","","","190","MOVIMENTAÇÕES EXTRAORÇAMENTÁRIAS GERAL","0","","","1","1","Banco do Brasil S.A.","2763","4","0000030006","3","BCO BRASIL - CONTA MOVIMENTO","16/03/2026 00:00:00","DEBITO_CONTA_CORRENTE","CONTA_BANCARIA","21","","1495","18391","","","ASSASP","SAIDA","200","1407","157537.61","-875862.14","96419.89","","2078293.76","0","1388466.06","1574348.41","3388106.52","410923.62","312487.67","842225.48","","","0","0","AutorizacaoPagamento{exercicioContabil=2026, numero=1495, Juridicionado=01 - PREFEITURA MUNICIPAL DE VARGEM GRANDE DO SUL}",""
"2026","1210","","1210","","","","","1","Tesouro","","","","410","TRÂNSITO - SINALIZAÇÃO","0","","","1","1","Banco do Brasil S.A.","2763","4","0000030006","3","BCO BRASIL - CONTA MOVIMENTO","16/03/2026 00:00:00","DEBITO_CONTA_CORRENTE","CONTA_BANCARIA","22","","1531","18429","","","NE 3797 a 3806","SAIDA","410.8","1407","157537.61","-876272.94","96419.89","","2078293.76","0","1388466.06","1574348.41","3388106.52","410923.62","312487.67","842225.48","","","0","0","AutorizacaoPagamento{exercicioContabil=2026, numero=1531, Juridicionado=01 - PREFEITURA MUNICIPAL DE VARGEM GRANDE DO SUL}",""
"2026","1210","","1210","","","","","1","Tesouro","","","","110","GERAL","0","","","1","1","Banco do Brasil S.A.","2763","4","0000030006","3","BCO BRASIL - CONTA MOVIMENTO","16/03/2026 00:00:00","DEBITO_CONTA_CORRENTE","CONTA_BANCARIA","23","","1531","18429","","","NE 3797 a 3806","SAIDA","1175.74","1407","157537.61","-877448.68","96419.89","","2078293.76","0","1388466.06","1574348.41","3388106.52","410923.62","312487.67","842225.48","","","0","0","AutorizacaoPagamento{exercicioContabil=2026, numero=1531, Juridicionado=01 - PREFEITURA MUNICIPAL DE VARGEM GRANDE DO SUL}",""
"2026","1210","","1210","","","","","1","Tesouro","","","","510","ASSISTÊNCIA SOCIAL - GERAL","0","","","1","1","Banco do Brasil S.A.","2763","4","0000030006","3","BCO BRASIL - CONTA MOVIMENTO","16/03/2026 00:00:00","DEBITO_CONTA_CORRENTE","CONTA_BANCARIA","24","","1531","18429","","","NE 3797 a 3806","SAIDA","149.28","1407","157537.61","-877597.96","96419.89","","2078293.76","0","1388466.06","1574348.41","3388106.52","410923.62","312487.67","842225.48","","","0","0","AutorizacaoPagamento{exercicioContabil=2026, numero=1531, Juridicionado=01 - PREFEITURA MUNICIPAL DE VARGEM GRANDE DO SUL}",""
"2026","1210","","1210","","","","","1","Tesouro","","","","110","GERAL","0","","","1","1","Banco do Brasil S.A.","2763","4","0000030006","3","BCO BRASIL - CONTA MOVIMENTO","16/03/2026 00:00:00","DEBITO_CONTA_CORRENTE","CONTA_BANCARIA","25","","","","605","","Transferência entre contas","SAIDA","500000","1407","157537.61","-1377597.96","96419.89","","2078293.76","0","1388466.06","1574348.41","3388106.52","410923.62","312487.67","842225.48","","","0","0","",""
"2026","1210","","1210","","","","","1","Tesouro","","","","110","GERAL","0","","","1","1","Banco do Brasil S.A.","2763","4","0000030006","3","BCO BRASIL - CONTA MOVIMENTO","17/03/2026 00:00:00","CREDITO_CONTA_CORRENTE","CONTA_BANCARIA","1","","","","606","","Transferência referente IR Folha de Pagamento Janeiro/2026","ENTRADA","281.54","1407","157537.61","-1377316.42","96419.89","","2078293.76","0","1388466.06","1574348.41","3388106.52","410923.62","312487.67","842225.48","","","0","0","",""
